local	hash	isohash	family	result	track	clauses	variables	bytes	cls1	cls2	cls3	cls4	cls5	cls6	cls7	cls8	cls9	cls10p	horn	invhorn	positive	negative
/nfs/share/instances/gbd/cnf/00063d88244921d6ec46aeab6866a8e2-6s16.cnf.xz	00063d88244921d6ec46aeab6866a8e2	d642ae7fc5e1fd972d4b130407ea4519	miter	unsat	anni_2022	91888	31486	1503071	1	61258	30629	0	0	0	0	0	0	0	68623	47944	13315	36581
/nfs/share/instances/gbd/cnf/00072cf107ae1349c8c59a15c5ce4af1-unif-c1275-v300-s428434218.cnf.xz	00072cf107ae1349c8c59a15c5ce4af1	1ef05341ba4017bd107a9b2aa6bb2841	uniform-random	unknown	random_2002	1275	300	18322	0	0	1275	0	0	0	0	0	0	0	624	651	176	156
/nfs/share/instances/gbd/cnf/00076733bdbce94d7e44eca84f1425f0-vlsat2_16297_1562268.dimacs.cnf.xz	00076733bdbce94d7e44eca84f1425f0	a10da8b861b1e1a1a17af27060e94f6e	petrinet-concurrency	unsat	None	1562268	16297	22875440	1	1561890	1	1	1	1	1	1	1	370	1561890	379	379	1561889
/nfs/share/instances/gbd/cnf/000781b7a545fe723159e53127aff659-42-121369.cnf.xz	000781b7a545fe723159e53127aff659	8bf4adb12d796e486a0915ecd7dce20f	station-repacking	unknown	None	653485	28135	10044450	3	652176	1	1	4	2	0	9	4	1285	652179	1309	1309	652176
/nfs/share/instances/gbd/cnf/000a41cdca43be89ed62ea3abf2d0b64-snw_13_9_pre.cnf.xz	000a41cdca43be89ed62ea3abf2d0b64	bb3b6ceaeee2d5e9fd8e1066389a8a94	sorting-networks	sat	anni_2022	830517	24517	16343754	0	101968	544762	183690	0	0	6	0	0	91	680173	110547	4244	58680
/nfs/share/instances/gbd/cnf/000e4e0db67e27083649c20a2a3f761b-unif-k5-r16.0-v250000-c4000000-S2840568844400290198.cnf.xz	000e4e0db67e27083649c20a2a3f761b	0e00b2eed7d862a9322e74aff1d2eb36	uniform-random	sat	random_2017	4000000	250000	149104452	0	0	0	0	4000000	0	0	0	0	0	749155	750175	125491	124936
/nfs/share/instances/gbd/cnf/00107d84f57e2371476a7b2cabe0b351-sudoku-N30-18.cnf.xz	00107d84f57e2371476a7b2cabe0b351	74869413385b1be800a65bb6252cd90d	sudoku	unsat	submissions_2022	2262659	841990	45772665	657	1531740	521614	101500	774	17280	0	0	89064	30	2031366	882190	106057	804300
/nfs/share/instances/gbd/cnf/001304ba2e4e8adbd179aa3d8acb697b-x9-03065.sat.sanitized.cnf.xz	001304ba2e4e8adbd179aa3d8acb697b	1d8c6a1369f306c697207991a8fd752a	hamiltonian	unknown	submissions_2024	1347	150	15136	0	1227	0	27	66	27	0	0	0	0	1227	120	120	1227
/nfs/share/instances/gbd/cnf/001344c9b3cb1626af1c7c35155cf26a-bench_13439.smt2.cnf.xz	001344c9b3cb1626af1c7c35155cf26a	72b1b54fb940ce8eb1855bbcd8d4a750	agile	unsat	agile_2017	4751686	1313245	108797045	1572	1204899	3468194	76938	1	0	3	55	0	24	2099472	3332928	706329	703153
/nfs/share/instances/gbd/cnf/0020aa0c69379226948904ad455b6c09-unif-k7-r89-v45-c4005-S179716588-02.UNSAT.shuffled.cnf.xz	0020aa0c69379226948904ad455b6c09	7a6379702cd1a466bc7855c1fd39c502	uniform-random	unsat	random_2007	4005	45	99357	0	0	0	0	0	0	4005	0	0	0	231	265	38	36
/nfs/share/instances/gbd/cnf/00213e27dabcf679205144f3dde5d37e-unif-p12-k5-r21.117-v250-c5279-S8618839184587418381.cnf.xz	00213e27dabcf679205144f3dde5d37e	0afa13deb8144c4a2a366fc314fed25a	uniform-random	sat	random_2018	5279	250	117580	0	0	0	0	5279	0	0	0	0	0	1007	1018	171	174
/nfs/share/instances/gbd/cnf/0022f125b13bd7ccc91e793431c67a52-Kakuro-easy-048-ext.xml.hg_4.cnf.xz	0022f125b13bd7ccc91e793431c67a52	f29b0ffa0d1e3681bd2df2ad53f73afa	hypertree-decomposition	sat	None	2786994	41874	64056109	84	60438	1164744	1561728	0	0	0	0	0	0	1918728	341670	3738	11760
/nfs/share/instances/gbd/cnf/0025a06f00f6e467f7cf4ef9e649b2a7-bench_15721.smt2.cnf.xz	0025a06f00f6e467f7cf4ef9e649b2a7	d702bb664671ea32cfe33b04ed2acf99	agile	unknown	agile_2017	297058	84922	5481082	389	113715	170502	12452	0	0	0	0	0	0	170810	167913	98498	24262
/nfs/share/instances/gbd/cnf/00260e67c792062bc3e10e6b94522101-46-137775.cnf.xz	00260e67c792062bc3e10e6b94522101	b43d7a0abfd9b9ecc7c8cdf07df14242	station-repacking	unknown	None	889030	32971	13747752	3	887493	1	1	5	2	0	9	5	1511	887496	1537	1537	887493
/nfs/share/instances/gbd/cnf/0026aaf8bbf2df73cb5db34a7b7a7a04-42-132768.cnf.xz	0026aaf8bbf2df73cb5db34a7b7a7a04	d7f6183466dc80f719aed63fec0707bc	station-repacking	unknown	None	809889	31450	12500681	3	808422	1	1	4	2	0	9	4	1443	808425	1467	1467	808422
/nfs/share/instances/gbd/cnf/00274d0721d26f867b2573377712cac9-27.smt2.cnf.xz	00274d0721d26f867b2573377712cac9	a98b53d0f8f0e2f592db32ad49a13198	bitvector	sat	None	284554	89850	5017384	47	147954	136553	0	0	0	0	0	0	0	204797	142502	40947	89461
/nfs/share/instances/gbd/cnf/00275f3018d50ba38867268739dfc44f-x9-04058.sat.sanitized.cnf.xz	00275f3018d50ba38867268739dfc44f	fb9c4b5fc1c151737b9bf2544bafbc56	hamiltonian	unknown	submissions_2024	1795	200	20873	0	1635	0	35	90	35	0	0	0	0	1635	160	160	1635
/nfs/share/instances/gbd/cnf/002a0330958a14deb23dcc84b5489e8a-traffic_f_unknown.cnf.xz	002a0330958a14deb23dcc84b5489e8a	227779ac538cd3a2c78c6ff3d8cad235	scheduling	unsat	anni_2022	763101	33320	19183036	0	52598	92683	617820	0	0	0	0	0	0	93867	93869	5067	5076
/nfs/share/instances/gbd/cnf/002bed2572e6e326815e674f288de8b4-fdmus_b21_341.cnf.xz	002bed2572e6e326815e674f288de8b4	7a0032b8aad3b21cda036a79caa5f6eb	fdmus	unsat	None	7704	2823	106592	6	5334	2364	0	0	0	0	0	0	0	5955	4611	733	2477
/nfs/share/instances/gbd/cnf/003154fc91d34d29ec5cf93b0bc32143-54-78879.cnf.xz	003154fc91d34d29ec5cf93b0bc32143	3918389491f1e0424a221e5a508d30ff	station-repacking	unknown	None	320248	18477	4839266	3	319392	1	1	2	1	0	7	1	840	319395	856	856	319392
/nfs/share/instances/gbd/cnf/00316e383123773ae35d3210f5396205-x9-11064.sat.sanitized.cnf.xz	00316e383123773ae35d3210f5396205	9368b98845a0f9d0557d536ab072e400	hamiltonian	unknown	submissions_2024	4940	550	61464	0	4500	0	100	240	100	0	0	0	0	4500	440	440	4500
/nfs/share/instances/gbd/cnf/0033baadbd48d3f880e9b5a733bd4950-rope_0030.shuffled.cnf.xz	0033baadbd48d3f880e9b5a733bd4950	767c3e4149c9da1265bdfdb3e1526766	coloring	unsat	anni_2022	2520	1080	29236	0	2160	360	0	0	0	0	0	0	0	1810	1772	562	628
/nfs/share/instances/gbd/cnf/0035666407d4ccb5082630045d60a5fe-unif-k5-r21.117-v300-c6335-S7321118839272301463.cnf.xz	0035666407d4ccb5082630045d60a5fe	dbcbcc0d7ada0bf52960d506ac2fdfc7	uniform-random	unknown	random_2012	6335	300	143385	0	0	0	0	6335	0	0	0	0	0	1173	1231	221	195
/nfs/share/instances/gbd/cnf/0038cea06eae4c3234b7bb65d9a8497c-unif-k7-r89-v65-c5785-S709270457-007.cnf.xz	0038cea06eae4c3234b7bb65d9a8497c	9ad8991134b4b8fce5115a69f27fb3e6	uniform-random	sat	random_2009	5785	65	146422	0	0	0	0	0	0	5785	0	0	0	381	384	38	40
/nfs/share/instances/gbd/cnf/003a77d2aa15a5f93aa2cfe79b986c9e-fclqcolor-20-15-15.shuffled-as.sat05-1270.cnf.xz	003a77d2aa15a5f93aa2cfe79b986c9e	52b4b2deffe6f3a04cde483bc0665f3a	coloring	sat	anni_2022	49835	790	718484	0	7050	42750	0	0	0	0	0	0	35	24809	28599	7950	5980
/nfs/share/instances/gbd/cnf/003de2086be59a5fb7a7aaad0992cf47-x9-07025.sat.sanitized.cnf.xz	003de2086be59a5fb7a7aaad0992cf47	b4980faa72567edd1a8724e53088db1d	hamiltonian	unknown	submissions_2024	3146	350	38238	0	2866	0	66	148	66	0	0	0	0	2866	280	280	2866
/nfs/share/instances/gbd/cnf/003deabca05a76f3ee449221a80d8b62-42-127629.cnf.xz	003deabca05a76f3ee449221a80d8b62	b3577d5a29c8de66ba0ef905fbaf8d01	station-repacking	unknown	None	746852	30142	11511107	3	745448	1	1	4	2	0	9	4	1380	745451	1404	1404	745448
/nfs/share/instances/gbd/cnf/0041051c73dcdd885d412a38e8b09fba-rphp4_065_shuffled.cnf.xz	0041051c73dcdd885d412a38e8b09fba	1731a457fce065a6a758b224839f45ee	relativized-pigeon-hole	unsat	anni_2022	6959	520	128602	0	650	0	6305	0	0	0	0	0	4	2235	2499	514	425
/nfs/share/instances/gbd/cnf/0041f01bcd7d0d1f9541cea6da79ad57-SGI_30_60_24_40_2-dir.shuffled-as.sat03-118.cnf.xz	0041f01bcd7d0d1f9541cea6da79ad57	dbc0536d387cedf9d93e2cba738a15d5	subgraph-isomorphism	unsat	anni_2022	58758	720	628649	0	58734	0	0	0	0	0	0	0	24	42651	45366	16083	13368
/nfs/share/instances/gbd/cnf/0042a627dfba7daa62d6ce175540c8a2-unif-k3-r4.267-v12200-c52057-S523604335245593178.cnf.xz	0042a627dfba7daa62d6ce175540c8a2	00e84d0fce166b24a60e3ea4f0c39069	uniform-random	sat	random_2013	52057	12200	977220	0	0	52057	0	0	0	0	0	0	0	26040	26017	6415	6474
/nfs/share/instances/gbd/cnf/0043cfdde474fa37dfeb5ce5952d22f6-unif-c2520-v600-s1111033636.cnf.xz	0043cfdde474fa37dfeb5ce5952d22f6	e572d26645b1d19679631b2bd1f73955	uniform-random	unknown	random_2002	2520	600	37574	0	0	2520	0	0	0	0	0	0	0	1229	1291	322	277
/nfs/share/instances/gbd/cnf/0049919cdf9556bfda5bb365af72414c-57-124044.cnf.xz	0049919cdf9556bfda5bb365af72414c	8bae8be4a4a1f4f09aaa6ddcf82a8c96	station-repacking	unknown	None	759017	30582	11708401	3	757588	2	1	5	3	0	9	3	1403	757591	1429	1429	757588
/nfs/share/instances/gbd/cnf/004b0f451f7d96f6a572e9e76360f51a-spg_420_280.cnf.xz	004b0f451f7d96f6a572e9e76360f51a	8614f82909dc0eaab513724a4ecf9835	cellular-automata	unsat	anni_2022	3463100	674643	93154305	0	602493	1466473	829493	549907	14734	0	0	0	0	1646404	1342905	237160	528240
/nfs/share/instances/gbd/cnf/005093e294b0ed0f7b23f341ff68968b-55-115476.cnf.xz	005093e294b0ed0f7b23f341ff68968b	b21f609b4df1cc4005ff03168b39dddd	station-repacking	unknown	None	610850	27075	9370661	3	609591	1	1	4	2	0	9	5	1234	609594	1259	1259	609591
/nfs/share/instances/gbd/cnf/00547b9476397463c8220560aeeea086-bench_3250.smt2.cnf.xz	00547b9476397463c8220560aeeea086	7048a928cf30d19ea90bf3d1226af0b1	agile	sat	agile_2017	237920	66184	4569860	27	66447	166371	5069	0	0	0	4	0	2	115955	156700	45445	29596
/nfs/share/instances/gbd/cnf/005522cf558f9b77ed345a289384e191-unif-k3-r4.25-v420-c1785-S1394036608-091.cnf.xz	005522cf558f9b77ed345a289384e191	0b4af51b741fbb14bd00344a0cf306d5	uniform-random	unknown	random_2009	1785	420	26281	0	0	1785	0	0	0	0	0	0	0	880	905	249	213
/nfs/share/instances/gbd/cnf/00597fb425e994af7a9d224ef4d09fc4-41-118813.cnf.xz	00597fb425e994af7a9d224ef4d09fc4	3e16c3107f0876b1db6dc13f179964a2	station-repacking	unknown	None	679195	28641	10451926	3	677864	1	1	4	2	0	8	4	1308	677867	1331	1331	677864
/nfs/share/instances/gbd/cnf/0059d4b1cf79efbc6e6ed50caee0448e-4col220_9_1.shuffled.cnf.xz	0059d4b1cf79efbc6e6ed50caee0448e	5865199aa84abc74c6a4626dae53555a	coloring	sat	anni_2022	3966	440	75241	6	0	0	3960	0	0	0	0	0	0	1208	1208	228	226
/nfs/share/instances/gbd/cnf/005ccb378ced61c02105ed7ee0a62038-mm-2x2-5-0-s.1.shuffled-as.sat03-1496.cnf.xz	005ccb378ced61c02105ed7ee0a62038	9cc1026828eb0c34c158572ced7530ad	matrix-multiplication	unsat	anni_2022	32000	60	880640	0	0	0	0	1944	0	22680	0	2160	5216	1383	2290	403	219
/nfs/share/instances/gbd/cnf/005d76c0f37b33d8b752f7ebdd157a99-x9-05041.sat.sanitized.cnf.xz	005d76c0f37b33d8b752f7ebdd157a99	0075735c23a69c9898351ac443af5d3c	hamiltonian	unknown	submissions_2024	2253	250	26806	0	2053	0	53	94	53	0	0	0	0	2053	200	200	2053
/nfs/share/instances/gbd/cnf/00613b57720df18bec8d8dc68dc57a7b-51-135677.cnf.xz	00613b57720df18bec8d8dc68dc57a7b	bf482e8e134f686cb8d57bb4f1aa6799	station-repacking	unknown	None	756640	30429	11668943	3	755221	2	1	4	2	0	10	5	1392	755224	1419	1419	755221
/nfs/share/instances/gbd/cnf/006282ac3d0013b911249d14c326f53d-bench_5908.smt2.cnf.xz	006282ac3d0013b911249d14c326f53d	bd40bcc4daef04707a96e44a4eb0f14a	agile	unsat	agile_2016	16973	4913	263329	30	6865	9391	677	0	0	1	9	0	0	8700	11293	4615	1839
/nfs/share/instances/gbd/cnf/0062dc10471119b9e13da682216b190f-ex179_11.cnf.xz	0062dc10471119b9e13da682216b190f	7e2613987e25c3050afcd89a56b4afc4	tree-decomposition	sat	anni_2022	1735561	127037	36143236	1541	170913	834197	728910	0	0	0	0	0	0	641999	491864	246	46537
/nfs/share/instances/gbd/cnf/0064aa2e16c9d4b18d32a45d3073fce9-desmul.miter.used-as.sat04-330.cnf.xz	0064aa2e16c9d4b18d32a45d3073fce9	1e7e0203228fbd91f74db79d140099fc	miter	unsat	anni_2022	179895	28902	3949720	0	41362	84684	0	53848	0	0	0	0	1	48197	105262	46244	14440
/nfs/share/instances/gbd/cnf/0067d012901f358831afb6d6e5f83767-bench_13811.smt2.cnf.xz	0067d012901f358831afb6d6e5f83767	fbcb811266df25610bba15eddade86fd	agile	sat	agile_2017	1109409	318003	23051079	4748	378833	689156	35764	0	6	23	267	470	142	651300	646869	299664	83353
/nfs/share/instances/gbd/cnf/006be0fb3ae0a75aac0e386c2e6c4669-bench_501.smt2.cnf.xz	006be0fb3ae0a75aac0e386c2e6c4669	71e6e1d39c27648e0bbb09f85e7c3123	agile	sat	agile_2016	179968	50593	3389065	387	51921	123619	3977	0	5	1	50	0	8	89002	117367	36580	22200
/nfs/share/instances/gbd/cnf/006c57c6c09a6e4a4402f1dd264cab15-49-114312.cnf.xz	006c57c6c09a6e4a4402f1dd264cab15	c6d26e830f3069a857bcf1d65abe592e	station-repacking	unknown	None	615298	27251	9443678	3	614033	1	1	4	2	0	9	3	1242	614036	1265	1265	614033
/nfs/share/instances/gbd/cnf/006cc1f4e081e7fd96a50a2171792f21-54-87110.cnf.xz	006cc1f4e081e7fd96a50a2171792f21	dfd70d15b08fede08d51912e1b1341f5	station-repacking	unknown	None	349879	19672	5305900	3	348967	1	1	3	2	0	7	1	894	348970	912	912	348967
/nfs/share/instances/gbd/cnf/006da0e3f4ad5b1ecd3651e66dbea36d-52-89991.cnf.xz	006da0e3f4ad5b1ecd3651e66dbea36d	fb3d274bc265898c6be7acd3a26c97da	station-repacking	unknown	None	382609	20698	5812542	3	381654	1	0	3	2	0	6	0	940	381657	955	955	381654
/nfs/share/instances/gbd/cnf/006dcf7e3d0fa7c39b0f542ad0ec949e-UNSAT_P_sat_snake_p05.pddl_30.cnf.xz	006dcf7e3d0fa7c39b0f542ad0ec949e	1c04625e0d407e5572a1e49dfcf5bce8	planning	unsat	planning_2020	239054681	449048	4227570344	428	239029886	0	0	0	0	0	59	0	24308	239030314	6106692	196	232948398
/nfs/share/instances/gbd/cnf/006e293dfc476b21c246b963c6eb16b7-bench_2778.smt2.cnf.xz	006e293dfc476b21c246b963c6eb16b7	e783c7abe50390825c521d9adb1ad0f8	agile	sat	agile_2016	112560	32084	2054846	490	36575	72129	3291	0	2	67	2	0	4	62409	68038	28168	10315
/nfs/share/instances/gbd/cnf/0071b624d91ebe408b0585f8c4e34fd9-ctl_4291_567_7_unsat.cnf.xz	0071b624d91ebe408b0585f8c4e34fd9	ab1e93b4ab8be51c40a14b9543dd5c61	scheduling	unsat	anni_2022	154654	17850	3198392	0	32032	38441	84181	0	0	0	0	0	0	47601	47597	3648	3659
/nfs/share/instances/gbd/cnf/0072b0ce5c4ab8386763d10ef88f636e-49-118813.cnf.xz	0072b0ce5c4ab8386763d10ef88f636e	87e7af8fda89223e204d0171229619c4	station-repacking	unknown	None	648616	28081	9967425	3	647312	1	1	4	2	0	9	3	1281	647315	1304	1304	647312
/nfs/share/instances/gbd/cnf/0072b38614d34eb3c6ffc36aef13ee3a-60-116374.cnf.xz	0072b38614d34eb3c6ffc36aef13ee3a	0130801e6dc199e8b5fcfb813f6f7729	station-repacking	unknown	None	581068	26375	8913484	3	579843	1	1	3	2	0	8	3	1204	579846	1225	1225	579843
/nfs/share/instances/gbd/cnf/00784e1e1a9ae772aae7f33c1fa5fbe2-unif-k7-r85-v200-c17000-S266028630-005.cnf.xz	00784e1e1a9ae772aae7f33c1fa5fbe2	8152eb558f074c8088470f35bce4ed97	uniform-random	unknown	random_2009	17000	200	503336	0	0	0	0	0	0	17000	0	0	0	1033	1093	127	131
/nfs/share/instances/gbd/cnf/00847fca81490df01b9e239fd6027378-bench_1614.smt2.cnf.xz	00847fca81490df01b9e239fd6027378	570b13596b34c42f4f21c8830bf2a6c9	agile	sat	agile_2016	87531	25148	1577452	539	27713	56955	2266	0	2	50	4	0	2	46819	54701	20392	9172
/nfs/share/instances/gbd/cnf/0085c7242003811caf4b7eff64022e55-50-121857.cnf.xz	0085c7242003811caf4b7eff64022e55	1a7e89ef52d5a8988ea77b02ed7f30ef	station-repacking	unknown	None	738915	30116	11391945	3	737512	1	1	4	3	0	8	4	1379	737515	1403	1403	737512
/nfs/share/instances/gbd/cnf/008d1f79eec2b7712637e48aec7a63cd-53-105501.cnf.xz	008d1f79eec2b7712637e48aec7a63cd	1cf53ddb8e63e40181920c3b7980d77d	station-repacking	unknown	None	536507	25337	8217692	3	535337	1	1	3	2	0	8	2	1150	535340	1170	1170	535337
/nfs/share/instances/gbd/cnf/008d78352c3d630340e6a3ef0d7242d7-54-132166.cnf.xz	008d78352c3d630340e6a3ef0d7242d7	0ad5dd947099af3c0783274dd270672d	station-repacking	unknown	None	819124	31511	12644081	3	817657	1	1	3	2	0	9	4	1444	817660	1467	1467	817657
/nfs/share/instances/gbd/cnf/008e7716c69009090ff6bd0048dc55f8-SAT_dat.k10.cnf.xz	008e7716c69009090ff6bd0048dc55f8	be2f6ade7fb483507373d03afa16dca9	hardware-verification	unsat	anni_2022	207720	46169	4061570	148	84712	114816	155	294	11	1546	4486	0	1552	139105	127761	26186	20234
/nfs/share/instances/gbd/cnf/008fa3f37db9759dee825665e78e2e80-57-101750.cnf.xz	008fa3f37db9759dee825665e78e2e80	f88f8e340f859815fa59e35258b23019	station-repacking	unknown	None	471724	23581	7205637	3	470631	1	1	4	2	0	7	2	1073	470634	1093	1093	470631
/nfs/share/instances/gbd/cnf/0091ac9434f528a4007d82d2443d2dc9-ER_500_10_2.apx_2_DS-ST.cnf.xz	0091ac9434f528a4007d82d2443d2dc9	2596746a3a5a1a98e989221c8a2bf134	argumentation	unknown	submissions_2023	38698	1002	471615	1	38196	0	0	0	0	0	0	0	501	37696	25799	501	12900
/nfs/share/instances/gbd/cnf/0092f19206d4641caaa3a638914bee3f-51-106342.cnf.xz	0092f19206d4641caaa3a638914bee3f	a0d603e1998e9f10f0f64eb03cfe002b	station-repacking	unknown	None	517852	24875	7925826	3	516700	1	1	4	2	0	8	2	1131	516703	1152	1152	516700
/nfs/share/instances/gbd/cnf/0094d44002500c187e3c2d07a13bee7c-unif-k3-r4.25-v480-c2040-S926047226-039.cnf.xz	0094d44002500c187e3c2d07a13bee7c	db459329b26cef4c2cbd590442b6b877	uniform-random	unknown	random_2009	2040	480	30229	0	0	2040	0	0	0	0	0	0	0	1040	1000	254	250
/nfs/share/instances/gbd/cnf/009a4a6c23299b864508393ee726625a-bench_10899.smt2.cnf.xz	009a4a6c23299b864508393ee726625a	f2fb36d7d50cf535e66d9112f7ce8296	agile	unsat	agile_2016	16094	4665	248122	32	6615	8761	676	0	0	1	9	0	0	8342	10448	4740	1729
/nfs/share/instances/gbd/cnf/00a1604721e43896a93b5329e5b38af4-51-127798.cnf.xz	00a1604721e43896a93b5329e5b38af4	0cfbd3c5674cc518ec59cc385f71e49f	station-repacking	unknown	None	642113	27824	9864572	3	640819	1	1	4	2	0	10	4	1269	640822	1294	1294	640819
/nfs/share/instances/gbd/cnf/00a30fb1c0150fe3d6692afd2b220887-Break_triple_10_16.xml.cnf.xz	00a30fb1c0150fe3d6692afd2b220887	d3bca9554403ba14eb67668c5955d205	scheduling	sat	submissions_2022	28686	6443	409067	1	26468	1694	56	0	0	0	0	0	467	26249	11536	2420	15586
/nfs/share/instances/gbd/cnf/00a62eb89afbf27e1addf8f5c437da9b-ortholatin-7.cnf.xz	00a62eb89afbf27e1addf8f5c437da9b	0d70f59e9d0fbac87d26088a5f9a8812	unknown	sat	anni_2022	101038	6076	1497399	0	92610	245	686	0	49	7399	0	0	49	92904	17199	392	76832
/nfs/share/instances/gbd/cnf/00a981f385cd209d41e1efa1f5f29bac-ibm-2004-03-k70.cnf.xz	00a981f385cd209d41e1efa1f5f29bac	cec04e06ad991983108fe7ed0cd92fea	hardware-verification	sat	anni_2022	286405	69839	5158079	951	198973	59577	9369	5495	4414	2725	752	1154	2995	223385	215283	22034	27707
/nfs/share/instances/gbd/cnf/00ae4072f9b57d5d3cfe8919aff1b776-163.smt2.cnf.xz	00ae4072f9b57d5d3cfe8919aff1b776	fc97bd0ec4cb87b2f68aa86ced6b7939	bitvector	sat	None	4048674	1279524	83539105	121	2134278	1914275	0	0	0	0	0	0	0	2918172	2023057	591068	1298121
/nfs/share/instances/gbd/cnf/00aec3b2e38968bf8a922709e2acfccd-unif-k5-r20-v2000-c40000-S837431592-027-UNKNOWN.cnf.xz	00aec3b2e38968bf8a922709e2acfccd	46e8013cf9d4abccc77ac23ebae90828	uniform-random	unknown	random_2011	40000	2000	1068581	0	0	0	0	40000	0	0	0	0	0	7520	7570	1278	1219
/nfs/share/instances/gbd/cnf/00aefd1fc30c425075166ca051e57218-barman-pfile10-038.sas.ex.15.cnf.xz	00aefd1fc30c425075166ca051e57218	fdf55e1b02a137ed2884650e1b991092	planning	unsat	anni_2022	976656	430288	404779114	367	552383	125455	22262	8367	10922	7087	3076	2736	244001	552750	854048	367	122608
/nfs/share/instances/gbd/cnf/00b1c27aee52d6dd9e112fa55d4cc1ca-44-133937.cnf.xz	00b1c27aee52d6dd9e112fa55d4cc1ca	97955f61242534e7f83a587498330ff7	station-repacking	unknown	None	924336	33651	14297924	3	922772	1	1	5	2	0	9	2	1541	922775	1564	1564	922772
/nfs/share/instances/gbd/cnf/00b46ace235e3915a439c77a231a5657-TableSymModel_output_7_3_9.bul_.dimacs.cnf.xz	00b46ace235e3915a439c77a231a5657	ec7ff6e2dc7b5cbfac5fa6bbfbe4121c	social-golfer	sat	main_2023	70140	7182	1074390	21	55188	13230	1323	0	0	0	0	0	378	68439	5691	399	51219
/nfs/share/instances/gbd/cnf/00b9b467c26540853360491401da61a5-minand064.cnf.xz	00b9b467c26540853360491401da61a5	187460f08c94149081ab81130be5c5ce	bitvector	unsat	anni_2022	42956	14703	653012	2	28636	14318	0	0	0	0	0	0	0	29085	19566	9074	22943
/nfs/share/instances/gbd/cnf/00bb0b4ef28ed38c49de4c54b9fabc4d-25_2.cnf.xz	00bb0b4ef28ed38c49de4c54b9fabc4d	f5a9ab84b535fa44e91b7326cec9e453	cryptography-simon	sat	main_2023	13792	4128	220677	128	3264	10400	0	0	0	0	0	0	0	6592	10592	65	2463
/nfs/share/instances/gbd/cnf/00bbdbb1bc700e4c4ceb0d6e86e33c23-glassybp-v300-s1496080651.cnf.xz	00bbdbb1bc700e4c4ceb0d6e86e33c23	ed4d7d36d3f248f7bf8cba98c004bd01	glassy-gen	unknown	random_2002	1400	300	20166	0	0	1400	0	0	0	0	0	0	0	707	693	172	185
/nfs/share/instances/gbd/cnf/00be4c67683c8edeca138279e13942cb-52-139122.cnf.xz	00be4c67683c8edeca138279e13942cb	bd5a63b78505ee1e7a14d0ba36cbbda6	station-repacking	unknown	None	1090261	36972	16908407	3	1088542	1	1	6	3	0	9	6	1690	1088545	1719	1719	1088542
/nfs/share/instances/gbd/cnf/00be590675417eba2bb2585790ac392d-iso-brn008.shuffled-as.sat05-2933.cnf.xz	00be590675417eba2bb2585790ac392d	5bce323bf7c9cc5fa639c275deeeb53e	quasigroup-completion	sat	anni_2022	10265	1617	172559	118	1120	8577	53	55	57	113	102	16	54	5357	5226	1437	1350
/nfs/share/instances/gbd/cnf/00c4c1dfa04e7cd8b7abc80a4a4f7153-unif-k3-r4.26-v800-c3408-S1536861174-069.SATISFIABLE.cnf.xz	00c4c1dfa04e7cd8b7abc80a4a4f7153	fb641e4d952898b3cd2a4bc89136cfd5	uniform-random	sat	random_2011	3408	800	51528	0	0	3408	0	0	0	0	0	0	0	1730	1678	404	448
/nfs/share/instances/gbd/cnf/00d0eef039aa1f9cf1cf2647a58fe313-unif-k4-r9.121-v8800-c80265-S4104809886357711891.cnf.xz	00d0eef039aa1f9cf1cf2647a58fe313	50d41e6dc0691f590bb5921dcd7abf7d	uniform-random	unknown	random_2012	80265	8800	1886067	0	0	0	80265	0	0	0	0	0	0	24973	24974	4934	4957
/nfs/share/instances/gbd/cnf/00d1fe07ab948b348bb3fb423b1ef40d-lec_mult_KvW_12x11.sanitized.cnf.xz	00d1fe07ab948b348bb3fb423b1ef40d	5d3300b44d1cc6cbe479aaa9120248f1	miter	unsat	main_2024	15159	5068	217479	0	10044	5114	0	0	0	0	0	0	1	10771	7888	2227	6567
/nfs/share/instances/gbd/cnf/00d239e486137a4f7264adb4fb57d5ae-hwb-n24-01-S1048418025.shuffled-as.sat03-1617.cnf.xz	00d239e486137a4f7264adb4fb57d5ae	a207e99f5dcfe500129f591ecbc4568b	miter	unsat	anni_2022	774	162	11405	0	18	452	304	0	0	0	0	0	0	319	328	75	84
/nfs/share/instances/gbd/cnf/00d25e6106c5c09bb5d8d0f7eae7385a-54-106649.cnf.xz	00d25e6106c5c09bb5d8d0f7eae7385a	c8567ebc5cdaea08c7e4796d3759ed84	station-repacking	unknown	None	550261	25520	8432964	3	549081	1	1	3	2	0	7	4	1159	549084	1180	1180	549081
/nfs/share/instances/gbd/cnf/00d3338cd6cdfa099ff29f036c77d93d-sha256__zeroOut_17__freeIn_21__seed_1.cnf.xz	00d3338cd6cdfa099ff29f036c77d93d	572ec11b1a0c5b64909b3cec9d800157	cryptography	sat	None	618749	37633	23246918	2813	656	55024	120048	64368	60000	225600	90240	0	0	150221	140485	1343	8230
/nfs/share/instances/gbd/cnf/00d41fe5805aef9e2e3b63e1d9497edf-UNSAT_MS_opt_termes_p15.pddl_139.cnf.xz	00d41fe5805aef9e2e3b63e1d9497edf	19ec4ae0785061b74a5a0afb01fc545b	planning	unknown	planning_2020	1690192	116422	27751134	91	1668139	278	3058	3058	5004	278	5560	278	4448	1668230	953353	23	736907
/nfs/share/instances/gbd/cnf/00d46b1518fddf95bc8ba424e1b5b77d-43-103175.cnf.xz	00d46b1518fddf95bc8ba424e1b5b77d	a1dc58b83217220c28341ad72b0e3adc	station-repacking	unknown	None	477994	23671	7297070	3	476898	1	1	4	2	0	8	2	1075	476901	1096	1096	476898
/nfs/share/instances/gbd/cnf/00d5f0932042a96518b03e6fd2feaf48-56-115042.cnf.xz	00d5f0932042a96518b03e6fd2feaf48	42341b8aa4f6b19dd940332876db37ea	station-repacking	unknown	None	646819	27734	9931131	3	645528	1	1	4	2	0	9	3	1268	645531	1291	1291	645528
/nfs/share/instances/gbd/cnf/00d74259dcca2176f1cd561f52bc0326-unif-k6-r43.37-v210-c9108-S5835296729793976499.cnf.xz	00d74259dcca2176f1cd561f52bc0326	018bf9b9f44b687473a6c8619ed01a0a	uniform-random	unknown	random_2014	9108	210	235273	0	0	0	0	0	9108	0	0	0	0	989	975	142	131
/nfs/share/instances/gbd/cnf/00df199d465391a52fc37b87f81a957f-x9-02052.sat.sanitized.cnf.xz	00df199d465391a52fc37b87f81a957f	83edf5c9db2b40e6234cd41c23398b7e	hamiltonian	unknown	submissions_2024	900	100	9337	0	820	0	20	40	20	0	0	0	0	820	80	80	820
/nfs/share/instances/gbd/cnf/00e010712b854966aa56caf9c9dc4696-58-122927.cnf.xz	00e010712b854966aa56caf9c9dc4696	03bf2cec1365befee64db090b55e5c1c	station-repacking	unknown	None	664974	28356	10231025	3	663656	1	1	3	2	0	9	4	1295	663659	1318	1318	663656
/nfs/share/instances/gbd/cnf/00e1e5a05ed04bcb437bd7fc57a88b7f-unif-k5-r21.3-v100-c2130-S1225022879-08.UNSAT.shuffled.cnf.xz	00e1e5a05ed04bcb437bd7fc57a88b7f	c7469e03c5c0b41ce9587e8a4f2cf998	uniform-random	unsat	random_2007	2130	100	40408	0	0	0	0	2130	0	0	0	0	0	385	392	67	68
/nfs/share/instances/gbd/cnf/00e289099ea9bcef6a056a8c8ba8a3c0-ndist.b.21497.cnf.xz	00e289099ea9bcef6a056a8c8ba8a3c0	5b42e642bcfcf38ae7330cd2b8f7bdbd	bitvector	sat	anni_2022	386932	279453	7223674	1	257954	128977	0	0	0	0	0	0	0	279450	193469	64488	171968
/nfs/share/instances/gbd/cnf/00e32767bee1894beb0b71867f279d36-48-136923.cnf.xz	00e32767bee1894beb0b71867f279d36	7be8849a6dd0d5ecf129ff7de147769d	station-repacking	unknown	None	1135889	37961	17624244	3	1134125	2	1	5	3	0	10	5	1735	1134128	1764	1764	1134125
/nfs/share/instances/gbd/cnf/00e45ab8a1baf16155af6e59c3df5dbb-x9-11092.sat.sanitized.cnf.xz	00e45ab8a1baf16155af6e59c3df5dbb	fbd9767b87568fb21925ce9cdc75ef29	hamiltonian	unknown	submissions_2024	4950	550	61494	0	4510	0	110	220	110	0	0	0	0	4510	440	440	4510
/nfs/share/instances/gbd/cnf/00e5aac4701e62ae50c9f1504057fce8-bench_10701.smt2.cnf.xz	00e5aac4701e62ae50c9f1504057fce8	59892222332be61cacd06e08943bd5ac	agile	unknown	agile_2016	9720	2816	148223	8	3630	5698	384	0	0	0	0	0	0	5628	5598	2980	749
/nfs/share/instances/gbd/cnf/00e974264f8f9048b68c983f36643115-47-108545.cnf.xz	00e974264f8f9048b68c983f36643115	6992f2cb21e2b75e7bf6742389baa01d	station-repacking	unknown	None	565820	26093	8672884	3	564612	1	1	4	2	0	8	2	1187	564615	1208	1208	564612
/nfs/share/instances/gbd/cnf/00ec2992d59f85705eb8e1f4f1e01b3d-sgen4-sat-280-8.cnf.xz	00ec2992d59f85705eb8e1f4f1e01b3d	d0e5d8d44a8534076afaec8a6d0f6960	sgen	sat	anni_2022	672	280	8240	0	560	0	0	112	0	0	0	0	0	444	437	142	145
/nfs/share/instances/gbd/cnf/00ecd19c442956ff9a22584fd9bf439e-unif-k3-r4.267-v5200-c22188-S8832663068472759902.cnf.xz	00ecd19c442956ff9a22584fd9bf439e	08820662453c916fb282278a763e244c	uniform-random	unknown	random_2014	22188	5200	396361	0	0	22188	0	0	0	0	0	0	0	11060	11128	2720	2787
/nfs/share/instances/gbd/cnf/00ee79ac35e86f955a633d339777cfd5-bench_1794.smt2.cnf.xz	00ee79ac35e86f955a633d339777cfd5	7aa35da81a8fe8e59130034ec554590c	agile	sat	agile_2016	100993	28854	1834711	490	32422	65180	2813	0	0	81	4	0	3	55110	61929	24491	9814
/nfs/share/instances/gbd/cnf/00f122e0bb11a9bf197002715699e204-edn_20259_14.cnf_0.55000000.unsat.cnf.xz	00f122e0bb11a9bf197002715699e204	fc5cf9840e021a2930dc965e71a509de	hardware-verification	unsat	None	3573604	1219903	69354035	1780	2421077	1150747	0	0	0	0	0	0	0	2086154	2590068	1297713	340202
/nfs/share/instances/gbd/cnf/00f2eb377986e7decbc863931680a3b2-rand_net70-40-10.shuffled.cnf.xz	00f2eb377986e7decbc863931680a3b2	58ea2da369f461984afb6767e0e5da33	miter	unsat	anni_2022	16661	5600	240719	0	10920	5740	0	0	0	0	0	0	1	11064	11104	3459	3375
/nfs/share/instances/gbd/cnf/00f4aca773e5675f35263dcd46b15bde-vmpc_28.shuffled-as.sat05-1957.cnf.xz	00f4aca773e5675f35263dcd46b15bde	755e0e8a5bdf16181846015a7838e346	cryptography	sat	anni_2022	108080	784	1449217	0	42420	65604	0	0	0	0	0	0	56	63802	65245	19386	18369
/nfs/share/instances/gbd/cnf/00f88a15e12e7b364077c33125a35547-fla-350-6.cnf.xz	00f88a15e12e7b364077c33125a35547	6cd70b28d01f6e8cb50bd63e2aa97fe2	random-planted-solution	sat	random_2016	1543	350	22549	0	0	1543	0	0	0	0	0	0	0	779	764	173	220
/nfs/share/instances/gbd/cnf/00f969737ba4338bd233cd3ed249bd55-3col20_5_6.shuffled.cnf.xz	00f969737ba4338bd233cd3ed249bd55	64e930a465e08fb6bc8a6a49b64c7e7f	coloring	unsat	anni_2022	176	40	2438	6	20	0	150	0	0	0	0	0	0	70	65	18	14
/nfs/share/instances/gbd/cnf/00fefbd32304db604a87910d187e8365-rsdecoder-problem.dimacs_37.filtered.cnf.xz	00fefbd32304db604a87910d187e8365	9eee8e6a47e5f25345b106791236d619	design-debugging	unsat	mus_2011	4909231	1513539	108077261	18321	2047830	2840768	2312	0	0	0	0	0	0	3283351	3532367	79105	283840
/nfs/share/instances/gbd/cnf/0101d013a916d903e8e618d7db1edbb3-phnf-size10-exclusive-equilarge_l3.used-as.sat04-895.sat05-4189.reshuffled-07.cnf.xz	0101d013a916d903e8e618d7db1edbb3	d28afa3a5878b8932a4b1e3674d8b1f3	phnf	unknown	anni_2022	2248381	16489	30782824	0	2246354	0	4	8	0	0	1845	27	143	1690226	1679178	556205	567258
/nfs/share/instances/gbd/cnf/01077fa04638a98befd66bff16f4accd-41-126739.cnf.xz	01077fa04638a98befd66bff16f4accd	02ac060e48c043aec868261c0698d802	station-repacking	unknown	None	819373	31609	12653105	3	817901	1	1	5	2	0	8	6	1446	817904	1472	1472	817901
/nfs/share/instances/gbd/cnf/01079ada0aa5a4f3bf4bb131b807eb38-53-105823.cnf.xz	01079ada0aa5a4f3bf4bb131b807eb38	2e81f363188ec9367880c617b8456f26	station-repacking	unknown	None	541922	25465	8302632	3	540746	1	1	3	2	0	8	2	1156	540749	1176	1176	540746
/nfs/share/instances/gbd/cnf/0107da33f8475f96dcaa3bd57e3cfb0f-45-131201.cnf.xz	0107da33f8475f96dcaa3bd57e3cfb0f	8b7deecf61bf9b3e5feef0e08da94ce7	station-repacking	unknown	None	961853	34564	14888720	3	960245	1	1	4	3	0	9	5	1582	960248	1608	1608	960245
/nfs/share/instances/gbd/cnf/0107f34364dfff8ab062193b2c71b4de-sp4-33-bin-nons-flat-noid.cnf.xz	0107f34364dfff8ab062193b2c71b4de	2bd0081d71b36b56448d72653dff77a0	minimal-superpermutation	unsat	anni_2022	5793	786	62659	8	5760	0	0	0	0	0	0	0	25	5768	2912	28	2884
/nfs/share/instances/gbd/cnf/01092687660de604975b7e75932607b7-fdmus_b17_434.cnf.xz	01092687660de604975b7e75932607b7	db3672e4bc91091221eeaabd8e8d4fb7	fdmus	unsat	None	9616	3537	135080	6	6670	2940	0	0	0	0	0	0	0	8104	6034	646	2153
/nfs/share/instances/gbd/cnf/010a035bfd273b17438896d04f47b4be-narai-vpn-10s.cnf.xz	010a035bfd273b17438896d04f47b4be	dd5f8858e75c4c27ade5dd5dbe7fdc3e	alloy-vpn-models	unsat	None	8901946	2270930	195186073	1	6786479	1496293	14719	555520	12	6	5	0	48911	5901104	5997259	1986577	1819310
/nfs/share/instances/gbd/cnf/010c2e0ca6399116d206100ca14aa880-x9-12073.sat.sanitized.cnf.xz	010c2e0ca6399116d206100ca14aa880	a608e439ee87822f7ad83d96f8b94e52	hamiltonian	unknown	submissions_2024	5396	600	67315	0	4916	0	116	248	116	0	0	0	0	4916	480	480	4916
/nfs/share/instances/gbd/cnf/010c9d7a6e9e6cac63f110915d9dd56e-3col60_5_9.shuffled.cnf.xz	010c9d7a6e9e6cac63f110915d9dd56e	4034d18a0965b0d9f9eeba6b354329fc	coloring	unsat	anni_2022	516	120	7913	6	60	0	450	0	0	0	0	0	0	182	188	45	49
/nfs/share/instances/gbd/cnf/010eb724ccc815100d40bcc948f9c598-gencnf-k9-r357-v46-c16422-01-S647636672.shuffled-as.sat03-1808.cnf.xz	010eb724ccc815100d40bcc948f9c598	e27d2a67b49efd00ba5d711e86016782	uniform-random	unknown	random_2003	16422	46	514864	0	0	0	0	0	0	0	0	16422	0	317	321	24	44
/nfs/share/instances/gbd/cnf/01135f7a79d555bd0406f00fac22cbe2-SC21_Timetable_C_140_E_29_Cl_10_S_15.cnf.xz	01135f7a79d555bd0406f00fac22cbe2	2fadfdc4118ac6901c10d1e637fa8779	scheduling	unknown	anni_2022	410298	88839	7821028	754	114980	287943	5760	9	0	0	140	0	712	394325	83022	420	54528
/nfs/share/instances/gbd/cnf/01136f74588604a67b5e5950a2525129-50-118842.cnf.xz	01136f74588604a67b5e5950a2525129	ee6fe11a0cacd1a36f502627264d9253	station-repacking	unknown	None	691126	28983	10635911	3	689779	1	1	4	3	0	8	3	1324	689782	1347	1347	689779
/nfs/share/instances/gbd/cnf/0113bc2aba73927ba3828baab15fb8c6-45-113925.cnf.xz	0113bc2aba73927ba3828baab15fb8c6	b32d28413da132b1041bd3ed404b330e	station-repacking	unknown	None	640352	27760	9837015	3	639063	1	1	3	2	0	9	3	1267	639066	1289	1289	639063
/nfs/share/instances/gbd/cnf/0114ad337fee86dfb02871d8a971b130-44-136586.cnf.xz	0114ad337fee86dfb02871d8a971b130	7a7da9849869efd12640155936b57882	station-repacking	unknown	None	1126315	37860	17480437	3	1124556	1	1	6	3	0	9	4	1732	1124559	1759	1759	1124556
/nfs/share/instances/gbd/cnf/0119a8fe54c110d927344cd950a43671-48-136458.cnf.xz	0119a8fe54c110d927344cd950a43671	e56ca52f23a0d21a17394e41b87ce5ca	station-repacking	unknown	None	1065196	36640	16512768	3	1063492	2	1	4	3	0	10	4	1677	1063495	1704	1704	1063492
/nfs/share/instances/gbd/cnf/01209700b6b45ca5fda7fbcb17765db1-slp-synthesis-aes-top27.cnf.xz	01209700b6b45ca5fda7fbcb17765db1	538ae4183d432caff70953db218c8e72	cryptography	sat	anni_2022	263586	82745	4567241	1	159797	102115	377	25	24	23	22	940	262	219587	200145	4311	7469
/nfs/share/instances/gbd/cnf/0121f7a2adac25bb3f01fb841fdce55f-unif-c3150-v700-s1612398163.cnf.xz	0121f7a2adac25bb3f01fb841fdce55f	6e6fab621ff683ca2b0f6e831cfa128c	uniform-random	unknown	random_2002	3150	700	47301	0	0	3150	0	0	0	0	0	0	0	1592	1558	400	385
/nfs/share/instances/gbd/cnf/01225987412b6f8423cc68be93385f6e-eqspwtrc16bparrc16.cnf.xz	01225987412b6f8423cc68be93385f6e	182ce58e42831885a7ebda1b64a0821b	hardware-verification	unknown	anni_2022	17011	5702	242523	1	11340	5670	0	0	0	0	0	0	0	12352	8888	2531	7078
/nfs/share/instances/gbd/cnf/01243b47967a3d012ea22e993355c833-f8bidw.cnf.xz	01243b47967a3d012ea22e993355c833	37e3d3cbef9d5d6d44a152380a836ed2	hardware-verification	unsat	anni_2022	1264597	424604	23665927	1	843064	421532	0	0	0	0	0	0	0	1015040	901249	63440	191114
/nfs/share/instances/gbd/cnf/012a40c3c94a3f1701efa5e73611529c-unif-c3500-v700-s994205410.cnf.xz	012a40c3c94a3f1701efa5e73611529c	8d28e74ebfc10528e01f1c9cc8c15ce5	uniform-random	unknown	random_2002	3500	700	52503	0	0	3500	0	0	0	0	0	0	0	1670	1830	459	413
/nfs/share/instances/gbd/cnf/012e56e8b23c29cb222b64bdeb523409-fdmus_b22_630.cnf.xz	012e56e8b23c29cb222b64bdeb523409	a76739427e6c23878d91882cfa6940be	fdmus	unsat	None	11590	4260	164113	6	8038	3546	0	0	0	0	0	0	0	8854	6658	1390	4121
/nfs/share/instances/gbd/cnf/01363e6edd7b668dcd8706534c4e1f4f-48-132354.cnf.xz	01363e6edd7b668dcd8706534c4e1f4f	7ed90fd33f2497a523d0aa3b9c610734	station-repacking	unknown	None	812842	31671	12550324	3	811364	1	1	3	2	0	10	4	1454	811367	1478	1478	811364
/nfs/share/instances/gbd/cnf/0136adb99bdca756b28f8aca2bf8a1b3-bench_10094.smt2.cnf.xz	0136adb99bdca756b28f8aca2bf8a1b3	e3f46f90b4e11a83c66c73faa85de23f	agile	unknown	agile_2016	20234	5800	321271	0	7660	11673	897	0	0	0	4	0	0	11279	11775	6381	1758
/nfs/share/instances/gbd/cnf/013a51ccada51812061ed2d6504e23a5-gensys-icl003.shuffled-as.sat05-3824.cnf.xz	013a51ccada51812061ed2d6504e23a5	beaea51d281d28def0df9d100039094c	quasigroup-completion	unsat	anni_2022	16002	2407	596591	42	434	2212	301	448	5635	952	1323	1176	3479	2121	2695	638	419
/nfs/share/instances/gbd/cnf/013eb6c4963e5a4724c4b34599f0bb64-58-128914.cnf.xz	013eb6c4963e5a4724c4b34599f0bb64	176bc09be3ae42707ab2cc1c0da33c97	station-repacking	unknown	None	760291	30525	11734458	3	758867	1	1	3	2	0	9	4	1401	758870	1424	1424	758867
/nfs/share/instances/gbd/cnf/013ed5a359706d5bc4ce7e2dac38bad8-45-118599.cnf.xz	013ed5a359706d5bc4ce7e2dac38bad8	55b8aefcdc30afdaa2ec7dd7f60a8fa2	station-repacking	unknown	None	710265	29461	10940432	3	708893	1	1	3	2	0	9	3	1350	708896	1372	1372	708893
/nfs/share/instances/gbd/cnf/0141b82b3d2a411d8c2168119e2d7452-rope_0012.shuffled.cnf.xz	0141b82b3d2a411d8c2168119e2d7452	31e650a27636d3719a15309982098297	coloring	unsat	anni_2022	1008	432	11202	0	864	144	0	0	0	0	0	0	0	730	708	224	248
/nfs/share/instances/gbd/cnf/014a36afe8dfc0c7cd6098f66fb8756a-unif-k7-r85-v240-c20400-S787287513-16.cnf.xz	014a36afe8dfc0c7cd6098f66fb8756a	e12cfa3649b556cb6bc7dc82d56d246d	uniform-random	unknown	random_2007	20400	240	617014	0	0	0	0	0	0	20400	0	0	0	1270	1302	174	162
/nfs/share/instances/gbd/cnf/014eb73b695be1a41c61e15ca919f0f8-53-132450.cnf.xz	014eb73b695be1a41c61e15ca919f0f8	61f0fc381d9940287208dcf1bc4c27aa	station-repacking	unknown	None	886372	32972	13702781	3	884837	1	1	5	2	0	9	5	1509	884840	1535	1535	884837
/nfs/share/instances/gbd/cnf/0151782431fa0ec1f855523721c52682-58-122783.cnf.xz	0151782431fa0ec1f855523721c52682	30a2168e1a52d7a797de64efdd1dfc0a	station-repacking	unknown	None	665541	28359	10239392	3	664223	1	1	3	2	0	9	4	1295	664226	1318	1318	664223
/nfs/share/instances/gbd/cnf/0151bedac526ee195bc52e4134cd80e7-ssAES_4-4-8_round_8-10_faultAt_8_fault_injections_2_seed_1579630418.cnf.xz	0151bedac526ee195bc52e4134cd80e7	4d1f1aa702b578570dfed05afa42f82e	cryptography	sat	anni_2022	313805	95814	5426412	625	205109	89737	13645	4687	0	0	2	0	0	217242	197203	60755	73782
/nfs/share/instances/gbd/cnf/0151ced92d88d7b46424ccf1d26d7716-48-132658.cnf.xz	0151ced92d88d7b46424ccf1d26d7716	65ca551d2bb63f7150e41bbddbea65d1	station-repacking	unknown	None	841934	32252	13009135	3	840430	1	1	3	2	0	10	4	1480	840433	1504	1504	840430
/nfs/share/instances/gbd/cnf/0152ba35c2942027426ebe4a074f5fdf-58-123284.cnf.xz	0152ba35c2942027426ebe4a074f5fdf	dc44e8e82d444c96d9f9aebbc3965a3d	station-repacking	unknown	None	671636	28511	10336216	3	670310	1	1	3	2	0	9	4	1303	670313	1326	1326	670310
/nfs/share/instances/gbd/cnf/0152d286cde406747d179c36a95c2fdc-shift1add.10000.cnf.xz	0152d286cde406747d179c36a95c2fdc	7b384790f4ebf824b8a70c2c25972fd0	bitvector	unsat	anni_2022	389981	219991	7015200	1	259988	129992	0	0	0	0	0	0	0	279989	209989	49999	159992
/nfs/share/instances/gbd/cnf/0154182ac2508df34a7bf7120a368e70-47-132161.cnf.xz	0154182ac2508df34a7bf7120a368e70	2620111e7b03b023e1a1d5eed916adbf	station-repacking	unknown	None	791029	31094	12210110	3	789577	1	1	5	3	0	10	4	1425	789580	1452	1452	789577
/nfs/share/instances/gbd/cnf/015a78f0b46546a98970be8f3101443c-unif-k4-r9.121-v8800-c80265-S8877237995837260201.cnf.xz	015a78f0b46546a98970be8f3101443c	5a5f8c506d17f2fd89d9cfa4825a9a35	uniform-random	sat	portfolio_2012	80265	8800	1885597	0	0	0	80265	0	0	0	0	0	0	25111	25178	5036	5044
/nfs/share/instances/gbd/cnf/015a8c86d53869abb26f9dbe4a5f1e54-unif-k7-r87.232-v120-c10468-S8772423351461556100.cnf.xz	015a8c86d53869abb26f9dbe4a5f1e54	296bbfba5e197f8f67485a2cc138c78b	uniform-random	unknown	random_2012	10468	120	282548	0	0	0	0	0	0	10468	0	0	0	641	701	83	97
/nfs/share/instances/gbd/cnf/01653db16d6cedc27f5314d680efc055-fla-komb-220-5.cnf.xz	01653db16d6cedc27f5314d680efc055	44923333d2551e41aa5647a5408d797c	random-planted-solution	sat	random_2018	1145	220	15941	0	0	1145	0	0	0	0	0	0	0	524	621	156	149
/nfs/share/instances/gbd/cnf/01657386753a1369dd286a3fee9062e4-SGI_30_70_28_60_1-log.shuffled-as.sat03-176.cnf.xz	01657386753a1369dd286a3fee9062e4	9214287c8ef560033654e5f57482a4fd	subgraph-isomorphism	unsat	anni_2022	69060	140	2698174	0	0	0	0	56	0	0	0	0	69004	799	665	65	71
/nfs/share/instances/gbd/cnf/01665130994f549bc94ea4b1e91111cd-45-127683.cnf.xz	01665130994f549bc94ea4b1e91111cd	71caee81a9d312286fc1df570e88dc0a	station-repacking	unknown	None	868628	32603	13421011	3	867108	1	1	4	2	0	10	4	1495	867111	1520	1520	867108
/nfs/share/instances/gbd/cnf/0167ead7da1e981805564ca981f64bea-aim-200-6_0-yes1-4.cnf.mis-135.debugged.cnf.xz	0167ead7da1e981805564ca981f64bea	862a6c8dbaf820705052d041b91a5a40	unknown	unknown	anni_2022	54607	27065	888536	134	27941	26532	0	0	0	0	0	0	0	53794	27876	813	333
/nfs/share/instances/gbd/cnf/016ad2dcc5ac2bb3eb555f2a8a6e412b-TableModel_output_5_3_7.bul_.dimacs.cnf.xz	016ad2dcc5ac2bb3eb555f2a8a6e412b	0eb14b3527c7e0c5d2c77ff9c0f1e9e9	social-golfer	sat	submissions_2023	20265	2835	303329	0	15855	3675	525	0	0	0	0	0	210	19530	2310	210	14280
/nfs/share/instances/gbd/cnf/016c52d4105ea384ade3644ab71415c4-x9-03042.sat.sanitized.cnf.xz	016c52d4105ea384ade3644ab71415c4	64891287eb950fa926e57ab9fbc30547	hamiltonian	unknown	submissions_2024	1347	150	15093	0	1227	0	27	66	27	0	0	0	0	1227	120	120	1227
/nfs/share/instances/gbd/cnf/016fa607917cff1ece5bd5c624a49491-bench_7620.smt2.cnf.xz	016fa607917cff1ece5bd5c624a49491	ce58a4b422151ff5a8e63a43f0f7c1cd	agile	unsat	agile_2016	18462	5333	286688	56	7430	10236	730	0	0	1	9	0	0	9556	12097	5205	2014
/nfs/share/instances/gbd/cnf/0174593b6652936010405e3f4b6799c1-58-115687.cnf.xz	0174593b6652936010405e3f4b6799c1	5278a789fee1b7f34be588e08877e4a5	station-repacking	unknown	None	604703	26904	9282041	3	603453	1	1	3	2	0	9	4	1227	603456	1250	1250	603453
/nfs/share/instances/gbd/cnf/0176764afff2ea9f16a90fec9a516ed2-newpol31-4.cnf.xz	0176764afff2ea9f16a90fec9a516ed2	2a5b4cefb2d246a685830ea88f3ca595	polynomial-multiplication	unsat	None	9369779	2864565	183897324	2048	6503423	2864119	3	3	3	3	3	3	171	8199926	7412672	1213	263679
/nfs/share/instances/gbd/cnf/0177419016ca9d3abad0c15998bdf72f-58-113941.cnf.xz	0177419016ca9d3abad0c15998bdf72f	5e7aa888c717a728045c1b92d99b4e2c	station-repacking	unknown	None	581430	26326	8919664	3	580209	1	1	3	2	0	9	3	1199	580212	1221	1221	580209
/nfs/share/instances/gbd/cnf/01796eb1fc5b82e2d36e60dacb631250-59-118978.cnf.xz	01796eb1fc5b82e2d36e60dacb631250	c4422e976555f0c9d09b790984c97257	station-repacking	unknown	None	643848	27967	9898100	3	642547	1	1	5	2	0	9	2	1278	642550	1301	1301	642547
/nfs/share/instances/gbd/cnf/017ba03ed108f492c9293c7c95e5cae9-multiplier_14bits__miter_14.cnf.xz	017ba03ed108f492c9293c7c95e5cae9	26abc879bcffc5d1615ce8d9ca98a71b	miter	unknown	main_2023	13018	4376	186103	2	8696	4320	0	0	0	0	0	0	0	9583	6921	1778	5213
/nfs/share/instances/gbd/cnf/017bba0f995e6d9921253e5a59521435-9symml_gr_2pin_w6.shuffled.cnf.xz	017bba0f995e6d9921253e5a59521435	cffc82b571dd2acddcaaaa8f9c6f39a4	fpga-routing	sat	anni_2022	36994	2604	1111795	0	4522	0	0	0	32472	0	0	0	0	6871	6949	1614	1615
/nfs/share/instances/gbd/cnf/017d217fc0568c83c47f2c35bb685481-47-123642.cnf.xz	017d217fc0568c83c47f2c35bb685481	1c29b7190a5ddff5da1cbc43eb48ddae	station-repacking	unknown	None	726493	29718	11195764	3	725109	1	1	4	3	0	9	4	1359	725112	1384	1384	725109
/nfs/share/instances/gbd/cnf/017fe0fa773f3213acb3fc70d12a0d5f-bench_16162.smt2.cnf.xz	017fe0fa773f3213acb3fc70d12a0d5f	f27fa1ea6512ecad77adc59918c6df56	agile	unsat	agile_2017	255091	72403	4700299	80	102217	141177	11589	0	0	2	13	0	13	147779	149903	80102	18399
/nfs/share/instances/gbd/cnf/01813075a2ddb68ae1fc655ca003437e-sha256__zeroOut_12__freeIn_16__seed_1.cnf.xz	01813075a2ddb68ae1fc655ca003437e	78d905945e2d26be77045f66fe6eff2b	cryptography	sat	crypto_2021	618749	37633	23246900	2813	656	55024	120048	64368	60000	225600	90240	0	0	150221	140485	1346	8227
/nfs/share/instances/gbd/cnf/01843a0195183ca14246a88bf7bad482-smulo016.cnf.xz	01843a0195183ca14246a88bf7bad482	e3816fdaa929f5e8036ae0a62bec1bfe	bitvector	unsat	anni_2022	8738	2945	121311	2	5824	2912	0	0	0	0	0	0	0	6546	4319	1508	3700
/nfs/share/instances/gbd/cnf/0184fc46a3e15163bf4f114a2689fe5c-hyp_cec_multi_7.cnf.xz	0184fc46a3e15163bf4f114a2689fe5c	6af6b14a52c13f977295958f3ecbe087	circuit-equialence-checking	unknown	submissions_2022	757035	167234	17506794	2	156073	448104	137282	15574	0	0	0	0	0	374607	494588	1	63612
/nfs/share/instances/gbd/cnf/018b45eea6e1db3dc076ce5650c1b33a-54-123602.cnf.xz	018b45eea6e1db3dc076ce5650c1b33a	8d09721d41450bfd68d63ed1a9e9ff71	station-repacking	unknown	None	653481	28071	10050434	3	652176	1	1	3	2	0	9	4	1282	652179	1305	1305	652176
/nfs/share/instances/gbd/cnf/018baa8023b064875f9459bb4b164239-46-138524.cnf.xz	018baa8023b064875f9459bb4b164239	febf50fd1e83a584e7fed63a6eded6fb	station-repacking	unknown	None	892915	33038	13808708	3	891375	1	1	5	2	0	9	5	1514	891378	1540	1540	891375
/nfs/share/instances/gbd/cnf/018e0d55855905e9914c4c1af52eea55-fla-komb-520-3.cnf.xz	018e0d55855905e9914c4c1af52eea55	c6c7df7c2c5cfd818c172da8ba46acf3	random-planted-solution	sat	random_2017	2707	520	40159	0	0	2707	0	0	0	0	0	0	0	1319	1388	338	319
/nfs/share/instances/gbd/cnf/019044d2c20a2f868da3325a8392ae49-59-135472.cnf.xz	019044d2c20a2f868da3325a8392ae49	3299ee38c5005e8395c7fe050247f977	station-repacking	unknown	None	1080176	36890	16753204	3	1078460	1	1	6	3	0	9	4	1689	1078463	1716	1716	1078460
/nfs/share/instances/gbd/cnf/0191a0bf3412ed407ba669f8d69081ee-mrpp_6x6#18_20.cnf.xz	0191a0bf3412ed407ba669f8d69081ee	88513f91fafb488773e76f74778f7fee	planning	sat	anni_2022	83711	10841	1548324	350	35720	28538	4503	14600	0	0	0	0	0	69142	9782	739	31889
/nfs/share/instances/gbd/cnf/019312023ae44dd892cd3f62550aea6e-unif-k5-r21.117-v300-c6335-S391260049426063227.cnf.xz	019312023ae44dd892cd3f62550aea6e	695121699b810730ad5c10bc352b9111	uniform-random	unknown	random_2012	6335	300	143125	0	0	0	0	6335	0	0	0	0	0	1107	1228	216	179
/nfs/share/instances/gbd/cnf/01933666e24a4fcb6240ce46b6160380-unif-k4-r9.931-v800-c7945-S6410029877538796012.cnf.xz	01933666e24a4fcb6240ce46b6160380	0f1850c0dfe29917d85342bd97ed4ae4	uniform-random	unknown	random_2012	7945	800	154510	0	0	0	7945	0	0	0	0	0	0	2531	2464	511	544
/nfs/share/instances/gbd/cnf/0193bb2b5b7c07ad179001c34a885f6c-bench_3075.smt2.cnf.xz	0193bb2b5b7c07ad179001c34a885f6c	e73f2d76c9e5054ce3d77468a96166d7	agile	sat	agile_2016	82008	23489	1472101	452	25816	53528	2127	0	1	80	2	0	2	43738	51260	19012	8575
/nfs/share/instances/gbd/cnf/01943b1d6f8e65a44e99f97da3236241-5pipe_5_ooo.cnf.xz	01943b1d6f8e65a44e99f97da3236241	9f7768dc3c9ded993f8ce10a8106d284	hardware-verification	unsat	None	200959	9705	3489538	1	163466	30251	290	205	173	632	274	189	5478	192297	37581	54	128178
/nfs/share/instances/gbd/cnf/0194a15658e15953f779d436681f1199-unif-k3-r4.2-v10000-c42000-S971732863-03.cnf.xz	0194a15658e15953f779d436681f1199	7f6dd7a177e712dd1e989ada8cd568a2	uniform-random	unknown	random_2007	42000	10000	763010	0	0	42000	0	0	0	0	0	0	0	21026	20974	5238	5282
/nfs/share/instances/gbd/cnf/01950351dd73990085d75e125b1551de-43-134983.cnf.xz	01950351dd73990085d75e125b1551de	53abf185294fcafef98ae04bd3e57a45	station-repacking	unknown	None	842635	32196	13018423	3	841135	1	1	5	2	0	9	4	1475	841138	1500	1500	841135
/nfs/share/instances/gbd/cnf/0195cb8a6b36b6e6fe6b23365828e198-unif-k3-r4.261-v650-c2769-S1172355929-14.SAT.shuffled.cnf.xz	0195cb8a6b36b6e6fe6b23365828e198	01694f4fae58a3438b05ef454e503509	uniform-random	sat	random_2007	2769	650	41507	0	0	2769	0	0	0	0	0	0	0	1409	1360	356	368
/nfs/share/instances/gbd/cnf/01966a0fc52b2200a13f5f835275a919-SGI_30_70_27_50_3-dir.shuffled-as.sat03-169.cnf.xz	01966a0fc52b2200a13f5f835275a919	5a9dd00cd47caff7e82d76b201b10ba9	subgraph-isomorphism	unsat	anni_2022	68270	810	738564	0	68243	0	0	0	0	0	0	0	27	52245	50098	15998	18145
/nfs/share/instances/gbd/cnf/01979ca4966cc363ec3caeebd8d3fc31-connm-ue-csp-sat-n600-d0.04-s1979668539.used-as.sat04-981.cnf.xz	01979ca4966cc363ec3caeebd8d3fc31	50200af14cbde01d7e16d4ab18015ef4	generic-csp	unsat	anni_2022	7101	564	116547	0	0	6960	141	0	0	0	0	0	0	6960	141	141	6960
/nfs/share/instances/gbd/cnf/019dc69c96737c3d62696c9acf3edf1b-T107.2.0.cnf.xz	019dc69c96737c3d62696c9acf3edf1b	e9276a91f8520ce1f06b723511caf417	cril-misc	unsat	anni_2022	10746462	3113734	241901224	0	4747130	5894106	88592	6851	2215	2012	498	919	4139	6168038	5931435	4284107	1214833
/nfs/share/instances/gbd/cnf/01a160920ac2891c97339805cb3093b1-55-134244.cnf.xz	01a160920ac2891c97339805cb3093b1	018d99e4a2d53358183ff8bfa8ffee60	station-repacking	unknown	None	810179	31490	12502799	3	808710	1	1	5	2	0	9	5	1443	808713	1469	1469	808710
/nfs/share/instances/gbd/cnf/01a2e098e96522a52a76c783a5b0b587-58-104701.cnf.xz	01a2e098e96522a52a76c783a5b0b587	a7f1c9a1f731ab0d2dfe891ac0adc99b	station-repacking	unknown	None	505706	24334	7734863	3	504581	1	1	3	2	0	7	1	1107	504584	1125	1125	504581
/nfs/share/instances/gbd/cnf/01a74343f618546e9ad2a60849140317-crafted_n12_d6_c3_num26.cnf.xz	01a74343f618546e9ad2a60849140317	ec7f4fef90ed4b7ced88db05c57ceddb	graph-isomorphism	unsat	anni_2022	8569840	42048	132317825	0	8569312	0	0	0	0	0	0	0	528	8569312	528	528	8569312
/nfs/share/instances/gbd/cnf/01a7a38902771cf5e7f37b7e0275b0fb-54-132004.cnf.xz	01a7a38902771cf5e7f37b7e0275b0fb	86418e869563d642bb9b4904aedbb2e8	station-repacking	unknown	None	812419	31394	12539664	3	810957	1	1	3	2	0	9	4	1439	810960	1462	1462	810957
/nfs/share/instances/gbd/cnf/01a82297e8d8f68eeeb26329d1bf26c2-unif-k3-r4.2-v10000-c42000-S2108163340-010.cnf.xz	01a82297e8d8f68eeeb26329d1bf26c2	6c527d38fafebbf6fb1d6ab65fee4bb9	uniform-random	unknown	random_2009	42000	10000	762834	0	0	42000	0	0	0	0	0	0	0	20961	21039	5258	5313
/nfs/share/instances/gbd/cnf/01af042093bf36119811b6e658e7a231-ecgrid6x155_shuffled.cnf.xz	01af042093bf36119811b6e658e7a231	6b85e5324af02ab35dcac01b2488e57d	coloring	unsat	anni_2022	7442	1861	124338	0	2	7440	0	0	0	0	0	0	0	3721	3721	893	893
/nfs/share/instances/gbd/cnf/01b105afb0dcb7a28cfe775c98b6ee00-fdmus_b20_94.cnf.xz	01b105afb0dcb7a28cfe775c98b6ee00	e763c70ff34cd334bb5448dc7f263975	fdmus	unsat	None	7585	2760	104662	6	5236	2343	0	0	0	0	0	0	0	5923	4504	742	2399
/nfs/share/instances/gbd/cnf/01b4cb9b343aef8334f5d22e4d8f0380-46-129990.cnf.xz	01b4cb9b343aef8334f5d22e4d8f0380	bb084c59142619046f9535ed3c48739a	station-repacking	unknown	None	817802	31690	12628861	3	816324	1	1	5	2	0	9	5	1452	816327	1478	1478	816324
/nfs/share/instances/gbd/cnf/01bc467c0134087a88cb308e5fb259ec-fdmus_b17_868.cnf.xz	01bc467c0134087a88cb308e5fb259ec	91142f9181de9465beebbb83ab8078e9	fdmus	unsat	None	15961	5682	229111	6	10924	5031	0	0	0	0	0	0	0	12820	9379	1555	4691
/nfs/share/instances/gbd/cnf/01bc4d75a43a8293132d0be627341207-E04F19.cnf.xz	01bc4d75a43a8293132d0be627341207	ad3fbd16f7906c4d765f7414f63604f4	2d-strip-packing	sat	anni_2022	295685	9044	11147725	6	23461	19584	13813	22420	40095	57950	56658	35074	26624	280955	35822	13026	246867
/nfs/share/instances/gbd/cnf/01bd0865ab694bc71d80b7d285d5777d-shuffling-2-s1480152728-of-bench-sat04-434.used-as.sat04-711.cnf.xz	01bd0865ab694bc71d80b7d285d5777d	229a1d5cc46e471a427367c4c0d72a41	hardware-bmc	unsat	anni_2022	1596837	505536	32952683	158	766699	807673	14136	5028	628	1257	0	942	316	984434	984347	293813	294057
/nfs/share/instances/gbd/cnf/01c09bcfbd1f9c2cf781d37abdfc7473-60-119091.cnf.xz	01c09bcfbd1f9c2cf781d37abdfc7473	7bc7b2c3d127195ba71f65bbe4334e60	station-repacking	unknown	None	610628	27085	9375137	3	609371	1	1	3	2	0	8	3	1236	609374	1257	1257	609371
/nfs/share/instances/gbd/cnf/01c48559d4870a5f3216291060fbeb39-unif2p-p0.8-v2035-c6328-S262114230-17-UNSAT.cnf.xz	01c48559d4870a5f3216291060fbeb39	1a626feffb86aa1a3b504a6a16de34ca	uniform-random	unknown	random_2007	6327	2035	100335	0	1265	5062	0	0	0	0	0	0	0	3465	3486	978	936
/nfs/share/instances/gbd/cnf/01c64036a1e08f96e79e92d72cb8626c-fdmus_b20_360.cnf.xz	01c64036a1e08f96e79e92d72cb8626c	a3cbbab0fe846b2dfab94a0c0f6d5965	fdmus	unsat	None	14924	5448	212971	6	10322	4596	0	0	0	0	0	0	0	11294	8684	1648	5273
/nfs/share/instances/gbd/cnf/01cced75cb378574bc849f76e909c94f-56-110984.cnf.xz	01cced75cb378574bc849f76e909c94f	2ea84ac9eda09d87a2187d92895763a2	station-repacking	unknown	None	571116	26058	8750516	3	569906	1	1	4	2	0	9	3	1187	569909	1210	1210	569906
/nfs/share/instances/gbd/cnf/01cf0326d2ab46b71fe4e2eac97b2b18-MVD_ADS_S8_9_9.cnf.xz	01cf0326d2ab46b71fe4e2eac97b2b18	9951bf6f7052c8a9b7d499bcc567fbd4	relational-dependencies	sat	None	29339	32	753894	0	0	24	0	0	0	0	0	29315	0	5029	24310	24310	5005
/nfs/share/instances/gbd/cnf/01d037bf22a943430790eedd667f415e-60-128351.cnf.xz	01d037bf22a943430790eedd667f415e	d7a796ec583cb0f90481592db1c52b1d	station-repacking	unknown	None	740184	30038	11413463	3	738785	1	1	4	2	0	8	4	1376	738788	1399	1399	738785
/nfs/share/instances/gbd/cnf/01d12e6a44b845def1455663b490d7cc-unif-k5-r21.3-v120-c2556-S1503318847-091.cnf.xz	01d12e6a44b845def1455663b490d7cc	f68db0a331b6c79a11199cbf9ff33b57	uniform-random	sat	random_2009	2556	120	50899	0	0	0	0	2556	0	0	0	0	0	482	477	78	86
/nfs/share/instances/gbd/cnf/01d142c43f3ce9a8c5ef7a1ecdbb6cba-urquhart3_25bis.shuffled.cnf.xz	01d142c43f3ce9a8c5ef7a1ecdbb6cba	5375781cee9171c29fe1cc5adfcf63a6	tseitin-formulas	unsat	anni_2022	264	99	3212	0	0	264	0	0	0	0	0	0	0	132	132	33	33
/nfs/share/instances/gbd/cnf/01d494c2afa4960a236bf8412e2bd08a-manol-pipe-c10id_s.cnf.xz	01d494c2afa4960a236bf8412e2bd08a	63ad4d4c5cd42526fa69ca73bf1e4564	hardware-verification	unsat	anni_2022	530386	178837	9485859	1	353590	176795	0	0	0	0	0	0	0	422243	384703	21343	76912
/nfs/share/instances/gbd/cnf/01d55a3ba267f6b2a2911c9239f2bd31-bench_8567.smt2.cnf.xz	01d55a3ba267f6b2a2911c9239f2bd31	ff2b4342555cf79488ccafc6ea094245	agile	sat	agile_2017	3726000	1054779	79125959	13176	1346363	2218960	147355	0	1	0	2	0	143	2125687	2068186	1233068	328894
/nfs/share/instances/gbd/cnf/01d7029fd605b0f8aa31ce2260b9f874-bench_14278.smt2.cnf.xz	01d7029fd605b0f8aa31ce2260b9f874	5d33dfe17c011cf3338598a58b6586ed	agile	unsat	agile_2016	18008	5199	279551	19	7325	9912	742	0	0	0	10	0	0	9300	11757	5166	1929
/nfs/share/instances/gbd/cnf/01da0d23a7273b00c0252c1ca964444f-unif-k5-r21.3-v120-c2556-S1963731659-060.cnf.xz	01da0d23a7273b00c0252c1ca964444f	5ad31233e5cd496b90ac0be9eae71f54	uniform-random	sat	random_2009	2556	120	50954	0	0	0	0	2556	0	0	0	0	0	470	459	76	58
/nfs/share/instances/gbd/cnf/01db0170c4c634550cc710a645093cfb-unif-k7-r87.79-v106-c9306-S474537854752200584.cnf.xz	01db0170c4c634550cc710a645093cfb	2317acdaf3120bf64422cda64b559753	uniform-random	sat	random_2013	9306	106	243236	0	0	0	0	0	0	9306	0	0	0	554	608	93	73
/nfs/share/instances/gbd/cnf/01dd5feb463fa80f73809718f6ff735b-10pipe_q0_k.cnf.xz	01dd5feb463fa80f73809718f6ff735b	a0b6e6ea6584ae654126948c9f356f76	hardware-verification	unsat	anni_2022	2082017	77639	42624366	1	1904041	141978	418	364	237	404	385	376	33813	1977528	238433	772	1736330
/nfs/share/instances/gbd/cnf/01df60e0a1690421fa6d8e73358af751-bench_1173.smt2.cnf.xz	01df60e0a1690421fa6d8e73358af751	fc4a23b46bc27e56fe7aa1f2ccded571	agile	sat	agile_2016	112429	32084	2051298	522	36668	71864	3290	0	1	78	2	0	4	62394	67901	28273	10320
/nfs/share/instances/gbd/cnf/01e407c1be777e7a6bff6f69c871191e-fdmus_b22_656.cnf.xz	01e407c1be777e7a6bff6f69c871191e	51385a5f38f792817e081e56c84fca3b	fdmus	unsat	None	9631	3537	135186	6	6676	2949	0	0	0	0	0	0	0	7360	5569	1117	3383
/nfs/share/instances/gbd/cnf/01e457295031b531787c8f092a9487f1-45-132805.cnf.xz	01e457295031b531787c8f092a9487f1	6c22dda9dd7170fca112459597f183b1	station-repacking	unknown	None	1074358	36734	16663111	3	1072650	1	1	4	3	0	10	5	1681	1072653	1708	1708	1072650
/nfs/share/instances/gbd/cnf/01e460fb1710367a663ab3f7274270db-45-117366.cnf.xz	01e460fb1710367a663ab3f7274270db	77bd1e29c2687771db21d5a8d901ad72	station-repacking	unknown	None	694365	29083	10688672	3	693012	1	1	3	2	0	9	3	1331	693015	1353	1353	693012
/nfs/share/instances/gbd/cnf/01e6b02d61a5105f4cc4d1275e4ee626-unif-k5-r21.117-v200-c4223-S4002140054644802477.cnf.xz	01e6b02d61a5105f4cc4d1275e4ee626	076077584e03b4c63c950a1671d76f04	uniform-random	sat	random_2016	4223	200	91669	0	0	0	0	4223	0	0	0	0	0	790	774	135	131
/nfs/share/instances/gbd/cnf/01e7e51d745a9ffd5d8c0d4be157a6ea-unif-k3-r4.2-v19000-c79800-S1330787624-15.cnf.xz	01e7e51d745a9ffd5d8c0d4be157a6ea	fb574f7a9c243e443ce992556d6cfe7f	uniform-random	unknown	random_2007	79800	19000	1575801	0	0	79800	0	0	0	0	0	0	0	40091	39709	10012	10004
/nfs/share/instances/gbd/cnf/01efd93e498fa0aa8b15a225c0222824-fdmus_b14_165.cnf.xz	01efd93e498fa0aa8b15a225c0222824	fecf977e898bf0513a58f1ba12870ec0	fdmus	unsat	None	7304	2688	100848	6	5066	2232	0	0	0	0	0	0	0	5750	4481	595	2144
/nfs/share/instances/gbd/cnf/01f6f378126fba702bfdca976b9ae406-46-127469.cnf.xz	01f6f378126fba702bfdca976b9ae406	13ffffb7e1880eb308478b8cdb78781f	station-repacking	unknown	None	713468	29663	10998591	3	712086	1	1	4	2	0	9	4	1358	712089	1382	1382	712086
/nfs/share/instances/gbd/cnf/01fb606163f23f52d676aa4f46b4381a-unif-k4-r9.931-v1700-c16883-S9029530188338078272.cnf.xz	01fb606163f23f52d676aa4f46b4381a	6b5965a084d1e9236648d9daff1e1c91	uniform-random	unknown	random_2014	16883	1700	360741	0	0	0	16883	0	0	0	0	0	0	5292	5426	1097	1013
/nfs/share/instances/gbd/cnf/02009b14e291072e12a5b27dffdf5a7b-9dlx_vliw_at_b_iq8_I3_C24.cnf.xz	02009b14e291072e12a5b27dffdf5a7b	83d73a39f459d2ef98be908443fb78c0	hardware-verification	unknown	None	1437279	132413	63643497	1	616936	323459	88202	58140	49030	29466	29829	19485	222731	890547	278556	324	510135
/nfs/share/instances/gbd/cnf/0202cc5d16223bceb61e66cc4d7168f7-58-105948.cnf.xz	0202cc5d16223bceb61e66cc4d7168f7	9e8fe3f7aff06f1ce2f81135dfead849	station-repacking	unknown	None	507040	24376	7756649	3	505912	1	1	3	2	0	8	1	1109	505915	1128	1128	505912
/nfs/share/instances/gbd/cnf/0202d973562cc1efd380b93faf711df3-48-114143.cnf.xz	0202d973562cc1efd380b93faf711df3	34d97e96efa5d00a1c73765c07cc67f1	station-repacking	unknown	None	608772	27187	9348598	3	607508	1	1	3	2	0	10	3	1241	607511	1264	1264	607508
/nfs/share/instances/gbd/cnf/02039a75cd47093fce9f1af3ab61a5e8-42-113961.cnf.xz	02039a75cd47093fce9f1af3ab61a5e8	3afd9108496b16c3ae403062b09e274b	station-repacking	unknown	None	584846	26462	8972012	3	583618	1	1	4	2	0	9	4	1204	583621	1228	1228	583618
/nfs/share/instances/gbd/cnf/0205c97b33f228ca830b36156eae9bc9-okgen-c1890-v450-s1673494695-1673494695.shuffled-as.sat03-1699.cnf.xz	0205c97b33f228ca830b36156eae9bc9	6dfb47d3d18a0c5b838f58a65f048296	random	unknown	random_2003	1890	450	27916	0	0	1890	0	0	0	0	0	0	0	938	952	235	227
/nfs/share/instances/gbd/cnf/0205e0724a8a912dde9ad7dfba2aee0b-003-23-80.cnf.xz	0205e0724a8a912dde9ad7dfba2aee0b	f7d23a28efe988b74ef9be20931d23ff	cryptography	sat	anni_2022	132592	4288	4912795	368	33	4618	8069	20351	1173	65550	32430	0	0	22960	20342	186	595
/nfs/share/instances/gbd/cnf/02066c116dbacc40ec5cca2067db26c0-mrpp_4x4#12_12.cnf.xz	02066c116dbacc40ec5cca2067db26c0	5cf868fa1b66e35fedbcdba5b6a33044	planning	unsat	anni_2022	16408	2672	260578	128	7744	5852	2288	396	0	0	0	0	0	14574	2409	220	6876
/nfs/share/instances/gbd/cnf/020bb8e3ad83c3e377648b6103c6fb4a-53-90970.cnf.xz	020bb8e3ad83c3e377648b6103c6fb4a	c49478d4efcb193dad72bb6345d15131	station-repacking	unknown	None	386729	20946	5880928	3	385762	1	1	2	2	0	7	1	950	385765	967	967	385762
/nfs/share/instances/gbd/cnf/020c63aa1ae5c6fe7aeb8e2fbef99a3c-b2005-p3-14x14c17h9-Ser4-0.cnf.xz	020c63aa1ae5c6fe7aeb8e2fbef99a3c	36c5cffec002aa42566a38534a547fbe	edge-matching	sat	None	33022269	204866	694079817	4837	5819763	26333258	833071	18993	12059	288	0	0	0	32192975	1156370	3402	29986767
/nfs/share/instances/gbd/cnf/021331d523ad3092616ff99cf0c6c355-arcfour_initialPermutation_6_14.cnf.xz	021331d523ad3092616ff99cf0c6c355	549033bd619626634d607482ec19c408	cryptography	unsat	anni_2022	405350	105743	8522384	385	39864	364561	516	16	6	2	0	0	0	221648	211615	6301	15966
/nfs/share/instances/gbd/cnf/021686368317a35103f1f671f783d958-velev-npe-1.0-9dlx-b71.cnf.xz	021686368317a35103f1f671f783d958	aba56e13d6a8a83ded3c82a3a4f396c2	hardware-verification	sat	anni_2022	14582074	889302	324126959	1	12803954	913633	18493	36153	44781	56210	57714	65128	586007	13729466	4760844	508	8054972
/nfs/share/instances/gbd/cnf/0216f9d35f2b695b904fffb312e3e611-cms-scheel-md5-families-r24-c11-p1-4-6-9-10-11-13-15-17-18-19.cnf.xz	0216f9d35f2b695b904fffb312e3e611	9b527a8fb47912318640ddced14d1903	cryptography	sat	anni_2022	131279	39550	2438326	7	46802	84442	0	0	0	0	0	0	28	76712	100074	2193	14734
/nfs/share/instances/gbd/cnf/02189c82c0395b9968ecb32895bc73c2-unif-k7-r86.395-v150-c12959-S7127314808333622769.cnf.xz	02189c82c0395b9968ecb32895bc73c2	760f2deac7067f027982d911d50f19db	uniform-random	unknown	random_2012	12959	150	367361	0	0	0	0	0	0	12959	0	0	0	792	797	102	87
/nfs/share/instances/gbd/cnf/02197ec055ea06c347bf1c6ceb6facf7-slp-synthesis-aes-bottom24.cnf.xz	02197ec055ea06c347bf1c6ceb6facf7	a1a037134e6c5db82745f9a827a6fb8b	cryptography	unknown	anni_2022	210488	62686	3800940	1	106681	102739	299	22	21	20	19	18	668	160919	152835	6425	11668
/nfs/share/instances/gbd/cnf/02223564bd2f5c20768e63cf28c785e3-mp1-squ_ali_s10x10_c39_abio_SAT.cnf.xz	02223564bd2f5c20768e63cf28c785e3	d2b06175765e907d90d9161bbddffd9d	cardinality-constraints	sat	anni_2022	5207	1672	70414	0	3150	1692	365	0	0	0	0	0	0	4025	4326	285	6
/nfs/share/instances/gbd/cnf/02257f12aa71e6622d2bf4d0f7111ebf-sgen1-unsat-139-100.cnf.mis-105.debugged.cnf.xz	02257f12aa71e6622d2bf4d0f7111ebf	aecc45e149cf2ad6586239f232120997	sgen	unknown	anni_2022	29649	14841	460451	104	15089	14456	0	0	0	0	0	0	0	29435	15053	214	244
/nfs/share/instances/gbd/cnf/0225fa9581c622e5abbc8497a97edf4e-fla-qhid-360-4.cnf.xz	0225fa9581c622e5abbc8497a97edf4e	30dfd5c7238bcea13fc5bd88909095cd	random-planted-solution	sat	random_2018	1980	360	28901	0	0	1980	0	0	0	0	0	0	0	1012	968	249	251
/nfs/share/instances/gbd/cnf/0227c865edaeda75e13eea36d57b7eed-sdiv40prop.cnf.xz	0227c865edaeda75e13eea36d57b7eed	bfe345984ddb73ac61b7214bfd90ceca	bitvector	unknown	anni_2022	63836	21554	1013739	1	42556	21279	0	0	0	0	0	0	0	45246	32854	9742	28293
/nfs/share/instances/gbd/cnf/022b841952d37f0d6a0d050c9b4b0071-goldb-heqc-i8mul.cnf.xz	022b841952d37f0d6a0d050c9b4b0071	6caebead460ed943af79cd97e2743bfc	miter	unsat	anni_2022	91139	14524	1884521	0	20982	42612	0	27544	0	0	0	0	1	24113	53416	23466	7210
/nfs/share/instances/gbd/cnf/022d902dc901cc9dbcb9e9af8b6728e2-56-123511.cnf.xz	022d902dc901cc9dbcb9e9af8b6728e2	488c257fe21c58908d38c57f0a673a90	station-repacking	unknown	None	681668	28540	10480008	3	680338	1	1	4	2	0	9	3	1307	680341	1330	1330	680338
/nfs/share/instances/gbd/cnf/022d99ed11a6bbad03a8d07be558411b-55-112996.cnf.xz	022d99ed11a6bbad03a8d07be558411b	b092dd4339f8a850a32ca212066c5c90	station-repacking	unknown	None	574830	26225	8808456	3	573612	1	1	4	2	0	9	4	1194	573615	1218	1218	573612
/nfs/share/instances/gbd/cnf/022dc7e9935f3570c088db58bd84b2c6-mrpp_6x6#12_8.cnf.xz	022dc7e9935f3570c088db58bd84b2c6	68f50c692593bc25e0beaacb7ec16ba9	planning	unsat	anni_2022	25537	3893	417632	280	11592	8456	4516	693	0	0	0	0	0	21820	4069	289	10337
/nfs/share/instances/gbd/cnf/022e05157f3057a9888a85eb94a26d3a-unif-k3-r4.25-v450-c1912-S216896591-15.SAT.shuffled.cnf.xz	022e05157f3057a9888a85eb94a26d3a	5194fb30267d4951097c6c081c5a5f69	uniform-random	sat	random_2007	1912	450	28219	0	0	1912	0	0	0	0	0	0	0	944	968	231	254
/nfs/share/instances/gbd/cnf/022fd6b1d5a66e11de5fdb58d51db99c-unif-k3-r4.261-v600-c2556-S1121556476-05.UNSAT.shuffled.cnf.xz	022fd6b1d5a66e11de5fdb58d51db99c	1dd9d4c910c21555cf6146a9853090d6	uniform-random	unsat	random_2007	2556	600	38297	0	0	2556	0	0	0	0	0	0	0	1303	1253	326	328
/nfs/share/instances/gbd/cnf/0230774d18baa0fb8e3267dcac0014f3-49-126600.cnf.xz	0230774d18baa0fb8e3267dcac0014f3	c301e54afc1313c9381e768cd9e05aed	station-repacking	unknown	None	741137	30041	11422924	3	739738	1	1	4	3	0	9	3	1375	739741	1399	1399	739738
/nfs/share/instances/gbd/cnf/0232a4f59601e7a78fa29e06d5091764-59-133416.cnf.xz	0232a4f59601e7a78fa29e06d5091764	8b2e1784575f08e9ea09a35cb39b3e0b	station-repacking	unknown	None	912715	33436	14115786	3	911157	1	1	6	2	0	9	3	1533	911160	1558	1558	911157
/nfs/share/instances/gbd/cnf/02393be00525d205cbe0b6ca8ed22f48-OKgenerator_s0=32s1=14n=8000l=3cp=33600-Dnr0=0nr1=5-o.shuffled-as.sat05-1694.cnf.xz	02393be00525d205cbe0b6ca8ed22f48	5d9868be5eac2ed1b601c5c47487cf8c	random	unknown	random_2005	33600	8000	607656	0	0	33600	0	0	0	0	0	0	0	16796	16804	4220	4166
/nfs/share/instances/gbd/cnf/023e522c9160d4d1584c5ce1a6ce48d1-5cnf_4100_4100_50f5.shuffled.cnf.xz	023e522c9160d4d1584c5ce1a6ce48d1	a544d91723cafae6a206ab7045ae1fef	random	unknown	random_2002	820	50	14560	0	0	7	141	672	0	0	0	0	0	175	178	27	32
/nfs/share/instances/gbd/cnf/02404a08ea36dd43362bbddc578c839d-ctl_4201_555_unsat.cnf.xz	02404a08ea36dd43362bbddc578c839d	d3a608c89278d7ac35aae1e509caffb7	scheduling	unsat	anni_2022	144538	17374	2973501	0	30642	35165	78731	0	0	0	0	0	0	44804	44799	3420	3426
/nfs/share/instances/gbd/cnf/0240f5bddc39ad2f0a786c811fc434a8-SC21_Timetable_C_542_E_71_Cl_36_S_35.cnf.xz	0240f5bddc39ad2f0a786c811fc434a8	0cd2aea85d4aaf9b304e97c60779d472	scheduling	sat	anni_2022	2770358	395916	61258233	2514	558742	2182828	22682	180	36	0	578	0	2798	2708948	376939	5178	264831
/nfs/share/instances/gbd/cnf/0241f35c5752768d2b0580533d143a14-53-131587.cnf.xz	0241f35c5752768d2b0580533d143a14	0512de646a4a96e70c24d03bd7b7db08	station-repacking	sat	anni_2022	834735	31983	12894127	3	833246	1	1	4	2	0	9	5	1464	833249	1489	1489	833246
/nfs/share/instances/gbd/cnf/0246c609c3a0f893028313b2291dac7c-47-133761.cnf.xz	0246c609c3a0f893028313b2291dac7c	2af6a2f1e2c0d74d561cb30ed3c10b07	station-repacking	unknown	None	898033	33173	13889053	3	896487	1	1	5	3	0	10	4	1519	896490	1546	1546	896487
/nfs/share/instances/gbd/cnf/024750eb1d45dbe3c081ff3372fff5be-49-23534.cnf.xz	024750eb1d45dbe3c081ff3372fff5be	a752f1a9f803bb423b06948e15cf962e	station-repacking	unknown	None	188008	11620	2705533	3	187472	1	0	2	1	0	2	0	527	187475	536	536	187472
/nfs/share/instances/gbd/cnf/024af9416f8c1dad1b4f974757e38d51-8-5-6.cnf.xz	024af9416f8c1dad1b4f974757e38d51	24db3ea20dd1fd354161c3e144dd6288	unknown	sat	anni_2022	1752053	74124	37114093	12621	204289	1533780	0	113	82	0	0	10	1158	1705995	176328	2714	97274
/nfs/share/instances/gbd/cnf/024bff5f92c610e530b3756f2ccb037d-45-101800.cnf.xz	024bff5f92c610e530b3756f2ccb037d	81942ffa3d7fed09e751ee36e98b8a7e	station-repacking	unknown	None	463937	23238	7078738	3	462862	1	1	3	2	0	8	1	1056	462865	1075	1075	462862
/nfs/share/instances/gbd/cnf/024d71cebfe2f5c3b574e2482b2c7b66-unif-k3-r4.2-v4000-c16800-S1946534526-16.cnf.xz	024d71cebfe2f5c3b574e2482b2c7b66	99b859459592bf32b11a210db9c432f8	uniform-random	unknown	random_2007	16800	4000	296767	0	0	16800	0	0	0	0	0	0	0	8381	8419	2044	2076
/nfs/share/instances/gbd/cnf/024ea469a7c368eadf441544cae9f90c-60-124891.cnf.xz	024ea469a7c368eadf441544cae9f90c	6a403552b183af427d1b2362509a0f64	station-repacking	unknown	None	698757	29130	10763189	3	697400	1	1	4	2	0	8	4	1334	697403	1357	1357	697400
/nfs/share/instances/gbd/cnf/02505bcdae17368b0b44efe673160eda-bench_5114.smt2.cnf.xz	02505bcdae17368b0b44efe673160eda	b8df0e46dc12bad30eb57f839586619f	agile	sat	agile_2016	77471	21678	1395120	101	23196	52136	1971	0	1	61	4	0	1	39528	49338	16933	8766
/nfs/share/instances/gbd/cnf/0257941d88a81ef2839a94587d03e87f-59-74078.cnf.xz	0257941d88a81ef2839a94587d03e87f	2f8d0052e15a02f62adac77f331d1b26	station-repacking	unknown	None	307136	18002	4639068	3	306301	1	1	3	1	0	5	1	820	306304	835	835	306301
/nfs/share/instances/gbd/cnf/025890af6c6f91ea4e405dbccab6be90-b2005-p2-12x12c10h7-Ser7-0.cnf.xz	025890af6c6f91ea4e405dbccab6be90	bd3b946b6522fa22d173b83e722a1e9a	edge-matching	unknown	main_2021	19274253	64359	389732188	2170	1078561	17930211	248089	9327	4895	0	600	200	200	19149876	246963	1557	18485561
/nfs/share/instances/gbd/cnf/025b05bcc900fa8e2675ba23c6e6d454-okgen-c1300-v650-s1509540531-1509540531.cnf.xz	025b05bcc900fa8e2675ba23c6e6d454	27185b3f3e42ca4fc189dae00838b535	random	unknown	random_2002	1300	650	19572	0	0	1300	0	0	0	0	0	0	0	680	620	164	160
/nfs/share/instances/gbd/cnf/025b4355cf82995a0c901b109bb2be55-bench_5103.smt2.cnf.xz	025b4355cf82995a0c901b109bb2be55	f4ef1d87f2a912eff28e51f94fbb715f	agile	unsat	agile_2016	10974	3127	164345	25	4776	5592	573	0	0	0	5	0	3	5905	6822	3557	1036
/nfs/share/instances/gbd/cnf/025fe6b9b2e74c53011badb9f2c79976-47-120087.cnf.xz	025fe6b9b2e74c53011badb9f2c79976	80a386bd4a606f4593a6a4b0ff3d5afb	station-repacking	unknown	None	643914	27917	9893520	3	642618	1	1	4	2	0	9	3	1273	642621	1296	1296	642618
/nfs/share/instances/gbd/cnf/02609dfe236c0c2beeac79e61cbe6151-12pipe_12_ooo_q0_T0.cnf.xz	02609dfe236c0c2beeac79e61cbe6151	989cce1ef16ef04e29589976e29c235b	hardware-verification	unknown	None	4206416	144721	90552084	1	3868470	269033	773	582	489	808	855	913	64492	4012718	511014	248	3485949
/nfs/share/instances/gbd/cnf/0261b44c278c36459061c368aa00575a-EDP3-12000.cnf.xz	0261b44c278c36459061c368aa00575a	582f536405fcb8df991431b4084b23b7	erdos-discrepancy	sat	anni_2022	750397	100282	15106627	0	125423	518692	106282	0	0	0	0	0	0	437910	437910	47141	47141
/nfs/share/instances/gbd/cnf/02627689047d06fbb642eef14768d751-ps_200_300_70.cnf.xz	02627689047d06fbb642eef14768d751	27b1edece5e3a30d93ad05a3a97abb60	cellular-automata	unsat	anni_2022	1533706	312901	39552510	0	286200	687506	319003	232997	8000	0	0	0	0	745903	599400	120802	247603
/nfs/share/instances/gbd/cnf/0262e0507796703aeed95b8eb6346828-md4__zeroOut_19__freeIn_23__seed_0.cnf.xz	0262e0507796703aeed95b8eb6346828	9da6238cf75f591b96f76faff932f973	cryptography	sat	None	121197	7089	3737329	701	696	11088	11368	25152	43392	28800	0	0	0	27429	25945	333	6324
/nfs/share/instances/gbd/cnf/0265448c232e3a25aa5bcd29b1b14567-x9-10051.sat.sanitized.cnf.xz	0265448c232e3a25aa5bcd29b1b14567	b7dae5f3dca8186031e39890756c2ec0	hamiltonian	unsat	main_2024	4498	500	55762	0	4098	0	98	204	98	0	0	0	0	4098	400	400	4098
/nfs/share/instances/gbd/cnf/026697efcbda72c2263c11b12cd22677-fpu3-problem.dimacs_18.filtered.cnf.xz	026697efcbda72c2263c11b12cd22677	4f53005a3f2322fa17ebc02922b7e292	design-debugging	unsat	None	410963	120074	7777157	907	175654	228582	5820	0	0	0	0	0	0	271181	299651	8725	22692
/nfs/share/instances/gbd/cnf/026c28cff76457b2fa8eba99520a0f9a-unif2p-p0.9-v1170-c4235-S1138392605-05-UNKNOWN.cnf.xz	026c28cff76457b2fa8eba99520a0f9a	07fc8b163bc4ad23d0a8978517d6247a	uniform-random	unknown	random_2007	4234	1170	64322	0	423	3811	0	0	0	0	0	0	0	2224	2207	579	620
/nfs/share/instances/gbd/cnf/026d5d5889dc62956ad30fa3a6ed61e4-56-108570.cnf.xz	026d5d5889dc62956ad30fa3a6ed61e4	f724fc23cfdc80349711bb510df63542	station-repacking	unknown	None	548150	25502	8393750	3	546967	1	1	4	2	0	9	2	1161	546970	1183	1183	546967
/nfs/share/instances/gbd/cnf/0272edf70e38a36b32b924ceb16c7156-49-120481.cnf.xz	0272edf70e38a36b32b924ceb16c7156	db89698586bd1dd20abe364307482e15	station-repacking	unknown	None	694674	29092	10690548	3	693322	1	1	4	3	0	9	3	1328	693325	1352	1352	693322
/nfs/share/instances/gbd/cnf/027330866147a897c5c9b5d4d47d28cb-44-123759.cnf.xz	027330866147a897c5c9b5d4d47d28cb	2849b1d99c32fb61235c71e3c0ac79d5	station-repacking	unknown	None	718033	29678	11062855	3	716652	1	1	4	2	0	9	2	1359	716655	1381	1381	716652
/nfs/share/instances/gbd/cnf/0275407378707ad9eed2f8b30386a789-bench_5463.smt2.cnf.xz	0275407378707ad9eed2f8b30386a789	fedb729527c6e7399f25e33804e12ef9	agile	sat	agile_2016	77513	21678	1396238	92	23223	52133	1974	0	3	85	2	0	1	39532	49352	16942	8768
/nfs/share/instances/gbd/cnf/027761d107a7927810afd569bfd81a4e-okgen-c2925-v450-s267765658-267765658.cnf.xz	027761d107a7927810afd569bfd81a4e	dc375270081385ca0b6d6cb76fcb0e03	random	unknown	random_2002	2925	450	43135	0	0	2925	0	0	0	0	0	0	0	1479	1446	385	355
/nfs/share/instances/gbd/cnf/0278eee117c3821771e2d18d710a89ad-equilarge_l5.sat05-522.reshuffled-07.cnf.xz	0278eee117c3821771e2d18d710a89ad	876f9f53125a09ce7d420dd8d73c5ef2	equivalence-chain	unknown	anni_2022	18519	4478	322637	0	1355	17164	0	0	0	0	0	0	0	9582	9623	2504	2459
/nfs/share/instances/gbd/cnf/027b35979bc619b89cad395d958b3270-43-100044.cnf.xz	027b35979bc619b89cad395d958b3270	09b78fbd6a70eee42055765291540832	station-repacking	unknown	None	466919	23313	7123617	3	465841	1	1	4	2	0	7	1	1059	465844	1078	1078	465841
/nfs/share/instances/gbd/cnf/027dd75e80e8fd4374ed8eec187f956a-bench_138.smt2.cnf.xz	027dd75e80e8fd4374ed8eec187f956a	685494acba1e4fd027c174e4418d2c2e	agile	unsat	agile_2016	5347	1592	80971	2	1573	3708	35	0	0	0	14	0	15	2652	3905	574	719
/nfs/share/instances/gbd/cnf/0286e90d6f0176c6f49ca4b6d0c08dff-46-128169.cnf.xz	0286e90d6f0176c6f49ca4b6d0c08dff	9a486fb34862ce5a5646f7b753415fd7	station-repacking	unknown	None	733397	30087	11311703	3	731994	1	1	4	2	0	9	5	1378	731997	1403	1403	731994
/nfs/share/instances/gbd/cnf/028d0cc7af63e9bba5795f20e24db4f6-pyhala-braun-sat-35-4-04.shuffled.cnf.xz	028d0cc7af63e9bba5795f20e24db4f6	60d9b7ee8c58b2f8f6ad4273aa7311bd	prime-factoring	sat	anni_2022	24320	7383	385481	73	9864	14383	0	0	0	0	0	0	0	14640	14625	4339	4330
/nfs/share/instances/gbd/cnf/028d1cef617dc62904ce9a7718081d4b-bench_16585.smt2.cnf.xz	028d1cef617dc62904ce9a7718081d4b	c20a701f7d8034bf86bf00dfeeae9128	agile	unsat	agile_2017	2708378	763919	57189354	5448	988848	1603946	110018	0	0	0	0	0	118	1553087	1490625	909641	231372
/nfs/share/instances/gbd/cnf/0291268a34c2d681dbed04f2c169fa9f-UNSAT_MS_sat_nurikabe_p16.pddl_85.cnf.xz	0291268a34c2d681dbed04f2c169fa9f	b366d16566664534070173222c516f3c	planning	unknown	planning_2020	109206672	9538112	2394962113	2327	101995410	3522995	3512880	340	1700	510	1020	0	169490	105508407	56592267	2326	49103736
/nfs/share/instances/gbd/cnf/0294158664d9ada36bd23fbb652cb823-smtlib-qfbv-aigs-countbits128-tseitin.cnf.xz	0294158664d9ada36bd23fbb652cb823	2b56e70d6b1f775b02af386d921dfa8a	bitvector	unsat	anni_2022	287045	95810	4895603	2	191362	95681	0	0	0	0	0	0	0	222998	143959	47406	111453
/nfs/share/instances/gbd/cnf/029769d31380aed4e9915d27c73d18d6-bench_7933.smt2.cnf.xz	029769d31380aed4e9915d27c73d18d6	4706445dcbbe29eb8036e5c5efbb9ab3	agile	unsat	agile_2016	18551	5343	288376	37	7455	10311	738	0	0	0	10	0	0	9565	12150	5221	2027
/nfs/share/instances/gbd/cnf/0297c2a35f116ffd5382aea5b421e6df-Urquhart-s3-b3.shuffled-as.sat03-1556.cnf.xz	0297c2a35f116ffd5382aea5b421e6df	fbf146c7b436dccb78ae1b3c1a31b549	tseitin-formulas	unsat	anni_2022	376	45	7916	0	0	8	32	80	192	64	0	0	0	75	57	9	5
/nfs/share/instances/gbd/cnf/0299da6b2088736e46a6ebf067804596-unif-k3-r4.25-v560-c2380-S1876865608-086.cnf.xz	0299da6b2088736e46a6ebf067804596	9932f9f51e16a48f8e09a8fd27748601	uniform-random	sat	random_2009	2380	560	35505	0	0	2380	0	0	0	0	0	0	0	1227	1153	291	318
/nfs/share/instances/gbd/cnf/029a78f54a28bab5de0ac9ea07823e74-43-134139.cnf.xz	029a78f54a28bab5de0ac9ea07823e74	b518ac4665ab70245f121ce589d85706	station-repacking	unknown	None	812817	31561	12547947	3	811347	1	1	5	2	0	9	4	1445	811350	1470	1470	811347
/nfs/share/instances/gbd/cnf/029cf5345cbde37e75d11fe7c9f07ded-53-125875.cnf.xz	029cf5345cbde37e75d11fe7c9f07ded	f6d4745d6e0bfe1d0e50b1d6091a9eab	station-repacking	unknown	None	742856	30081	11448338	3	741456	1	1	4	2	0	9	4	1376	741459	1400	1400	741456
/nfs/share/instances/gbd/cnf/029ef821bff942b1be483e35b4256d79-unif-k7-r61.0-v50000-c3050000-S6737058358718563174.cnf.xz	029ef821bff942b1be483e35b4256d79	19b848bb47f542e3b708a4b1c377d1bb	uniform-random	unknown	random_2014	3050000	50000	140128548	0	0	0	0	0	0	3050000	0	0	0	190779	190508	24099	23818
/nfs/share/instances/gbd/cnf/029f943a34e4b12fa59c6a3664e481bb-41-118297.cnf.xz	029f943a34e4b12fa59c6a3664e481bb	1b613be28dc5b1696a0cd77e560a1f2d	station-repacking	unknown	None	679436	28641	10454628	3	678105	1	1	4	2	0	8	4	1308	678108	1331	1331	678105
/nfs/share/instances/gbd/cnf/02a5d44d0559dc046e591dd8c10f2c10-rphp_p100_r100.cnf.xz	02a5d44d0559dc046e591dd8c10f2c10	f5a6bafdeed7528b8d6080f0f25c8a9a	relativized-pigeon-hole	unknown	submissions_2022	995250	20000	21769789	0	505000	0	490050	0	0	0	0	0	200	995050	10200	100	985050
/nfs/share/instances/gbd/cnf/02aa8df7d5f231c1fa8c138bf71881b8-fla-qhid-420-3.cnf.xz	02aa8df7d5f231c1fa8c138bf71881b8	1b6e0917948329dda7cb118727373d27	random-planted-solution	sat	random_2017	2310	420	33798	0	0	2310	0	0	0	0	0	0	0	1094	1216	310	258
/nfs/share/instances/gbd/cnf/02aab5b634bc3b1de8567a15f468dd53-50-105833.cnf.xz	02aab5b634bc3b1de8567a15f468dd53	e1944ef7985af109ebe032ed48bbc234	station-repacking	unknown	None	509614	24600	7786094	3	508477	1	1	4	3	0	6	1	1118	508480	1137	1137	508477
/nfs/share/instances/gbd/cnf/02abb73bd8e7095a9f18f82d8239eb97-unif-k3-r4.267-v11600-c49497-S369478984820784143.cnf.xz	02abb73bd8e7095a9f18f82d8239eb97	0a74df0d6831b0e1f43e5be80ce31625	uniform-random	unknown	random_2016	49497	11600	921872	0	0	49497	0	0	0	0	0	0	0	24759	24738	6174	6110
/nfs/share/instances/gbd/cnf/02ad1665470545464a4d28a0d4b94570-bench_10614.smt2.cnf.xz	02ad1665470545464a4d28a0d4b94570	9aeccdd4ea6f2b7a5b5eed00b9cd616d	agile	unsat	agile_2016	190228	55224	3535809	1107	68604	113937	6570	0	0	1	8	1	0	102767	112274	58248	21710
/nfs/share/instances/gbd/cnf/02ad294c09a41578dac649a64b6aadd6-unif-k3-r4.26-v400-c1704-S1409021001-079.UNKNOWN.cnf.xz	02ad294c09a41578dac649a64b6aadd6	f7891053b28fd67199d5215af147d51b	uniform-random	unknown	random_2011	1704	400	25047	0	0	1704	0	0	0	0	0	0	0	894	810	195	227
/nfs/share/instances/gbd/cnf/02ae49a7f45355f52f90208a8ba5164d-53-120210.cnf.xz	02ae49a7f45355f52f90208a8ba5164d	0785bf93e594f4edcf50e960849c50b4	station-repacking	unknown	None	705768	29279	10865682	3	704406	1	1	4	2	0	9	4	1338	704409	1362	1362	704406
/nfs/share/instances/gbd/cnf/02ae8832f0c2821eef1e72d3df540a22-48-121115.cnf.xz	02ae8832f0c2821eef1e72d3df540a22	7d6c693625044fe36f8518e861e62c66	station-repacking	unknown	None	684771	28957	10544302	3	683423	1	1	3	2	0	10	3	1325	683426	1348	1348	683423
/nfs/share/instances/gbd/cnf/02b0ba33fc854c843c151f951be44010-bench_11194.smt2.cnf.xz	02b0ba33fc854c843c151f951be44010	e03e33d179dc114422392e7a8f2bba33	agile	unsat	agile_2016	10976	3127	164375	25	4778	5590	575	0	0	0	5	0	3	5909	6818	3557	1035
/nfs/share/instances/gbd/cnf/02b385a378c232c0671c7ccae533ddfb-bench_17739.smt2.cnf.xz	02b385a378c232c0671c7ccae533ddfb	d0b23b5b1557f03f7e03e54be6f68996	agile	sat	agile_2017	4539368	1263074	99146553	6921	1624889	2721693	185716	0	2	1	2	0	144	2556992	2520946	1475658	392578
/nfs/share/instances/gbd/cnf/02b3ef3c69fd77ed8ef830f4256b0022-41-114703.cnf.xz	02b3ef3c69fd77ed8ef830f4256b0022	655553619ba73d61d6ec96b0f840fde6	station-repacking	unknown	None	615904	27154	9457308	3	614644	1	1	4	2	0	8	4	1237	614647	1260	1260	614644
/nfs/share/instances/gbd/cnf/02b60dfe8004125530bfd1b4d055dc6b-43-122695.cnf.xz	02b60dfe8004125530bfd1b4d055dc6b	8e06b4d6607be92393b7f8ae6c474c26	station-repacking	unknown	None	646258	28101	9936987	3	644951	1	1	4	2	0	9	4	1283	644954	1307	1307	644951
/nfs/share/instances/gbd/cnf/02b69d0e5c2b68d5c3d650164b6c277d-Q3inK08.cnf.xz	02b69d0e5c2b68d5c3d650164b6c277d	46200d8895ab0e1d5dea45c7202fa65f	ramseycube	sat	anni_2022	1680	28	66000	0	0	0	0	0	0	0	0	0	1680	840	840	840	840
/nfs/share/instances/gbd/cnf/02bc149bbe801807912f651c7bad3e74-dead-dnd008.shuffled-as.sat05-3114.cnf.xz	02bc149bbe801807912f651c7bad3e74	e3e114b6432d2f460894bc54133d020f	quasigroup-completion	unsat	anni_2022	14917	1568	379277	35	1079	8706	292	368	444	543	912	680	1858	5775	5223	1310	1578
/nfs/share/instances/gbd/cnf/02c18b0862662b066404f55c815e459b-49-120249.cnf.xz	02c18b0862662b066404f55c815e459b	0db681f07ea6dd2b328a3c0cc327afe8	station-repacking	unknown	None	694716	29092	10691323	3	693364	1	1	4	3	0	9	3	1328	693367	1352	1352	693364
/nfs/share/instances/gbd/cnf/02c1c6307289afd9f6ac81979b251df2-sha256__zeroOut_04__freeIn_08__seed_1.cnf.xz	02c1c6307289afd9f6ac81979b251df2	408769150215a9f104d276d41e09c909	cryptography	sat	None	618749	37633	23246871	2813	656	55024	120048	64368	60000	225600	90240	0	0	150221	140485	1350	8223
/nfs/share/instances/gbd/cnf/02c1d1c6fb0c6558032f7b5f115702cf-60-135765.cnf.xz	02c1d1c6fb0c6558032f7b5f115702cf	5aea861981b7796ef1d74f3f8e9f8a0e	station-repacking	unknown	None	972559	34702	15058965	3	970944	2	1	4	3	0	8	4	1590	970947	1615	1615	970944
/nfs/share/instances/gbd/cnf/02c23ebafea72bcb7135ab806aa3e1a6-power2sum.8684.smt2.cnf.xz	02c23ebafea72bcb7135ab806aa3e1a6	78d809993847711b06d40c09f3d4d848	bitvector	unsat	None	607796	208387	11625814	8	312568	295220	0	0	0	0	0	0	0	416779	373353	34743	156292
/nfs/share/instances/gbd/cnf/02c3dfc0e9c16c69a66b5b7412e512ef-bench_16473.smt2.cnf.xz	02c3dfc0e9c16c69a66b5b7412e512ef	0866ad9b36bb074141d38bfc27b6d76c	agile	unsat	agile_2017	4640604	1282756	105979903	1572	1179028	3384477	75444	1	0	1	57	0	24	2052320	3253376	692530	685822
/nfs/share/instances/gbd/cnf/02c3f1d24074cba45a64d0b4b5aa0238-g2-hwmcc15deep-bobpcihm-k32.cnf.xz	02c3f1d24074cba45a64d0b4b5aa0238	3422555691690e6b21b7f6d785333558	miter	unsat	anni_2022	566667	204319	10383402	1	376316	190350	0	0	0	0	0	0	0	419996	292638	84737	230351
/nfs/share/instances/gbd/cnf/02c6fe8483e4f4474b7ac9731772535d-ncc_none_7047_6_3_3_0_0_420.cnf.xz	02c6fe8483e4f4474b7ac9731772535d	669dec4994a317046dc50dc5dadac838	core-based-generator	unsat	anni_2022	5359707	1484350	136209844	0	8774	5338314	5075	497	0	0	0	0	7047	2678319	2675423	332984	339156
/nfs/share/instances/gbd/cnf/02cba4bd89eb7ecbf0f063c4c4fef7d6-unif-k5-r21.3-v130-c2769-S1032474357-17.SAT.shuffled.cnf.xz	02cba4bd89eb7ecbf0f063c4c4fef7d6	974b338e97796699d6dea55cf8878ccf	uniform-random	sat	random_2007	2769	130	56195	0	0	0	0	2769	0	0	0	0	0	547	496	76	86
/nfs/share/instances/gbd/cnf/02ce47de081045ece3d651b805235346-unif-k3-r4.267-v2000-c8534-S8225079748202723969.cnf.xz	02ce47de081045ece3d651b805235346	b736583617f5343eb9aeec8a67156eb1	uniform-random	unknown	random_2012	8534	2000	143418	0	0	8534	0	0	0	0	0	0	0	4228	4306	1056	1002
/nfs/share/instances/gbd/cnf/02cf287a41c2cc7a79c682495df002d4-45-119646.cnf.xz	02cf287a41c2cc7a79c682495df002d4	157510daaa45c014edb1604f6091e73e	station-repacking	unknown	None	727092	29822	11205605	3	725704	1	1	3	2	0	9	3	1366	725707	1388	1388	725704
/nfs/share/instances/gbd/cnf/02cf500db31aa951989bf4947d9165e5-bench_2694.smt2.cnf.xz	02cf500db31aa951989bf4947d9165e5	e185a6be539e04d37ee0152e03354937	agile	unsat	agile_2016	11187	3188	167670	24	4911	5645	599	0	0	0	5	0	3	6025	6968	3638	1038
/nfs/share/instances/gbd/cnf/02cfa5a71b5c89a1b10b5f5a5221ed05-clauses-8.cnf.xz	02cfa5a71b5c89a1b10b5f5a5221ed05	940f339954500ab3c9392d2cb5f29d43	alloy-vpn-models	sat	anni_2022	5687554	1461772	116930745	1	4325673	961281	11051	354960	14	9	0	0	34565	4712838	4312240	940583	407913
/nfs/share/instances/gbd/cnf/02cff9bea08ed95b701d23e743e2ce13-unif-k4-r9.931-v185-c1837-S4628723751657252146.cnf.xz	02cff9bea08ed95b701d23e743e2ce13	5306e9eacd2194d4880b1de7df60aa2e	uniform-random	unsat	random_2013	1837	185	32396	0	0	0	1837	0	0	0	0	0	0	566	588	124	106
/nfs/share/instances/gbd/cnf/02d15c71f00ba4808c8efff0ed6d71ce-bench_10058.smt2.cnf.xz	02d15c71f00ba4808c8efff0ed6d71ce	3916fbdb7476142274f147f3b46b6cee	agile	unsat	agile_2016	18631	5372	289597	19	7556	10273	773	0	0	0	10	0	0	9621	12114	5363	1996
/nfs/share/instances/gbd/cnf/02d4f72ae5dd9be8edcd3bff7e63f8ad-bench_2875.smt2.cnf.xz	02d4f72ae5dd9be8edcd3bff7e63f8ad	8eef4438209f9bb2d188ede678601f75	agile	sat	agile_2016	105411	30031	1916610	443	34308	67469	3098	0	3	86	0	0	4	58455	63634	26471	9636
/nfs/share/instances/gbd/cnf/02d8847ee38504792705d794eb93e9a7-traffic_b_unsat.cnf.xz	02d8847ee38504792705d794eb93e9a7	ac0166de8f64dc4c57894bc74364bf97	scheduling	unsat	anni_2022	742909	26061	18699172	0	44599	90788	607522	0	0	0	0	0	0	85126	85125	4864	4871
/nfs/share/instances/gbd/cnf/02d8ce98d8be14b6cb115dd4752d7c09-unif-k7-r85-v140-c11900-S870840347-014.cnf.xz	02d8ce98d8be14b6cb115dd4752d7c09	667bb1f6dd2b9f52010a0228c2ed8e1c	uniform-random	unknown	random_2009	11900	140	332913	0	0	0	0	0	0	11900	0	0	0	742	745	102	103
/nfs/share/instances/gbd/cnf/02da8e9305ee7b4ad33c348f46afebea-x9-03055.sat.sanitized.cnf.xz	02da8e9305ee7b4ad33c348f46afebea	1431c60a3d7a52e2cad06e23a28ac56c	hamiltonian	unknown	submissions_2024	1345	150	15074	0	1225	0	25	70	25	0	0	0	0	1225	120	120	1225
/nfs/share/instances/gbd/cnf/02de69784e1bd36ed3ac1a0a7371fad0-56-124441.cnf.xz	02de69784e1bd36ed3ac1a0a7371fad0	701f773d123171404642a67b58a95c55	station-repacking	unknown	None	696379	28908	10714152	3	695031	1	1	4	2	0	9	3	1325	695034	1348	1348	695031
/nfs/share/instances/gbd/cnf/02e336c79a69ddf2e868232321abd154-48-111574.cnf.xz	02e336c79a69ddf2e868232321abd154	ef469226daa2df1e86e7fe0f162f9fb7	station-repacking	unknown	None	577913	26430	8868788	3	576686	1	1	3	2	0	10	3	1204	576689	1227	1227	576686
/nfs/share/instances/gbd/cnf/02e4f23ed59566d343b605dc2cc30a01-REGRandom-K4-L3-Seed40.sanitized.cnf.xz	02e4f23ed59566d343b605dc2cc30a01	2588a7d3de277e35da6f6704c244bc2d	reg-n	unsat	main_2024	13231616	22528	332485992	0	2080768	11141120	0	0	0	0	0	0	9728	13221888	2048	2048	13221888
/nfs/share/instances/gbd/cnf/02e781d6f1761a8135a599de8c34bc88-fdmus_b22_176.cnf.xz	02e781d6f1761a8135a599de8c34bc88	f3bbe37e12c6d5102cbd3a7b5d91c37a	fdmus	unsat	None	15338	5556	219097	6	10574	4758	0	0	0	0	0	0	0	11834	8918	1666	5165
/nfs/share/instances/gbd/cnf/02ee4550987a8545d00d0ad14d4b215c-manthey_DimacsSorter_28_0.cnf.xz	02ee4550987a8545d00d0ad14d4b215c	42c8a8d8849162c609db4e8a9d5bc6b7	dimacs-sorter	unknown	main_2015	13057	3986	180234	0	9208	3621	86	75	49	2	8	0	8	10890	10069	13	1306
/nfs/share/instances/gbd/cnf/02eef920cd1aab9ef3492fe27bf515c4-php-025-024.shuffled-as.sat05-1191.cnf.xz	02eef920cd1aab9ef3492fe27bf515c4	07fb4b0fd229facf1b34f6fb2e701b61	pigeon-hole	unsat	anni_2022	7225	600	79198	0	7200	0	0	0	0	0	0	0	25	5403	5379	1797	1821
/nfs/share/instances/gbd/cnf/02eff2cc9db1e6abe53e55e9e3f5277f-unif-k3-r4.26-v6200-c26412-S3357862223654450007.cnf.xz	02eff2cc9db1e6abe53e55e9e3f5277f	9967dc5f8fb0a5766bc6c6e9b7f10605	uniform-random	unknown	portfolio_2012	26412	6200	474053	0	0	26412	0	0	0	0	0	0	0	13141	13271	3371	3239
/nfs/share/instances/gbd/cnf/02f019f0a4040c0f9b52cd910997a362-bench_17307.smt2.cnf.xz	02f019f0a4040c0f9b52cd910997a362	bf4854fd5b69e7519bda27580e4084aa	agile	unsat	agile_2016	20168	5826	313463	58	8185	11109	806	0	0	1	9	0	0	10519	13132	5785	2160
/nfs/share/instances/gbd/cnf/02f2343e32f9070f149708d77556b4aa-Kakuro-easy-117-ext.xml.hg_5.cnf.xz	02f2343e32f9070f149708d77556b4aa	9c55e620f95945336a84c0319e5164f6	hypertree-decomposition	sat	anni_2022	17999309	145123	448259179	158	208193	7818946	9972012	0	0	0	0	0	0	12156850	2129789	13049	38394
/nfs/share/instances/gbd/cnf/02f3a178829aa3838b2ad9a14f986913-sha1__zeroOut_16__freeIn_20__seed_2.cnf.xz	02f3a178829aa3838b2ad9a14f986913	d6fc069bcf2aab87faf4f1773e0ed62f	cryptography	sat	None	478985	13409	18404571	797	90	8800	33330	91088	4080	228000	112800	0	0	79635	75592	379	3111
/nfs/share/instances/gbd/cnf/02f3e7cd5ffb56be6f619896a40fd628-unif-k3-r4.267-v6000-c25602-S2702893370182692242.cnf.xz	02f3e7cd5ffb56be6f619896a40fd628	59483a069bbabcc3350143e8f7a61da7	uniform-random	sat	random_2013	25602	6000	459081	0	0	25602	0	0	0	0	0	0	0	12792	12810	3184	3201
/nfs/share/instances/gbd/cnf/02f6ca52f1ada872d82035088701b66a-linked_list_swap_contents_safety_unwind69.cnf.xz	02f6ca52f1ada872d82035088701b66a	8b8d61596cf5e7d7ad9305fe4b9e0a58	software-verification	unsat	main_2024	33181429	2705815	839747624	465777	28065666	3470919	425543	55	25	36	58	22	753328	29692929	6668298	988988	24850453
/nfs/share/instances/gbd/cnf/02fe323166b147f507e045f04062854d-52-128677.cnf.xz	02fe323166b147f507e045f04062854d	3513fe69e53614ea9f11a2d45c526eb1	station-repacking	unknown	None	769003	30688	11861917	3	767572	1	1	4	2	0	8	4	1408	767575	1431	1431	767572
/nfs/share/instances/gbd/cnf/02ff9a8d99be52af14523c433e6caff4-unif-k4-r9.931-v1350-c13407-S5137793542187515315.cnf.xz	02ff9a8d99be52af14523c433e6caff4	b5401726a53eab37bec9c24a1c3c0b25	uniform-random	unknown	random_2014	13407	1350	277487	0	0	0	13407	0	0	0	0	0	0	4196	4187	841	846
/nfs/share/instances/gbd/cnf/0300d80a6c897c389a07ee4bcf3e926c-gencnf-k7-r88.7-v110-c9757-10-S1990889202.used-as.sat04-250.cnf.xz	0300d80a6c897c389a07ee4bcf3e926c	623f65aaaa0d304b2adbd8f1febf69ac	random	unknown	random_2004	9757	110	257432	0	0	0	0	0	0	9757	0	0	0	521	660	97	71
/nfs/share/instances/gbd/cnf/03041657b7177746724b819433c83b20-blocks-4-ipc5-h21-unknown.cnf.xz	03041657b7177746724b819433c83b20	bca0defa0c1e8847b0d56f23093f2d69	planning	unsat	anni_2022	905980	136756	16958458	125	771665	128198	1424	79	61	67	66	66	4229	860371	816055	797	672
/nfs/share/instances/gbd/cnf/03083b81684212efcf3f415df0127130-SAT_dat.k100-sc2012.cnf.xz	03083b81684212efcf3f415df0127130	020c69e403a4367dbf4d6c7d30e9b2f0	hardware-verification	unknown	main_2019	1425421	349350	28667776	5972	1095694	176693	48702	41350	22896	9361	9387	3393	11973	1129021	1066625	79756	179351
/nfs/share/instances/gbd/cnf/0309535f129965796de4193e1605bfa9-bench_13495.smt2.cnf.xz	0309535f129965796de4193e1605bfa9	4a24f75f359936282a4974f87ca32581	agile	sat	agile_2017	351413	99023	6768168	184	104232	238510	8455	0	0	3	18	0	11	177381	223744	77680	41578
/nfs/share/instances/gbd/cnf/0309ea422084568c2b4df13b32094380-rbsat-v945c61409gyes1.cnf.xz	0309ea422084568c2b4df13b32094380	7b8f701bb1e86415e1fabcfde2fb3deb	rbsat	sat	anni_2022	61409	945	725032	0	61364	0	0	0	0	0	0	0	45	61364	45	45	61364
/nfs/share/instances/gbd/cnf/030ae49b1ccd2bdce8a35ae95997bdca-42-137659.cnf.xz	030ae49b1ccd2bdce8a35ae95997bdca	7a2e5207920dd79d6bea25e2164eb81c	station-repacking	unknown	None	911775	33514	14102690	3	910213	2	1	4	3	0	9	4	1536	910216	1562	1562	910213
/nfs/share/instances/gbd/cnf/030f36e3ef0e56533706d6c1b4fd31e1-bench_8513.smt2.cnf.xz	030f36e3ef0e56533706d6c1b4fd31e1	1230ad3a7d914a8eacefc562463f37fa	agile	unsat	agile_2017	4611537	1274634	105274032	1571	1168829	3366746	74308	0	1	1	57	0	24	2037089	3236476	683255	682601
/nfs/share/instances/gbd/cnf/0313ef9736992ac0bef42713aedf8a1f-unif-k7-r85-v240-c20400-S788797920-13.cnf.xz	0313ef9736992ac0bef42713aedf8a1f	9e9772a2682158020ed1a962a50a7606	uniform-random	unknown	random_2007	20400	240	617336	0	0	0	0	0	0	20400	0	0	0	1315	1298	172	162
/nfs/share/instances/gbd/cnf/0316093cadcfd18a4e30b7974e62fecd-unif-k7-r66.0-v50000-c3300000-S6452105525405296639.cnf.xz	0316093cadcfd18a4e30b7974e62fecd	74aebd73cc715382858726a79903c935	uniform-random	sat	random_2018	3300000	50000	151618049	0	0	0	0	0	0	3300000	0	0	0	206007	206413	25941	25655
/nfs/share/instances/gbd/cnf/031757c0a6797eddf3e84bcefbbdb753-b2005-p2-14x14c17h9-Ser4-0.cnf.xz	031757c0a6797eddf3e84bcefbbdb753	0208ce3e9b365d17d57566a011de8433	edge-matching	unknown	anni_2022	30728040	147982	640688637	4183	5885847	24143348	666752	15408	11926	288	144	0	144	30190554	864913	3267	28287403
/nfs/share/instances/gbd/cnf/031a9d2143b30c6682f1f8fe23526804-60-88383.cnf.xz	031a9d2143b30c6682f1f8fe23526804	fd346496e2584ae7fa2dc1b5597059d4	station-repacking	unknown	None	363813	20052	5522008	3	362885	1	1	3	1	0	7	1	911	362888	928	928	362885
/nfs/share/instances/gbd/cnf/031c116d206f65d7c267d30108cd00a0-56-134443.cnf.xz	031c116d206f65d7c267d30108cd00a0	1f63ca674d52259a7c572edabf86f647	station-repacking	unknown	None	863721	32413	13345895	3	862211	1	1	4	2	0	9	3	1487	862214	1510	1510	862211
/nfs/share/instances/gbd/cnf/031c99d72be38eedacc8b402784e9821-partial-10-17-u.cnf.xz	031c99d72be38eedacc8b402784e9821	3e80d22046c0a0059904e9df636ae843	diagnosis	unknown	anni_2022	1396189	298516	26004188	22282	1088329	230118	6160	24640	6180	12320	0	0	6160	1202891	870001	6524	455846
/nfs/share/instances/gbd/cnf/031daf860acbce867db7559c74bb1c60-sgen4-sat-310-8.cnf.xz	031daf860acbce867db7559c74bb1c60	8b9c81a80f64b8225a8a38149ca8a1a3	sgen	unknown	crafted_2012	744	310	9210	1	619	0	0	124	0	0	0	0	0	510	478	133	172
/nfs/share/instances/gbd/cnf/031f2533749fafff58983d342f8c7ee3-55-115014.cnf.xz	031f2533749fafff58983d342f8c7ee3	c0840c02f640aa32156bfc6680d38af3	station-repacking	unknown	None	611081	27072	9373881	3	609822	1	1	4	2	0	9	5	1234	609825	1259	1259	609822
/nfs/share/instances/gbd/cnf/0320af21bba8b8cd940a95277377803d-okgen-c1200-v300-s509783707-509783707.cnf.xz	0320af21bba8b8cd940a95277377803d	0abbc17f2bf7447a357dad57f35a9581	random	unknown	random_2002	1200	300	17259	0	0	1200	0	0	0	0	0	0	0	605	595	162	139
/nfs/share/instances/gbd/cnf/032117a0ac42531420174f9b1234b6de-45-96373.cnf.xz	032117a0ac42531420174f9b1234b6de	6d118673090cf6b99aff8509e23b7021	station-repacking	unknown	None	420024	21915	6396207	3	419012	1	1	2	2	0	7	1	995	419015	1012	1012	419012
/nfs/share/instances/gbd/cnf/0321654854668173ef9983b879622722-51-115848.cnf.xz	0321654854668173ef9983b879622722	b5fbcc6938915019c4553eb52c64400f	station-repacking	unknown	None	581162	26405	8913624	3	579935	1	1	4	2	0	10	4	1202	579938	1227	1227	579935
/nfs/share/instances/gbd/cnf/032172c44f98289cf10e06ffeaf7745b-bench_12334.smt2.cnf.xz	032172c44f98289cf10e06ffeaf7745b	2dec3922e2edcf1f31dcfcac84ff0382	agile	sat	agile_2017	4593955	1269765	104882592	1596	1162693	3355812	73779	0	0	6	51	0	18	2029263	3222493	681737	680456
/nfs/share/instances/gbd/cnf/0325f5bdfff16d1756f786bfdccd2d26-puzzle41_unsat.cnf.xz	0325f5bdfff16d1756f786bfdccd2d26	98e16bbfccf28ea35b0ca99ec0e310c3	sliding-puzzle	unknown	None	111953	29869	2203617	1	27690	79716	0	0	4524	0	0	0	22	91399	45980	19931	1866
/nfs/share/instances/gbd/cnf/0327aa4bd6b07b94d14e53efc57d0d00-44-113801.cnf.xz	0327aa4bd6b07b94d14e53efc57d0d00	da9e0dd872a7a4efbd84fff10f087040	station-repacking	unknown	None	572243	26053	8768630	3	571036	1	1	4	2	0	9	1	1186	571039	1207	1207	571036
/nfs/share/instances/gbd/cnf/032941f5f28c9ac53fa1c80d35f3206f-GP_216_290_40.cnf.xz	032941f5f28c9ac53fa1c80d35f3206f	f749e2f9661a3fb142b877b97f038603	graceful-production	sat	main_2025	25209324	4553278	814228986	137718	1780402	7503123	11725669	3285840	112842	529262	3256	3696	127516	11300595	11315110	376686	2124159
/nfs/share/instances/gbd/cnf/03332c1d032fcd09f91254199387215a-bench_12179.smt2.cnf.xz	03332c1d032fcd09f91254199387215a	5fc14709e6517e790179adfbdfc80df0	agile	unknown	agile_2017	3159900	878946	69348537	1746	928461	2149838	79783	0	0	9	20	0	43	1491971	2075034	685387	427031
/nfs/share/instances/gbd/cnf/033560dbd1b4d3545b4b40ef90aaaa29-total-5-15-u.cnf.xz	033560dbd1b4d3545b4b40ef90aaaa29	a4a5ada838a699284f04a4d6976e3a51	diagnosis	unsat	anni_2022	1008653	219756	18424573	18434	797195	151604	4600	18400	4620	9200	0	0	4600	875338	626658	4884	340456
/nfs/share/instances/gbd/cnf/0336f81b60baac5b8f481dd3c32861a5-mod4block_2vars_10gates_u2_autoenc-sc2009.cnf.xz	0336f81b60baac5b8f481dd3c32861a5	c691b5d79fe4f81e65352d1a0e97bcaa	modcircuits	sat	anni_2022	123509	479	3527417	64	1999	0	1026	6642	113762	2	2	2	10	34243	138	59	2954
/nfs/share/instances/gbd/cnf/033743e540b7f6e2114a3e6981558795-li-test4-97.shuffled-as.sat03-375.cnf.xz	033743e540b7f6e2114a3e6981558795	d483f18414d40125bbaa4a3cc226df43	circuit-minimization	unknown	anni_2022	142491	36809	3754702	14	24558	67458	49000	1	0	0	0	0	1460	67331	67460	17603	17600
/nfs/share/instances/gbd/cnf/03385e315b37cbb189ab45f90acf5af0-unif-k7-r89-v65-c5785-S1387394500-16.UNSAT.shuffled.cnf.xz	03385e315b37cbb189ab45f90acf5af0	38a2d433202244d9034e4b52e668eb39	uniform-random	unsat	random_2007	5785	65	146311	0	0	0	0	0	0	5785	0	0	0	375	379	45	46
/nfs/share/instances/gbd/cnf/033b0be3724bb9a94ffbce3d0901db59-x9-07008.sat.sanitized.cnf.xz	033b0be3724bb9a94ffbce3d0901db59	5901904b01b95ca92d614968b3471243	hamiltonian	unknown	submissions_2024	3154	350	38455	0	2874	0	74	132	74	0	0	0	0	2874	280	280	2874
/nfs/share/instances/gbd/cnf/033bdaf71d51a1645014a54ea614312f-s15850-bug-fourvec-gate-0.dimacs.seq.filtered.cnf.xz	033bdaf71d51a1645014a54ea614312f	bae4fa053b5a51093b32219c649d81c0	design-debugging	unsat	None	206252	88536	3221319	3196	175472	25304	1160	1120	0	0	0	0	0	132772	131796	68004	64496
/nfs/share/instances/gbd/cnf/033d611722714d5206cc0184479e92e2-urqh2x5.shuffled-as.sat03-1473.cnf.xz	033d611722714d5206cc0184479e92e2	58decb83d3997ec053b066d4eaceb410	tseitin-formulas	unsat	anni_2022	432	53	8824	0	0	0	16	160	256	0	0	0	0	59	67	9	11
/nfs/share/instances/gbd/cnf/033f38da07bdbbad4763eaf1fe97ce37-AProVE07-27.cnf.xz	033f38da07bdbbad4763eaf1fe97ce37	387c42140e3ddb9c3065c52d69f718c5	termination-analysis	unsat	anni_2022	29194	7729	458055	1	14904	11692	1614	463	374	137	8	0	1	20610	22483	862	2536
/nfs/share/instances/gbd/cnf/034619cf0ad20017ed9dd5f88caacae6-unif-k3-r4.2-v18000-c75600-S420719158-080.cnf.xz	034619cf0ad20017ed9dd5f88caacae6	d944d96bdcf0721ba330ca38117c7f68	uniform-random	unknown	random_2009	75600	18000	1484793	0	0	75600	0	0	0	0	0	0	0	37651	37949	9686	9354
/nfs/share/instances/gbd/cnf/0346be00d2d7d3393d134d8be1138c45-unif-k5-r21.117-v450-c9503-S1476844462704965621.cnf.xz	0346be00d2d7d3393d134d8be1138c45	ce170ed5d0db398bffc781115130a445	uniform-random	unknown	random_2017	9503	450	221135	0	0	0	0	9503	0	0	0	0	0	1792	1793	296	298
/nfs/share/instances/gbd/cnf/03475e329b9fbc8246a09a4f888f9023-unif-k5-r19.6-v250000-c4900000-S1619500311433205587.cnf.xz	03475e329b9fbc8246a09a4f888f9023	5527205dd4eef2f9e4743b81bf506e8e	uniform-random	sat	random_2018	4900000	250000	182667711	0	0	0	0	4900000	0	0	0	0	0	919664	916873	152231	152856
/nfs/share/instances/gbd/cnf/0350d0a0f0922b1184d3183ae3d58f4b-50-120034.cnf.xz	0350d0a0f0922b1184d3183ae3d58f4b	d108e03596b67e4364cb53f22ebf9c42	station-repacking	unknown	None	718486	29700	11071294	3	717102	1	1	4	3	0	8	4	1360	717105	1384	1384	717102
/nfs/share/instances/gbd/cnf/0358188e041daccdd2fad07e1188f28c-unif-k7-r87.79-v160-c14046-S4995813892174227007.cnf.xz	0358188e041daccdd2fad07e1188f28c	458689188b580989b67a9f9c61e0e457	uniform-random	unknown	random_2016	14046	160	402210	0	0	0	0	0	0	14046	0	0	0	879	838	114	98
/nfs/share/instances/gbd/cnf/0359596347daa117da50950748bc06d1-j3037_9_rggt_bm1.cnf.xz	0359596347daa117da50950748bc06d1	0299f78d487106626abeef0ee0d999d9	scheduling	unknown	submissions_2022	83276	18420	1424806	119	38607	42291	2259	0	0	0	0	0	0	79178	33461	219	7068
/nfs/share/instances/gbd/cnf/035c200bbf0a783e4ec9656cfa9b2f68-vmpc_34.shuffled-as.sat05-1958-sc2005.cnf.xz	035c200bbf0a783e4ec9656cfa9b2f68	a31aedf4485bd1f3f95bfa0ed209fb04	cryptography	sat	anni_2022	194072	1156	2698685	0	76398	117606	0	0	0	0	0	0	68	118868	113537	31725	35667
/nfs/share/instances/gbd/cnf/035c23ef8339c6d16ecd45601af8a589-bench_3557.smt2.cnf.xz	035c23ef8339c6d16ecd45601af8a589	93ddc99e89fa73909e58aee24c971f25	agile	sat	agile_2016	144670	41079	2675644	491	46864	92958	4264	0	0	64	25	0	4	80245	87054	36465	13139
/nfs/share/instances/gbd/cnf/036126151ea302c37e340f6552777678-56-131796.cnf.xz	036126151ea302c37e340f6552777678	c1be7da05036f2b955cf0f2fd61817c1	station-repacking	unknown	None	798299	31092	12314104	3	796849	1	1	4	2	0	9	3	1427	796852	1450	1450	796849
/nfs/share/instances/gbd/cnf/03645a35cda06bab02dd280017fa8c3f-unif-c1350-v300-s53580470.cnf.xz	03645a35cda06bab02dd280017fa8c3f	eceb978132cb9214656be7381271e27a	uniform-random	unknown	random_2002	1350	300	19346	0	0	1350	0	0	0	0	0	0	0	657	693	177	154
/nfs/share/instances/gbd/cnf/0365db8065a89550e1ba73d86ec48cc2-4col240_9_9.shuffled.cnf.xz	0365db8065a89550e1ba73d86ec48cc2	aff72acd13d202c96082bd7547be33f9	coloring	unknown	handmade_2002	4326	480	82439	6	0	1	4319	0	0	0	0	0	0	1359	1358	269	269
/nfs/share/instances/gbd/cnf/0369497a41c3914b796cb81e64dd2e55-abw-X-can__715.mtx-w100.cnf.xz	0369497a41c3914b796cb81e64dd2e55	0c7ad24fdd38b963f82399755c10d594	antibandwidth	sat	None	13474597	2446015	247961272	877662	10735075	1860430	0	0	0	0	715	0	715	4022427	12447792	8489065	1017152
/nfs/share/instances/gbd/cnf/0369d8788498fe92e8337f326a929367-okgen-c1720-v400-s1439218648-1439218648.cnf.xz	0369d8788498fe92e8337f326a929367	2db17fb1fbabb033426e5a8178669002	random	unknown	random_2002	1720	400	25230	0	0	1720	0	0	0	0	0	0	0	834	886	227	229
/nfs/share/instances/gbd/cnf/036b541db9d0839b0591d408ff4f77ae-aes_decry_2_rounds.debugged.cnf.xz	036b541db9d0839b0591d408ff4f77ae	10c77f9954952ffea054702504054e58	cryptography	unsat	anni_2022	1607567	279119	33824117	40271	1154041	332345	10685	0	0	0	224	57392	12609	1317037	839405	76603	600578
/nfs/share/instances/gbd/cnf/036bb9f40335cf9c6bb167e8c3703926-gencnf-k7-r88.7-v97-c8603-03-S1950555695.shuffled-as.sat03-1790.cnf.xz	036bb9f40335cf9c6bb167e8c3703926	f8bbce5ea4e1420098e181b4deed2d45	uniform-random	unknown	random_2003	8603	97	221421	0	0	0	0	0	0	8603	0	0	0	536	528	62	63
/nfs/share/instances/gbd/cnf/036bbc647cdc27d4ca455cd3cf311262-45-104555.cnf.xz	036bbc647cdc27d4ca455cd3cf311262	4526cbe6ccf14244cbb39e0bc2b6fd3f	station-repacking	unknown	None	516593	24652	7896767	3	515453	1	1	3	2	0	7	1	1122	515456	1140	1140	515453
/nfs/share/instances/gbd/cnf/037030471a83c04cf17c7cdbc8236e83-OKgenerator_s0=32s1=31n=160l=7cp=13600-Dnr0=0nr1=1-o.shuffled-as.sat05-1607.cnf.xz	037030471a83c04cf17c7cdbc8236e83	6f43da733e2736f1f6c286afbe4782a9	random	unknown	random_2005	13600	160	389683	0	0	0	0	0	0	13600	0	0	0	858	824	96	105
/nfs/share/instances/gbd/cnf/0379936c75c225f1a9a113762b019da6-AProVE09-17.cnf.xz	0379936c75c225f1a9a113762b019da6	62a20d3399318d17c81a2855c6e8723e	termination-analysis	sat	anni_2022	108759	33894	1900633	1	51306	57452	0	0	0	0	0	0	0	73439	85385	1014	8334
/nfs/share/instances/gbd/cnf/037a2d470c1c9727d55d5d947dd8394c-41-118071.cnf.xz	037a2d470c1c9727d55d5d947dd8394c	6e93bf0b3bd14360407d24eb21f0eef3	station-repacking	unknown	None	672773	28551	10353141	3	671446	1	1	4	2	0	8	4	1304	671449	1327	1327	671446
/nfs/share/instances/gbd/cnf/037a652d6e4bea27881073be25176934-pyhala-braun-sat-35-4-03.shuffled.cnf.xz	037a652d6e4bea27881073be25176934	60d9b7ee8c58b2f8f6ad4273aa7311bd	prime-factoring	sat	handmade_2002	24320	7383	385160	73	9864	14383	0	0	0	0	0	0	0	14735	14623	4419	4160
/nfs/share/instances/gbd/cnf/037c423f56548082b1935e88c48ffdda-3col120_5_2.shuffled.cnf.xz	037c423f56548082b1935e88c48ffdda	c609561d95e240d1b7e3112b71458bea	coloring	sat	anni_2022	1026	240	17602	6	120	0	900	0	0	0	0	0	0	375	361	87	90
/nfs/share/instances/gbd/cnf/037cdc23d5ce303ee466680f4fdfe1fc-57-127226.cnf.xz	037cdc23d5ce303ee466680f4fdfe1fc	50004912af838e7e09d9035740c670fc	station-repacking	unknown	None	789480	31103	12182245	3	788028	2	1	5	3	0	9	3	1426	788031	1452	1452	788028
/nfs/share/instances/gbd/cnf/037d21e060a2e3eab8b080aa84ceee75-mm-1x10-10-10-sb.1.shuffled-as.sat03-1489.cnf.xz	037d21e060a2e3eab8b080aa84ceee75	b021796f7c7ac5990b981f36e13dcf10	matrix-multiplication	sat	anni_2022	83733	2396	2358439	0	819	23161	15899	11355	5106	7213	20180	0	0	22463	20012	4185	5079
/nfs/share/instances/gbd/cnf/0380d80ca292251e5afcf16c65707eb5-55-91443.cnf.xz	0380d80ca292251e5afcf16c65707eb5	0835c2f5ad438f6a1060f7217e1bc263	station-repacking	unknown	None	387249	20856	5879441	3	386282	1	1	3	2	0	7	2	948	386285	967	967	386282
/nfs/share/instances/gbd/cnf/0381d8662f1fbc50581c54921a178b0a-fdmus_b15_337.cnf.xz	0381d8662f1fbc50581c54921a178b0a	849ca449536013f41e01a690a7d6fa71	fdmus	unsat	None	24706	8607	359058	6	16762	7938	0	0	0	0	0	0	0	20113	14863	1909	6497
/nfs/share/instances/gbd/cnf/03873e44115e30db6c3ccc2941c14101-44-107977.cnf.xz	03873e44115e30db6c3ccc2941c14101	760f32a18d52f995703b937e066cb166	station-repacking	unknown	None	551733	25608	8449978	3	550548	1	1	4	2	0	8	1	1165	550551	1185	1185	550548
/nfs/share/instances/gbd/cnf/0389d1800e05f1ef2e60e640b86279d9-45-115206.cnf.xz	0389d1800e05f1ef2e60e640b86279d9	a25b17fdbe542195f3a4cb8cf92ede03	station-repacking	unknown	None	651362	28052	10010356	3	650058	1	1	3	2	0	9	3	1282	650061	1304	1304	650058
/nfs/share/instances/gbd/cnf/038b307ca27d32bbf2535bc7fbae82b3-unif-k3-r4.26-v450-c1917-S1910317962-059.UNKNOWN.cnf.xz	038b307ca27d32bbf2535bc7fbae82b3	ab2e4079e00f452c6c57d1435802c3a7	uniform-random	unknown	random_2011	1917	450	28244	0	0	1917	0	0	0	0	0	0	0	938	979	246	221
/nfs/share/instances/gbd/cnf/0391a7be47a1d4f1bf2180cffea667b1-unif-k5-r21.3-v100-c2130-S2051088205-036.UNKNOWN.cnf.xz	0391a7be47a1d4f1bf2180cffea667b1	fdfe952c094bbd9983c5d4886cee3af4	uniform-random	unknown	random_2011	2130	100	40356	0	0	0	0	2130	0	0	0	0	0	380	392	52	58
/nfs/share/instances/gbd/cnf/039378621dce8907fe5286ce965cce5c-stone-width3chain-nmarkers-14_shuffled.cnf.xz	039378621dce8907fe5286ce965cce5c	c16a6a9b52e4743d98259808c0ad3bb3	stone	unknown	crafted_2016	3335815	1980	104176764	0	176	0	0	77571	3258024	0	0	0	44	315792	451517	71342	45097
/nfs/share/instances/gbd/cnf/0393ff33cb3cade4b83e0b5bd60996a4-55-101400.cnf.xz	0393ff33cb3cade4b83e0b5bd60996a4	321d1ef2cc975d00bae3991b4f8d1b96	station-repacking	unknown	None	463423	23199	7069827	3	462348	1	1	4	3	0	7	2	1054	462351	1075	1075	462348
/nfs/share/instances/gbd/cnf/03942ae21753e7dead072ab1f6c1c3b1-fdmus_b22_502.cnf.xz	03942ae21753e7dead072ab1f6c1c3b1	0948097ec3a9cf86afa222105d4f1c9c	fdmus	unsat	None	12109	4398	171493	6	8356	3747	0	0	0	0	0	0	0	9166	7120	1246	4184
/nfs/share/instances/gbd/cnf/03980ada4055f6198fcd7ee52bb220f1-SAT_MS_opt_termes_p18.pddl_76.cnf.xz	03980ada4055f6198fcd7ee52bb220f1	f540a07d72ea083b53430a32573bbf67	planning	sat	planning_2020	541493	40641	8542428	69	532760	152	1368	1672	1520	152	1520	152	2128	532829	316077	23	225462
/nfs/share/instances/gbd/cnf/0398e6b20de133ba8b49c74b67dad7b7-6s133-sc2014.cnf.xz	0398e6b20de133ba8b49c74b67dad7b7	677da042b274c04a8d7b20db343f3e7c	miter	unsat	anni_2022	140968	48258	2331329	1	93978	46989	0	0	0	0	0	0	0	103318	75266	19311	56052
/nfs/share/instances/gbd/cnf/039b45f4a3979c9176b115bb8e88342f-genurq8Sat.shuffled-as.sat03-1514.cnf.xz	039b45f4a3979c9176b115bb8e88342f	23103fcaf9e4ede97576f562f76d5f34	genurq	sat	anni_2022	1118	249	22025	0	2	196	328	592	0	0	0	0	0	305	306	69	63
/nfs/share/instances/gbd/cnf/039c2bf64eab47d423b7740f3863bc49-55-66682.cnf.xz	039c2bf64eab47d423b7740f3863bc49	b26a2c05b4977ede2d93f241f04f34d3	station-repacking	unknown	None	266555	16223	4003990	3	265804	1	0	3	1	0	4	0	739	265807	751	751	265804
/nfs/share/instances/gbd/cnf/039d09672019a346c710ba7d49c4f91b-bench_14734.smt2.cnf.xz	039d09672019a346c710ba7d49c4f91b	3d6294010465e57f4cf7ded9a05c0b15	agile	unsat	agile_2016	12491	3574	188669	30	5550	6244	658	0	0	1	5	0	3	6771	7794	4086	1168
/nfs/share/instances/gbd/cnf/039f5e361b0d24319e37e08dbc07e50d-bench_14466.smt2.cnf.xz	039f5e361b0d24319e37e08dbc07e50d	265779e640142f2384f60a2b40fc7832	agile	unsat	agile_2016	11564	3408	173685	113	4913	6037	492	0	0	5	4	0	0	6276	7374	3611	1183
/nfs/share/instances/gbd/cnf/03a1a18521814692f56a8ecbea0031d4-ablmulub2x32o-sc2016.cnf.xz	03a1a18521814692f56a8ecbea0031d4	6d62a51a9cf467b15996244efa99f031	miter	unsat	anni_2022	15432	5241	221887	1	10288	5143	0	0	0	0	0	0	0	11454	7382	2988	6860
/nfs/share/instances/gbd/cnf/03a1ada3e778fcec8a7ee0c9e685d4be-connm-ue-csp-sat-n1200-d-0.02-s1528687777.used-as.sat04-953.cnf.xz	03a1ada3e778fcec8a7ee0c9e685d4be	d0244c9975e35e00a4a42f6d1d9b4fb5	generic-csp	sat	anni_2022	13729	1156	235431	0	0	13440	289	0	0	0	0	0	0	13440	289	289	13440
/nfs/share/instances/gbd/cnf/03a43a7ea55217f53542ed3f029963af-satch2ways16w.cnf.xz	03a43a7ea55217f53542ed3f029963af	763e6d144978e6d0810db7343c7d8b7d	test-configuration	unsat	anni_2022	50558	16883	779384	0	32139	17452	0	0	0	0	0	0	967	48916	32663	982	1103
/nfs/share/instances/gbd/cnf/03a4cfbba1ef7eafe2b4f01e444c411f-52-121592.cnf.xz	03a4cfbba1ef7eafe2b4f01e444c411f	5a4661065136ca2ed10ba840a9383eef	station-repacking	unknown	None	632786	27698	9721930	3	631500	1	1	4	2	0	8	3	1264	631503	1286	1286	631500
/nfs/share/instances/gbd/cnf/03a6f26e998c764c46c97dd9778036a1-bench_11820.smt2.cnf.xz	03a6f26e998c764c46c97dd9778036a1	22d4ff5e7e6402b7c93cebfbf6748e34	agile	unsat	agile_2016	16035	5088	279843	52	2408	13376	0	0	0	0	126	0	73	5804	12691	233	3362
/nfs/share/instances/gbd/cnf/03ae7447931228f49a3eec4f2f8fe9a9-46-138339.cnf.xz	03ae7447931228f49a3eec4f2f8fe9a9	d82973f63a7b6fa58c4537a18007c4b6	station-repacking	unknown	None	892294	33017	13797365	3	890755	1	1	5	2	0	9	5	1513	890758	1539	1539	890755
/nfs/share/instances/gbd/cnf/03b08ff6f932aa7c6597059061c5fc6c-60-124247.cnf.xz	03b08ff6f932aa7c6597059061c5fc6c	5c062a76d13a2d8c7f95cffd049d6cd7	station-repacking	unknown	None	678061	28637	10435272	3	676728	1	1	4	2	0	8	4	1310	676731	1333	1333	676728
/nfs/share/instances/gbd/cnf/03b0e7b608a5f1052c1cdb58ffc69262-VS3-benchmark-S2.smt2.cnf.xz	03b0e7b608a5f1052c1cdb58ffc69262	69d5157b02e4d3027db895cea4e5e5b9	bitvector	unsat	None	625441	204125	11603918	289	377952	247200	0	0	0	0	0	0	0	472681	316033	99937	223616
/nfs/share/instances/gbd/cnf/03b297cfd24f7fffb743780ef9578886-48-119936.cnf.xz	03b297cfd24f7fffb743780ef9578886	71ab7dfb75a22695ffe572e075931170	station-repacking	unknown	None	674123	28766	10378431	3	672784	1	1	3	2	0	10	3	1316	672787	1339	1339	672784
/nfs/share/instances/gbd/cnf/03b75ba4f3a1bdcc58c89e6846eecaab-x2_128.shuffled-as.sat03-1598.cnf.xz	03b75ba4f3a1bdcc58c89e6846eecaab	b0b3a40dc3f17e01860ade71df1b0671	xor-chain	unsat	anni_2022	1018	382	14882	0	2	1016	0	0	0	0	0	0	0	506	514	125	129
/nfs/share/instances/gbd/cnf/03ba29d5cb38d345357a74a7b5ccd759-20-100-lambda100-49_sat.cnf.xz	03ba29d5cb38d345357a74a7b5ccd759	0c58195f52c748a752bb242bd9b25bac	maxsat-optimum	sat	anni_2022	197705	20396	3622822	370	15277	182058	0	0	0	0	0	0	0	192639	15448	5362	273
/nfs/share/instances/gbd/cnf/03bb7baaa45980753a0e7050ae44755d-atco_enc3_opt1_03_53.cnf.xz	03bb7baaa45980753a0e7050ae44755d	2c44650528ec6da8a04b61114f944608	scheduling	sat	anni_2022	5156702	1296235	103408678	5739	2615911	2524651	3891	4800	0	0	0	0	1710	3881853	3853188	2748	52913
/nfs/share/instances/gbd/cnf/03c41956324a467d4f265ee58af51f25-46-108515.cnf.xz	03c41956324a467d4f265ee58af51f25	568295042772028cb568470a3c23efae	station-repacking	unknown	None	553336	25829	8481893	3	552142	1	1	4	2	0	7	2	1174	552145	1194	1194	552142
/nfs/share/instances/gbd/cnf/03c44a93577c98119dc498053888937a-ctl_4291_567_1_unsat_pre.cnf.xz	03c44a93577c98119dc498053888937a	bcb2c8399c1d79cc080fba455d580431	scheduling	unsat	anni_2022	147244	15232	3072878	0	28936	32160	86148	0	0	0	0	0	0	41490	41486	3526	3530
/nfs/share/instances/gbd/cnf/03c5fef8cb8957ecf687548c8d504d10-SGI_30_80_21_90_2-log.shuffled-as.sat03-198.cnf.xz	03c5fef8cb8957ecf687548c8d504d10	2172fa08aa08de79b1349be0f9622522	subgraph-isomorphism	unsat	anni_2022	36422	105	1329263	0	0	0	0	42	0	0	0	0	36380	513	413	41	54
/nfs/share/instances/gbd/cnf/03c6170c9b8917706b0ad0a28400d195-bench_12734.smt2.cnf.xz	03c6170c9b8917706b0ad0a28400d195	cce7d936d0fb187f7b369471fd6853c7	agile	unsat	agile_2017	1312451	365429	28031511	549	408850	864719	38257	0	0	14	24	0	38	639996	831383	327211	168617
/nfs/share/instances/gbd/cnf/03c7c131fc68f902620c24f5f28cd179-hidden-k3-s0-r4-n500-03-S1575402861.shuffled-as.sat03-947.cnf.xz	03c7c131fc68f902620c24f5f28cd179	e4793fe6ae9559a949fade6f1f810e62	random-hiddenmodel	sat	random_2003	2000	500	29632	0	0	2000	0	0	0	0	0	0	0	995	1005	241	237
/nfs/share/instances/gbd/cnf/03c8a9ffce923a8cb3452f18d371eacf-rook-55-0-1.cnf.xz	03c8a9ffce923a8cb3452f18d371eacf	9ac4ee61363d204fec191683818148b7	rooks	unsat	anni_2022	668243	172312	12922263	1	169396	498791	0	0	0	0	0	0	55	335661	335660	56	166320
/nfs/share/instances/gbd/cnf/03cb9868146a1c420ba8e3b1b08865b8-3col300_5_2.shuffled.cnf.xz	03cb9868146a1c420ba8e3b1b08865b8	55a3944fd03a71fe39874b8d93b1096a	coloring	sat	anni_2022	2556	600	46547	6	300	0	2250	0	0	0	0	0	0	924	945	200	211
/nfs/share/instances/gbd/cnf/03cd587fe1f5eb6c6c10ede767571241-56-115132.cnf.xz	03cd587fe1f5eb6c6c10ede767571241	462587d4c68088a853bb53ef8716c6d6	station-repacking	unknown	None	647241	27741	9937584	3	645950	1	1	4	2	0	9	3	1268	645953	1291	1291	645950
/nfs/share/instances/gbd/cnf/03cf322e6530ef37b455bafbf451bd77-52-136597.cnf.xz	03cf322e6530ef37b455bafbf451bd77	f378516e5e567320ec04838316702135	station-repacking	unknown	None	911680	33375	14095750	3	910126	1	1	4	3	0	9	4	1529	910129	1554	1554	910126
/nfs/share/instances/gbd/cnf/03d1940f76051f548ee86eb71a38ff14-51-85848.cnf.xz	03d1940f76051f548ee86eb71a38ff14	027ef42bebc137c9d556e4e0ce6ef8a7	station-repacking	unknown	None	355396	19832	5394642	3	354478	1	1	3	2	0	8	0	900	354481	918	918	354478
/nfs/share/instances/gbd/cnf/03d1d6df36fdec5be7b60e6f0cd382f7-3col280_5_8.shuffled.cnf.xz	03d1d6df36fdec5be7b60e6f0cd382f7	c185d44b30705cb541c781ad9ffd0c53	coloring	sat	anni_2022	2386	560	43290	6	280	0	2100	0	0	0	0	0	0	863	888	218	201
/nfs/share/instances/gbd/cnf/03d74bc7a2c848e5f834eb31bc6c839e-45-109231.cnf.xz	03d74bc7a2c848e5f834eb31bc6c839e	6ab555fbd1a566a588e12d790eb3cf55	station-repacking	unknown	None	564734	25832	8648225	3	563538	1	1	3	2	0	9	1	1176	563541	1196	1196	563538
/nfs/share/instances/gbd/cnf/03d8064f3be30daecf2ffe4c54361e61-edges-025-4-7932777-1-00.cnf.xz	03d8064f3be30daecf2ffe4c54361e61	472c55cf2f04935c6d32aa4cd7350fb3	sgen	unsat	anni_2022	212	101	2596	0	0	212	0	0	0	0	0	0	0	106	106	106	106
/nfs/share/instances/gbd/cnf/03d93f5c0378205e17260e16e463ac67-TimetableCNFEncoding_5_UNKNOWN-sc2018.cnf.xz	03d93f5c0378205e17260e16e463ac67	30953dea24d4dd4b3814af0904f10f0f	scheduling	unknown	anni_2022	1706732	302576	37024533	2499	401652	1277636	21595	70	70	0	527	527	2156	1623239	322708	6044	192960
/nfs/share/instances/gbd/cnf/03d9b7f7c619fdf000a1ba5eab146379-unif-k5-r20.275-v1280-c25952-S2572867284453527358.cnf.xz	03d9b7f7c619fdf000a1ba5eab146379	335f29589a47fcaa6062d54831008499	uniform-random	unknown	portfolio_2012	25952	1280	653018	0	0	0	0	25952	0	0	0	0	0	4857	4857	810	851
/nfs/share/instances/gbd/cnf/03de316ba1e90305471a3b8620cb9cd7-satsgi-n23himBHm26-p0-q248.cnf.xz	03de316ba1e90305471a3b8620cb9cd7	81c4937178ec57855aed167d7f2892b9	subgraph-isomorphism	sat	anni_2022	14076	598	165746	0	14053	0	0	0	0	0	0	0	23	14053	23	23	14053
/nfs/share/instances/gbd/cnf/03deea471ff6f90e6b7519407f8b2056-unif-k3-r4.267-v2000-c8534-S6517632358926225970.cnf.xz	03deea471ff6f90e6b7519407f8b2056	c3a86a343c3e04b2d3a5aef041d1a0d6	uniform-random	unknown	random_2012	8534	2000	143603	0	0	8534	0	0	0	0	0	0	0	4277	4257	1081	1105
/nfs/share/instances/gbd/cnf/03e1a95e608657462464d0a748428d34-43-100732.cnf.xz	03e1a95e608657462464d0a748428d34	15a41aeeb18f582b3087972efbfe6236	station-repacking	unknown	None	465856	23298	7106868	3	464778	1	1	4	2	0	8	1	1058	464781	1078	1078	464778
/nfs/share/instances/gbd/cnf/03e399326b5d3dc202cdc3a9fb1b71f0-bench_317.smt2.cnf.xz	03e399326b5d3dc202cdc3a9fb1b71f0	9e8d4a839c3e0d38525775b638e300f7	agile	unsat	agile_2017	2708297	763923	57186557	5513	988852	1603798	110016	0	0	0	0	0	118	1553134	1490439	909782	231382
/nfs/share/instances/gbd/cnf/03e3afdc2972da43f4549ba405ff2da4-OKgenerator_s0=32s1=19n=200l=7cp=17000-Dnr0=0nr1=6-o.shuffled-as.sat05-1625.cnf.xz	03e3afdc2972da43f4549ba405ff2da4	91bd2f6947b9d877e08b4e88db0277b4	random	unknown	random_2005	17000	200	503584	0	0	0	0	0	0	17000	0	0	0	1056	1038	130	115
/nfs/share/instances/gbd/cnf/03e7f2c151ed62ad925ac241e4e1d792-ps_200_318_70.cnf.xz	03e7f2c151ed62ad925ac241e4e1d792	e7a9afc074202f4b89cf063f7cced7f2	cellular-automata	unsat	None	1622579	331283	41929178	0	303764	728615	338400	242600	8600	600	0	0	0	787814	635563	129166	261567
/nfs/share/instances/gbd/cnf/03e906525c3ec52373157721a7ebba48-60-128746.cnf.xz	03e906525c3ec52373157721a7ebba48	e1caf495562dcae83d5734cbede3fe2f	station-repacking	unknown	None	772957	30766	11929676	3	771523	1	1	4	2	0	8	4	1411	771526	1434	1434	771523
/nfs/share/instances/gbd/cnf/03e9d1abe418a1727bbf2ead77d69d02-php15-mixed-15percent-blocked.cnf.xz	03e9d1abe418a1727bbf2ead77d69d02	e974ebf67a3c8ae418c773b9be13bd59	pigeon-hole	unknown	main_2023	2938	354	33316	0	2922	0	0	0	0	0	0	0	16	2922	262	16	2676
/nfs/share/instances/gbd/cnf/03f06674e02ef12873c8f4e542c5c805-unif-k6-r43.37-v221-c9585-S8514517535383564143.cnf.xz	03f06674e02ef12873c8f4e542c5c805	9d1dafd8ebe1af189faaddc039e116b7	uniform-random	sat	random_2013	9585	221	249058	0	0	0	0	0	9585	0	0	0	0	1038	1068	170	141
/nfs/share/instances/gbd/cnf/03f08e458eea1ef5ce14661c8a7bdc60-unif-k5-r20-v800-c16000-S409844453-15.cnf.xz	03f08e458eea1ef5ce14661c8a7bdc60	7ed4582da600eab5a9009b96f6f135d6	uniform-random	unknown	random_2007	16000	800	381086	0	0	0	0	16000	0	0	0	0	0	3007	3016	487	492
/nfs/share/instances/gbd/cnf/03f25e67e52baf9fb1e782026d46c8a8-rope_0003.shuffled.cnf.xz	03f25e67e52baf9fb1e782026d46c8a8	1c36a0328c0905dea849c31732c95cbc	coloring	unsat	anni_2022	252	108	2400	0	216	36	0	0	0	0	0	0	0	192	174	40	66
/nfs/share/instances/gbd/cnf/03f59ceb6fc1c1825ab604d526620a54-54-104847.cnf.xz	03f59ceb6fc1c1825ab604d526620a54	98e6ad8b8ee7602eaab09910998d7d55	station-repacking	unknown	None	526145	24904	8056426	3	524994	1	1	3	2	0	7	3	1131	524997	1151	1151	524994
/nfs/share/instances/gbd/cnf/03f8fb3e8459ebb1e526bedde7a121a7-unif-k3-r4.267-v10600-c45230-S2625238104773554105.cnf.xz	03f8fb3e8459ebb1e526bedde7a121a7	d13411d59a5357933b49ff36a8366a23	uniform-random	unknown	random_2014	45230	10600	830306	0	0	45230	0	0	0	0	0	0	0	22590	22640	5622	5621
/nfs/share/instances/gbd/cnf/03fb9af7b390fe9e0739150ca3410cf0-4g_5color_166_100_02.cnf.xz	03fb9af7b390fe9e0739150ca3410cf0	07a2c5f0e9887314a2e5609bff4eae84	coloring	sat	anni_2022	73351130	166000	1223352004	0	73317930	0	0	33200	0	0	0	0	0	73317930	33200	33200	73317930
/nfs/share/instances/gbd/cnf/04017562bd59e5a511debb2fd6051f62-x9-08063.sat.sanitized.cnf.xz	04017562bd59e5a511debb2fd6051f62	bce742bc04ca3433390fcb7cebab6cd4	hamiltonian	unknown	submissions_2024	3604	400	44170	0	3284	0	84	152	84	0	0	0	0	3284	320	320	3284
/nfs/share/instances/gbd/cnf/0403cb413f30fe0fac6ae792a93364c9-unif-k7-r86.116-v160-c13779-S7006661258521488985.cnf.xz	0403cb413f30fe0fac6ae792a93364c9	9e8caae28dec439384dffaf27b80e35b	uniform-random	unknown	random_2012	13779	160	394680	0	0	0	0	0	0	13779	0	0	0	857	854	106	108
/nfs/share/instances/gbd/cnf/04071576275e4113b60c21601b364345-marg2x5.shuffled-as.sat03-1443.cnf.xz	04071576275e4113b60c21601b364345	7b238738b9525151f02c06f1c03a8471	tseitin-formulas	unsat	anni_2022	120	35	1632	0	0	40	80	0	0	0	0	0	0	46	38	13	9
/nfs/share/instances/gbd/cnf/04091a59646a7e0f1c64c57c26d3d91e-barrel5.cnf.xz	04091a59646a7e0f1c64c57c26d3d91e	4fd5b6ffcad5de55bc8c3545a58a8a2c	bounded-model-checking	unsat	None	5383	1407	79280	0	1631	3600	150	0	0	0	0	0	2	3405	3583	476	450
/nfs/share/instances/gbd/cnf/040dbf7981a3ede37ecc00548fdede93-41-106096.cnf.xz	040dbf7981a3ede37ecc00548fdede93	d58715923815d074f0c490794f0409e3	station-repacking	unknown	None	499675	24186	7633804	3	498559	1	1	3	2	0	7	2	1097	498562	1116	1116	498559
/nfs/share/instances/gbd/cnf/040e4bdb9f4b0f58d3ec4d2f869363f4-sha1__zeroOut_09__freeIn_13__seed_1.cnf.xz	040e4bdb9f4b0f58d3ec4d2f869363f4	e615ee08db9a0b26cc3dcd2e6086014f	cryptography	sat	None	478985	13409	18404562	797	90	8800	33330	91088	4080	228000	112800	0	0	79635	75592	367	3123
/nfs/share/instances/gbd/cnf/04121bd92efc49da7b54943da62c993f-42-133298.cnf.xz	04121bd92efc49da7b54943da62c993f	ff19c3688a7b682048a20137476cf1bc	station-repacking	unknown	None	843939	32156	13035182	3	842439	2	1	4	2	0	9	4	1475	842442	1500	1500	842439
/nfs/share/instances/gbd/cnf/04121f3fbe313b7046c9f54ac1e26c75-mod3block_2vars_9gates_u2_autoenc.cnf.xz	04121f3fbe313b7046c9f54ac1e26c75	6be90adbad773f343d429a4d5726c625	modcircuits	unknown	anni_2022	92955	426	2628586	64	1566	4	733	5420	85154	2	2	4	6	26337	91	59	2308
/nfs/share/instances/gbd/cnf/0412f6f3174dfc4c27ad0b61280cd739-SGI_30_40_30_20_2-dir.shuffled-as.sat05-442.cnf.xz	0412f6f3174dfc4c27ad0b61280cd739	46de7984353de4a63a3c63908c69124d	subgraph-isomorphism	unsat	anni_2022	65258	900	704303	0	65228	0	0	0	0	0	0	0	30	48076	49741	17152	15487
/nfs/share/instances/gbd/cnf/04157f716c1e9606c6a530657bf8f957-Kakuro-easy-125-ext.xml.hg_4.cnf.xz	04157f716c1e9606c6a530657bf8f957	4e00eb5cd670da17e963192207423345	hypertree-decomposition	unsat	anni_2022	20230450	145714	505372944	164	214742	8734640	11280904	0	0	0	0	0	0	13693828	2364782	14014	42312
/nfs/share/instances/gbd/cnf/0415acae197134f9d1cd7bea5ac3f2fd-jgiraldezlevy.2200.9086.08.40.136.cnf.xz	0415acae197134f9d1cd7bea5ac3f2fd	8401e3575cd9b5aa5497085508be017e	random-modularity	sat	anni_2022	9086	2200	154252	0	0	9086	0	0	0	0	0	0	0	4580	4506	1148	1189
/nfs/share/instances/gbd/cnf/04166b0a94fb2e4da58436ea480e2586-unif-k7-r85.0-v200-c17000-S3213321906544472845.cnf.xz	04166b0a94fb2e4da58436ea480e2586	110e0d7892666eeb8c6c579e7c2bcd7b	uniform-random	unknown	portfolio_2012	17000	200	503541	0	0	0	0	0	0	17000	0	0	0	1075	1058	144	143
/nfs/share/instances/gbd/cnf/041699620802b7ed905f93976ae60bef-longmult9.cnf.xz	041699620802b7ed905f93976ae60bef	893ea77bb089603a27252610e4d3cb57	bounded-model-checking	unsat	anni_2022	13479	4321	196810	41	9084	3598	566	10	170	0	0	0	10	11184	10274	1117	285
/nfs/share/instances/gbd/cnf/041a4e925fd664bf8e2e41b8eb9f2840-unif-k4-r9.931-v1650-c16386-S53884124957771982.cnf.xz	041a4e925fd664bf8e2e41b8eb9f2840	30d402dc588cd288b8cd17ef31797e76	uniform-random	unknown	random_2014	16386	1650	349048	0	0	0	16386	0	0	0	0	0	0	5128	5131	1002	1003
/nfs/share/instances/gbd/cnf/041aa7c18006a2f33e5c5ec83eb08505-unif-k3-r4.2-v16000-c67200-S1726986756-053.cnf.xz	041aa7c18006a2f33e5c5ec83eb08505	30052eca6036356bb772ba7500792c74	uniform-random	unknown	random_2009	67200	16000	1304831	0	0	67200	0	0	0	0	0	0	0	33496	33704	8400	8347
/nfs/share/instances/gbd/cnf/041afddade3479f2b9ebe3f5cf390c7e-57-106276.cnf.xz	041afddade3479f2b9ebe3f5cf390c7e	4e9864e99882779c47c2d40e16371680	station-repacking	unknown	None	530869	25167	8126784	3	529701	1	1	4	2	0	8	2	1147	529704	1168	1168	529701
/nfs/share/instances/gbd/cnf/041bf8c064b4f6f8fabcd2a9793b8c7b-WS_400_24_70_10.apx_2_DS-ST.cnf.xz	041bf8c064b4f6f8fabcd2a9793b8c7b	4e0f9993e7676641088635bd6e6c70b1	argumentation	unknown	submissions_2023	15601	800	187037	1	15200	0	0	1	1	8	18	12	360	14801	10401	400	5201
/nfs/share/instances/gbd/cnf/041df0acc65530f7e1e628130c3d411d-52-89557.cnf.xz	041df0acc65530f7e1e628130c3d411d	bdb527980624f1820f7e2e50cbceaab5	station-repacking	unknown	None	372805	20353	5661289	3	371866	1	0	3	2	0	6	0	924	371869	939	939	371866
/nfs/share/instances/gbd/cnf/041dfae4c5f8679c1b54f1fb3b8cb0f5-bench_186.smt2.cnf.xz	041dfae4c5f8679c1b54f1fb3b8cb0f5	cae92ec1954ddc92fc32fd275836d2f9	agile	sat	agile_2017	4172481	1176211	90825651	9013	1500260	2497809	165272	0	1	0	2	0	124	2385807	2301863	1383031	360450
/nfs/share/instances/gbd/cnf/041e654adaeb51d241eafd1e29a5fbfb-brocard_problem.cnf.xz	041e654adaeb51d241eafd1e29a5fbfb	a4a8d4a0743396d805c8e2096b22b656	sat-x	unsat	submissions_2022	338951	61093	7668216	14890	3342	182261	138454	0	0	0	0	0	4	187187	135556	1888	19735
/nfs/share/instances/gbd/cnf/041ef0a56340a623c38e6b9012933624-shuffling-2-s554396412-of-bench-sat04-318.used-as.sat04-598.cnf.xz	041ef0a56340a623c38e6b9012933624	3e503538fe609f9f9fc285f34dd1601f	mycielski-graph	unsat	anni_2022	4630	285	121896	7	93	0	0	0	4530	0	0	0	0	594	561	115	108
/nfs/share/instances/gbd/cnf/041f5fd5d1c9ae9f0ba37a745b5dfd23-bench_4972.smt2.cnf.xz	041f5fd5d1c9ae9f0ba37a745b5dfd23	1a08913730c2cad72effa2a92c1d3e6c	agile	sat	agile_2016	62230	17998	1097367	511	18305	42115	1238	0	0	57	4	0	0	30836	41337	12172	7970
/nfs/share/instances/gbd/cnf/041f974b7b2e24ffbc50eda1bb04f917-bench_16550.smt2.cnf.xz	041f974b7b2e24ffbc50eda1bb04f917	d26cd17f2ae26db0f20e4d40edf024db	agile	unsat	agile_2017	4624953	1278469	105579864	1572	1175964	3371893	75441	1	0	1	57	0	24	2046571	3240362	692646	683047
/nfs/share/instances/gbd/cnf/0421d8c1dec913b76dc72d781a864a80-dead-dnd006.shuffled-as.sat05-3112.cnf.xz	0421d8c1dec913b76dc72d781a864a80	e49bd643dcd28066b70de0aa0822fcd4	quasigroup-completion	unsat	anni_2022	13580	1064	289512	35	1080	8761	281	327	373	473	774	368	1108	5443	5482	1512	1349
/nfs/share/instances/gbd/cnf/0422d43dc86ee9111d46c1a10992ea29-unif-k3-r4.267-v2000-c8534-S8847153303408088700.cnf.xz	0422d43dc86ee9111d46c1a10992ea29	160887515de262414fd67971728f8742	uniform-random	unknown	random_2012	8534	2000	143322	0	0	8534	0	0	0	0	0	0	0	4198	4336	1071	1019
/nfs/share/instances/gbd/cnf/04282eb8fedd703fb176b37c5d037a0c-49-69428.cnf.xz	04282eb8fedd703fb176b37c5d037a0c	da245ae0f9bf1bdb76f5ebec734acd98	station-repacking	unknown	None	276891	16790	4175131	3	276110	1	1	3	1	0	7	0	765	276113	781	781	276110
/nfs/share/instances/gbd/cnf/04283728b84c4b0ff6cb44ca4bc4ab65-new-difficult-28-302-26-75.cnf.xz	04283728b84c4b0ff6cb44ca4bc4ab65	02b768f11e184d922cd04b19e07ee6aa	subgraph-isomorphism	sat	anni_2022	48442	728	568901	0	48416	0	0	0	0	0	0	0	26	48416	26	26	48416
/nfs/share/instances/gbd/cnf/042846b7b23a617ad1730e9eb2dbdceb-ctl_4291_567_9_unsat_pre.cnf.xz	042846b7b23a617ad1730e9eb2dbdceb	74d29dc0d2ad92eaa7c06fba6249e246	scheduling	unsat	anni_2022	169583	15232	3546996	0	29900	35508	104175	0	0	0	0	0	0	43885	43886	3766	3771
/nfs/share/instances/gbd/cnf/04296c034b9b888599263926aab8ddc8-fla-komb-520-2.cnf.xz	04296c034b9b888599263926aab8ddc8	9d0ff414c62652f3e979593e102865a8	random-planted-solution	sat	random_2017	2707	520	40254	0	0	2707	0	0	0	0	0	0	0	1348	1359	330	339
/nfs/share/instances/gbd/cnf/042b503bc444d79e1593cbdc73d18c96-42-112322.cnf.xz	042b503bc444d79e1593cbdc73d18c96	7f6ae75ec2faf101e7e59c6cbaf93a16	station-repacking	unknown	None	571423	26192	8762324	3	570208	1	1	4	2	0	9	4	1191	570211	1215	1215	570208
/nfs/share/instances/gbd/cnf/042cdc726a92bf0a2195b3b426f35bce-reconf20_50_grid10_1_6141.cnf.xz	042cdc726a92bf0a2195b3b426f35bce	0c3a50a05d6d290991939bf3ff4cdd05	independent-set-reconfiguration	unknown	submissions_2022	548063	139160	12150083	200	66540	480000	0	0	0	0	0	0	1323	181940	400771	3771	147444
/nfs/share/instances/gbd/cnf/0430dd41069c93d385b767e768c1095f-unif-k5-r21.3-v90-c1917-S1329819842-01.UNSAT.shuffled.cnf.xz	0430dd41069c93d385b767e768c1095f	b77da741b0b4829f1dfe7ef1658157c9	uniform-random	unsat	random_2007	1917	90	36208	0	0	0	0	1917	0	0	0	0	0	337	343	57	53
/nfs/share/instances/gbd/cnf/04327b18171b43ff06586707499b97fc-hypercube4.shuffled-as.sat03-1434.cnf.xz	04327b18171b43ff06586707499b97fc	d09b37f3061cfd055e3656b56c58f468	graph-based	unsat	anni_2022	128	32	1872	0	0	0	128	0	0	0	0	0	0	49	49	5	5
/nfs/share/instances/gbd/cnf/0436f8cdece0f293915bbc6d711f6850-48-121614.cnf.xz	0436f8cdece0f293915bbc6d711f6850	385a01b14417149c7b2ee1dd900a8b28	station-repacking	unknown	None	698061	29266	10753860	3	696698	1	1	3	2	0	10	3	1340	696701	1363	1363	696698
/nfs/share/instances/gbd/cnf/043c40bb7bdb3a2eccb3eb0b79f47cab-okgen-c1600-v400-s92024501-92024501.cnf.xz	043c40bb7bdb3a2eccb3eb0b79f47cab	008dd530ec2fc02db66434c6f3b64d17	random	unknown	random_2002	1600	400	23458	0	0	1600	0	0	0	0	0	0	0	795	805	205	187
/nfs/share/instances/gbd/cnf/043cdbde77d0a494be264ee322847809-49-135688.cnf.xz	043cdbde77d0a494be264ee322847809	95fe7dcdc942e4627a0f2033724ca43f	station-repacking	unknown	None	916413	33521	14179002	3	914852	1	1	5	3	0	10	3	1535	914855	1561	1561	914852
/nfs/share/instances/gbd/cnf/043ddf84451e8b1a50f3f5662897e385-okgen-c900-v450-s297055419-297055419.cnf.xz	043ddf84451e8b1a50f3f5662897e385	3cd9521eefaf72d7890285701eb74d72	random	unknown	random_2002	900	450	13326	0	0	900	0	0	0	0	0	0	0	457	443	100	113
/nfs/share/instances/gbd/cnf/043f806db615f7a138d4beffe3367c1a-frb45-21-1.used-as.sat04-883.cnf.xz	043f806db615f7a138d4beffe3367c1a	9cbbc58299464ef00d7f0dbd8b6b3603	random-csp	sat	anni_2022	61855	945	732089	0	61810	0	0	0	0	0	0	0	45	61810	45	45	61810
/nfs/share/instances/gbd/cnf/04411a580ede5fd258d84ce872b5f53b-EDP3-50000.cnf.xz	04411a580ede5fd258d84ce872b5f53b	633e7ff6ff0c132ae855a1d06343348d	erdos-discrepancy	unknown	anni_2022	3732114	489072	84091585	0	629442	2588602	514070	0	0	0	0	0	0	2180778	2180778	232036	232036
/nfs/share/instances/gbd/cnf/0443c64d68e48da7bd100c03c82c0c4b-50-129545.cnf.xz	0443c64d68e48da7bd100c03c82c0c4b	7047ce009210543a6d74d1d317a422d0	station-repacking	unknown	None	918575	33582	14217091	3	917011	1	1	5	3	0	8	5	1538	917014	1564	1564	917011
/nfs/share/instances/gbd/cnf/0445a4d6be24882bac0988a055e7f379-unsat-set-a-fclqcolor-20-13-14.sat05-1278.reshuffled-07-sc2007.cnf.xz	0445a4d6be24882bac0988a055e7f379	ec5b31537e59126414143e7f273a862d	coloring	unknown	anni_2022	43124	730	619860	0	6040	37050	0	0	0	0	0	0	34	21434	24684	7250	5426
/nfs/share/instances/gbd/cnf/0445e60a23b32e2adc07e34ec3f5dbf4-unif-r4.25-v500-c2125-07-S37132789.used-as.sat04-57.cnf.xz	0445e60a23b32e2adc07e34ec3f5dbf4	5145038d54f8a60015bf44ac0f60cea5	uniform-random	unknown	random_2004	2125	500	31453	0	0	2125	0	0	0	0	0	0	0	1066	1059	268	274
/nfs/share/instances/gbd/cnf/0447371bb8a97e8fe5d3cee6de1db766-UTI-20-10p0-sc2009.cnf.xz	0447371bb8a97e8fe5d3cee6de1db766	2e2bafca9e4d6801fc343b640ea43dec	diagnosis	unsat	anni_2022	1374599	259616	26612943	13149	982807	313283	7260	29040	7280	14520	0	0	7260	1121328	883878	15745	370534
/nfs/share/instances/gbd/cnf/0449da0fb33b7ed1f7b7f0e2924cfb14-abw-V-nos6.mtx-w235.cnf.xz	0449da0fb33b7ed1f7b7f0e2924cfb14	9bd579150a53c0dce8656725ea54b83a	antibandwidth	sat	None	6623197	1746225	123048688	595687	4803060	1223775	0	0	0	0	0	0	675	2848297	5967952	3152550	652882
/nfs/share/instances/gbd/cnf/044a4186f6873d19008743aa0dfd004d-56-137908.cnf.xz	044a4186f6873d19008743aa0dfd004d	aa5d896124d7b26d26e1408ff374f8cf	station-repacking	unknown	None	909060	33233	14055684	3	907513	1	1	4	2	0	9	3	1524	907516	1547	1547	907513
/nfs/share/instances/gbd/cnf/044a95f1445afa3e02a258417ab90ab9-unif-k5-r20-v1500-c30000-S1793954886-065-UNKNOWN.cnf.xz	044a95f1445afa3e02a258417ab90ab9	479e12b34088213e7e420e7c62ef79ff	uniform-random	unknown	random_2011	30000	1500	774130	0	0	0	0	30000	0	0	0	0	0	5693	5529	947	891
/nfs/share/instances/gbd/cnf/044d27388c142e8e47812d9518e01b2f-shuffling-2-s2123257475-of-bench-sat04-327.used-as.sat04-589.cnf.xz	044d27388c142e8e47812d9518e01b2f	0378db6eab54ddaa95d15c4bc1bce65e	miter	unsat	anni_2022	33199	5248	660704	0	7634	15444	0	10120	0	0	0	0	1	15445	15238	4112	4117
/nfs/share/instances/gbd/cnf/044eced3d5aac22e0f34ad02071132f7-Q32inK10.cnf.xz	044eced3d5aac22e0f34ad02071132f7	600ec527e26f5498f188fa4735b67b90	ramseycube	unsat	anni_2022	38430	45	1336244	0	0	0	630	0	0	0	0	0	37800	630	37800	37800	630
/nfs/share/instances/gbd/cnf/045182d177d3f95d7cfef1205d609f37-bench_1608.smt2.cnf.xz	045182d177d3f95d7cfef1205d609f37	0ffcda70b8191f6c2863b56686100f4d	agile	sat	agile_2016	99709	28489	1810407	487	31914	64485	2764	0	0	52	4	0	3	54377	61210	24073	9700
/nfs/share/instances/gbd/cnf/045490bc2ea6b39133e367e0d5985ec6-bench_1177.smt2.cnf.xz	045490bc2ea6b39133e367e0d5985ec6	285527f05ae7a82b4660c256c754d94a	agile	sat	agile_2016	88366	25220	1592153	400	28226	57219	2432	0	0	84	2	0	3	47975	54411	21168	8678
/nfs/share/instances/gbd/cnf/04557a22f623dcbae86173fced057c99-baseballcover14with25.cnf.xz	04557a22f623dcbae86173fced057c99	3eb3d54fea2efd703a87f50afe27f537	baseball-lineup	unsat	anni_2022	2809016	1404586	55546089	4325	1416366	1388325	0	0	0	0	0	0	0	1423887	2795414	4508	10223
/nfs/share/instances/gbd/cnf/045613366353b062992e68937ca53edf-mrpp_6x6#14_12.cnf.xz	045613366353b062992e68937ca53edf	aae824c54650dee4d6f37b0d6bbeed14	planning	sat	anni_2022	38759	5969	646195	280	18216	13288	5886	1089	0	0	0	0	0	33275	6055	441	16077
/nfs/share/instances/gbd/cnf/0458851a021830f297e5dc3418ece838-g2-T96.1.1.cnf.xz	0458851a021830f297e5dc3418ece838	7d38d9881c72fc5d0b562ecfe8772d20	cril-misc	unsat	anni_2022	32322587	8905808	780732153	0	11928747	19752304	478084	78780	26203	19195	12663	4917	21694	19823822	16639956	11291639	2409364
/nfs/share/instances/gbd/cnf/045941155fcb708d6d80e421c87c2abf-bench_17892.smt2.cnf.xz	045941155fcb708d6d80e421c87c2abf	d82eb168f4dec5206d6a4a67c913abc2	agile	unsat	agile_2017	4608527	1273792	105184331	1572	1169463	3362655	74754	1	0	1	57	0	24	2037672	3230454	687613	681497
/nfs/share/instances/gbd/cnf/0459bb2e18a01e6f3f305dc8be7040bc-unif-k7-r85-v160-c13600-S2043900701-05.cnf.xz	0459bb2e18a01e6f3f305dc8be7040bc	8b6e91252a669c5bc5f9b0d6bc604c2c	uniform-random	unknown	random_2007	13600	160	389762	0	0	0	0	0	0	13600	0	0	0	860	844	80	98
/nfs/share/instances/gbd/cnf/045e3c00486daba698458469f773f700-55-125283.cnf.xz	045e3c00486daba698458469f773f700	368f4879249817485476897a74c94064	station-repacking	unknown	None	640415	27779	9834052	3	639121	1	1	5	2	0	9	5	1268	639124	1294	1294	639121
/nfs/share/instances/gbd/cnf/045eeffb8750ff847de87bc37f922c02-sha256__zeroOut_13__freeIn_17__seed_2.cnf.xz	045eeffb8750ff847de87bc37f922c02	307737d9de03bc35dbc5054f39dd3911	cryptography	sat	None	618749	37633	23246887	2813	656	55024	120048	64368	60000	225600	90240	0	0	150221	140485	1362	8211
/nfs/share/instances/gbd/cnf/046027fd1061d32ad6cba9174f9f37c8-52-130527.cnf.xz	046027fd1061d32ad6cba9174f9f37c8	034a9aeed0159062e04fa2db2a40b1be	station-repacking	unknown	None	791258	31168	12206760	3	789806	1	1	4	2	0	8	4	1429	789809	1452	1452	789806
/nfs/share/instances/gbd/cnf/04619a36750d6e3e9f34e433e9a0cedc-DivU_591_10.cnf.sanitized.cnf.xz	04619a36750d6e3e9f34e433e9a0cedc	c68a1b80edccc44efce8189e6d8504ad	subsumptiontest	unsat	submissions_2023	291583	591	13107003	0	0	0	0	0	0	0	138	11107	280338	3222	3245	297	295
/nfs/share/instances/gbd/cnf/0461c116d94becf63a1c41b320f6eea3-unif-k6-r43.37-v81-c3513-S2165463424612289288.cnf.xz	0461c116d94becf63a1c41b320f6eea3	3e26610db77f54fa1300a9ab71af6187	uniform-random	unsat	random_2013	3513	81	77974	0	0	0	0	0	3513	0	0	0	0	397	406	57	57
/nfs/share/instances/gbd/cnf/0462a0427297f8979588174b502bd044-mod2c-rand3bip-sat-230-1.shuffled-as.sat05-2503.cnf.xz	0462a0427297f8979588174b502bd044	b6e717232c3fd8feeb20651a33c4405b	tseitin-formulas	sat	anni_2022	2220	322	44680	0	0	0	1480	704	36	0	0	0	0	619	605	116	119
/nfs/share/instances/gbd/cnf/0463b72200ae80c02835c027d3606c4e-battleship-13-25-sat.cnf.xz	0463b72200ae80c02835c027d3606c4e	4e4c85bd711f7052fd9b6a7ee50a48b1	battleship	sat	anni_2022	2119	325	37863	0	1950	0	0	0	0	0	0	0	169	1950	169	169	1950
/nfs/share/instances/gbd/cnf/0464c7eea603a1169b0d74903226ee9c-51-20020.cnf.xz	0464c7eea603a1169b0d74903226ee9c	436e2b888d8fff4aa8dc2810162023f9	station-repacking	unknown	None	185084	11489	2661118	2	184555	1	0	1	1	0	2	0	522	184557	529	529	184555
/nfs/share/instances/gbd/cnf/04674c7c9520c7edc0426b820f837726-hwb-n30-01-S682466202.shuffled-as.sat03-1632.cnf.xz	04674c7c9520c7edc0426b820f837726	730cbd747dd695de32762f5e76db628e	miter	unsat	anni_2022	954	194	14803	0	10	544	400	0	0	0	0	0	0	391	391	99	98
/nfs/share/instances/gbd/cnf/0467f94ce29392897b1c964f6557ce46-fdmus_b22_627.cnf.xz	0467f94ce29392897b1c964f6557ce46	138097008d7ac0cf8921912a82dc8e4f	fdmus	unsat	None	10669	3918	150447	6	7396	3267	0	0	0	0	0	0	0	8146	6133	1273	3791
/nfs/share/instances/gbd/cnf/047566aaff65b42f2d1e89e0e1fc957f-fdmus_b22_375.cnf.xz	047566aaff65b42f2d1e89e0e1fc957f	3653484518e04d4eb8de1a29495f9e65	fdmus	unsat	None	9096	3312	127297	6	6282	2808	0	0	0	0	0	0	0	6987	5400	892	2996
/nfs/share/instances/gbd/cnf/04782106e70a3e200feb487e5dfd826b-unif-k6-r43.37-v270-c11710-S8899439977305235018.cnf.xz	04782106e70a3e200feb487e5dfd826b	0fbd07361015e61019a4b1e2da086095	uniform-random	unknown	random_2014	11710	270	310680	0	0	0	0	0	11710	0	0	0	0	1240	1224	188	178
/nfs/share/instances/gbd/cnf/0478f201a06ab2219542330f36a3698c-41-103062.cnf.xz	0478f201a06ab2219542330f36a3698c	e57f02b3680d3f95b3f3f41827bc71b4	station-repacking	unknown	None	473874	23412	7227620	3	472794	1	1	3	2	0	7	1	1062	472797	1080	1080	472794
/nfs/share/instances/gbd/cnf/047a18e21c771877710468a88576cf29-simon-mixed-s02bis-01.cnf.xz	047a18e21c771877710468a88576cf29	f3474b0487496917de80d0e173bd282c	misc-satex	unknown	application_2012	14812	2424	229639	1	12091	696	52	280	1520	44	0	0	128	9671	9601	3147	3185
/nfs/share/instances/gbd/cnf/047a24a20dcf32612975fff862a229dd-49-132820.cnf.xz	047a24a20dcf32612975fff862a229dd	fcd8a5c2a0c71f2b803f69f3f0ad3ecd	station-repacking	sat	None	809612	31508	12499009	3	808144	1	1	4	3	0	9	3	1444	808147	1468	1468	808144
/nfs/share/instances/gbd/cnf/047c92e7c0a36a23d8107f4313517719-rubikcube701-sc2017.cnf.xz	047c92e7c0a36a23d8107f4313517719	34a5cadeda090504840e4ea2fa9f5c28	rubikcube	unsat	anni_2022	62609	3066	1115362	224	1395	54448	312	6213	17	0	0	0	0	61287	2227	111	7676
/nfs/share/instances/gbd/cnf/047fbe00ecc60835f1ee9d458bbd7ee8-SAT_H_instances_childsnack_p06.hddl_2.cnf.xz	047fbe00ecc60835f1ee9d458bbd7ee8	de647386c453805f3d41b67fbb0f06cb	planning	sat	main_2022	52348693	49454	815165726	683	52339931	5645	1482	0	221	0	0	0	731	52346259	345069	314	51995927
/nfs/share/instances/gbd/cnf/0480133b8911f6e9c3b4bb2755327649-unif-r4.5-v500-c2250-03-S1518674119.shuffled-as.sat03-1127.cnf.xz	0480133b8911f6e9c3b4bb2755327649	87500adf71e82e43dd1e81d80a1df4c7	uniform-random	unknown	random_2003	2250	500	33268	0	0	2250	0	0	0	0	0	0	0	1074	1176	285	251
/nfs/share/instances/gbd/cnf/048142b6048cb6c10415e08f68a2c3a3-GP_81_430_13.cnf.xz	048142b6048cb6c10415e08f68a2c3a3	02fcaa8dc28a890efd92e781f2d5467b	graceful-production	sat	main_2022	12519319	2311916	385345266	52245	936145	3841992	5839057	1491839	46567	237646	2019	938	70871	5640201	5730494	207528	1044584
/nfs/share/instances/gbd/cnf/04823801df6304e0fd0f36b9f956c2dc-unif-k7-r87.79-v154-c13520-S6707779930891676684.cnf.xz	04823801df6304e0fd0f36b9f956c2dc	51cb98a929bceca1f9ac4d8060e07d9d	uniform-random	unknown	random_2017	13520	154	384508	0	0	0	0	0	0	13520	0	0	0	810	857	98	97
/nfs/share/instances/gbd/cnf/04842030167d0508d3e42d8f0dda29e0-bench_3169.smt2.cnf.xz	04842030167d0508d3e42d8f0dda29e0	a5ec044de6bb42261cf5e78206517905	agile	sat	agile_2017	387263	110855	7495924	984	121621	255511	9111	0	0	3	32	0	1	199920	250211	84149	45208
/nfs/share/instances/gbd/cnf/0488830078c4a680d8014bbff36deeb1-45-91862.cnf.xz	0488830078c4a680d8014bbff36deeb1	baa6a8dc4d01bd0f8dcd24ee44bca620	station-repacking	unknown	None	381631	20686	5795077	3	380674	1	1	2	2	0	7	1	940	380677	957	957	380674
/nfs/share/instances/gbd/cnf/04897f61ac34d82804d57aa07322a400-52-137968.cnf.xz	04897f61ac34d82804d57aa07322a400	719eb51950441bc0478cf704495d1d10	station-repacking	unknown	None	1063607	36422	16486735	3	1061915	1	1	4	3	0	9	5	1666	1061918	1692	1692	1061915
/nfs/share/instances/gbd/cnf/04898b587aa76d7625bdfe23fd8a1a0a-bench_10000.smt2.cnf.xz	04898b587aa76d7625bdfe23fd8a1a0a	a3173e742160819039a5ff8484d8a187	agile	unsat	agile_2017	4701267	1299390	107520840	1572	1192782	3430634	76196	1	0	3	55	0	24	2077843	3296893	699873	695442
/nfs/share/instances/gbd/cnf/048a70da40ea4908c783b8314be2da97-aes_32_2_keyfind_1.cnf.xz	048a70da40ea4908c783b8314be2da97	d6a63a269b38c7b7bd6b5f6315972006	cryptography	sat	anni_2022	5016	528	131883	80	64	1088	256	0	1716	1524	288	0	0	796	1376	73	351
/nfs/share/instances/gbd/cnf/048ddbb09453a83d40fa85110d0958f3-okgen-c1912-v450-s1189481636-1189481636.cnf.xz	048ddbb09453a83d40fa85110d0958f3	8b2ee96f03152936c331535741a95f0f	random	unknown	random_2002	1912	450	28137	0	0	1912	0	0	0	0	0	0	0	924	988	269	244
/nfs/share/instances/gbd/cnf/048e257d6d04d3d17f6547ca07fedd76-unif-c2800-v700-s1462454127.cnf.xz	048e257d6d04d3d17f6547ca07fedd76	fa52ff50be57dd83e96e026c3c708213	uniform-random	unknown	random_2002	2799	700	42066	0	0	2799	0	0	0	0	0	0	0	1396	1403	331	341
/nfs/share/instances/gbd/cnf/049072033960eab882a3b0933d414f36-rbcl_xits_08_UNSAT.cnf.xz	049072033960eab882a3b0933d414f36	2ff3003ba007a4369939921d23952823	bioinformatics	unsat	main_2020	68055	1278	1054988	0	2148	65884	0	0	0	0	0	23	0	67496	2135	23	6629
/nfs/share/instances/gbd/cnf/04909da47036ae2ccf4fd8d025b83344-glassy-v450-s325799114.cnf.xz	04909da47036ae2ccf4fd8d025b83344	151a6f4e1a53a95aee37cbf4ff215e54	glassy-gen	unknown	random_2002	2100	450	31012	0	0	2100	0	0	0	0	0	0	0	1078	1022	257	245
/nfs/share/instances/gbd/cnf/0491901f00c8663e5b49a0dbbf96412f-rbsat-v945c61409g4.cnf.xz	0491901f00c8663e5b49a0dbbf96412f	a8f6494953433423564d2eebe88d76de	rbsat	sat	anni_2022	61409	945	726078	0	61364	0	0	0	0	0	0	0	45	61364	45	45	61364
/nfs/share/instances/gbd/cnf/04929ae99a2b834405a1db90e2747245-x9-04045.sat.sanitized.cnf.xz	04929ae99a2b834405a1db90e2747245	3a785d0d6561650d6cae3be4ab544774	hamiltonian	unknown	submissions_2024	1800	200	20905	0	1640	0	40	80	40	0	0	0	0	1640	160	160	1640
/nfs/share/instances/gbd/cnf/04935c7718d4ada8516e0d99c46df41b-g2-newton.8.3.i.smt2-cvc4.cnf.xz	04935c7718d4ada8516e0d99c46df41b	ae9548674e8dcf1aa4889fdbf0ff9f89	bitvector	sat	anni_2022	1309690	302735	28354865	0	467077	810060	7557	10937	6782	1118	603	772	4784	887754	751289	60736	149530
/nfs/share/instances/gbd/cnf/0494c37fc0ae2de1550eea216cfc1752-59-121619.cnf.xz	0494c37fc0ae2de1550eea216cfc1752	8cd9d4251ff1992d5726517a9be90699	station-repacking	unknown	None	716259	29522	11035569	3	714882	1	1	5	2	0	9	2	1354	714885	1377	1377	714882
/nfs/share/instances/gbd/cnf/04956720311452f8ad4bc3d771fdfbc0-manol-pipe-c6nidw.cnf.xz	04956720311452f8ad4bc3d771fdfbc0	d8203e0b5e3b5fc005817cf44f648d43	hardware-verification	unsat	None	499606	168498	8881240	1	333070	166535	0	0	0	0	0	0	0	399624	358254	23276	74514
/nfs/share/instances/gbd/cnf/049775f8bfc13fefc68f086cd3667df4-44-89079.cnf.xz	049775f8bfc13fefc68f086cd3667df4	93095b0f2eceb810efb2f8c71043905a	station-repacking	unknown	None	365875	20195	5556948	2	364940	1	1	4	2	0	6	1	918	364942	935	935	364940
/nfs/share/instances/gbd/cnf/0498569a656eb22b361a106e0cecff9b-58-115310.cnf.xz	0498569a656eb22b361a106e0cecff9b	e7a73205a340d683b59c2cf1c86f6eda	station-repacking	unknown	None	596785	26757	9160118	3	595542	1	1	3	2	0	9	4	1220	595545	1243	1243	595542
/nfs/share/instances/gbd/cnf/04992f0208bb60792163c32fbc207165-x9-06012.sat.sanitized.cnf.xz	04992f0208bb60792163c32fbc207165	6520ce4a1eefed87ae688674fcbfafc0	hamiltonian	unknown	submissions_2024	2698	300	32469	0	2458	0	58	124	58	0	0	0	0	2458	240	240	2458
/nfs/share/instances/gbd/cnf/049a5615101bbe36f025a7b87d3c7360-46-107987.cnf.xz	049a5615101bbe36f025a7b87d3c7360	716b18899b0d32a708358f8a421df8c0	station-repacking	unknown	None	553451	25830	8483686	3	552257	1	1	4	2	0	7	2	1174	552260	1194	1194	552257
/nfs/share/instances/gbd/cnf/049ddd5ace159bd3d3363c9c36217d6d-52-126461.cnf.xz	049ddd5ace159bd3d3363c9c36217d6d	fbd39e38ac56288e2e75769768d7aedf	station-repacking	unknown	None	732471	29889	11290064	3	731078	1	1	4	2	0	8	4	1370	731081	1393	1393	731078
/nfs/share/instances/gbd/cnf/049df9eac33b5770ea20ec1f022f0173-OKgenerator_s0=32s1=29n=500l=5cp=10000-Dnr0=0nr1=6-o.shuffled-as.sat05-1539.cnf.xz	049df9eac33b5770ea20ec1f022f0173	d13af613cbbea829f51a520da86ab728	random	unknown	random_2005	10000	500	233944	0	0	0	0	10000	0	0	0	0	0	1855	1854	319	311
/nfs/share/instances/gbd/cnf/04a05b619dfddaebbe864e7b94e108c1-okgen-c1890-v450-s1447162195-1447162195.cnf.xz	04a05b619dfddaebbe864e7b94e108c1	9dfe8ebe0e89e178a0569612973998e2	random	unknown	random_2002	1890	450	27925	0	0	1890	0	0	0	0	0	0	0	929	961	250	237
/nfs/share/instances/gbd/cnf/04a0b133fe5760af8a58451053673fc9-x9-06092.sat.sanitized.cnf.xz	04a0b133fe5760af8a58451053673fc9	9262f17fcc9d7104e0bd98c268889eb9	hamiltonian	unknown	submissions_2024	2693	300	32503	0	2453	0	53	134	53	0	0	0	0	2453	240	240	2453
/nfs/share/instances/gbd/cnf/04a3e6aed6697c05b23934f51e9d5321-fdmus_b21_413.cnf.xz	04a3e6aed6697c05b23934f51e9d5321	f146fc1424bbafd6cf59aa5b35928563	fdmus	unsat	None	11645	4230	164825	6	8036	3603	0	0	0	0	0	0	0	8903	6866	1180	3917
/nfs/share/instances/gbd/cnf/04a7b805cf12ae898f723b735fa959df-satch2ways10u.cnf.xz	04a7b805cf12ae898f723b735fa959df	1cb0e4ea10bbaf4ff756d8e0b48affb1	test-configuration	unsat	None	31644	10130	503354	0	20040	9670	0	0	0	0	0	0	1934	30677	20327	967	1647
/nfs/share/instances/gbd/cnf/04a97eb41fd59e3495641ea2442177c9-E07F15.cnf.xz	04a97eb41fd59e3495641ea2442177c9	8d98556e587ec58404dbca785c10621b	2d-strip-packing	sat	None	38883	4740	891811	32	12341	8516	2550	3885	4685	3705	1500	390	1279	36523	12858	1342	19725
/nfs/share/instances/gbd/cnf/04aa3db794a4a1129b037aac393e0bb5-5cnf_4100_4100_50f1.shuffled.cnf.xz	04aa3db794a4a1129b037aac393e0bb5	bc47f588ed19ef85b3a0675ac72e8b94	random	unknown	random_2002	820	50	14542	0	0	8	150	662	0	0	0	0	0	190	184	28	31
/nfs/share/instances/gbd/cnf/04aac627660a42b5661595b06de9685f-x9-12038.sat.sanitized.cnf.xz	04aac627660a42b5661595b06de9685f	6b3557a35f13db494b9b4fe41d100f62	hamiltonian	unknown	submissions_2024	5408	600	67414	0	4928	0	128	224	128	0	0	0	0	4928	480	480	4928
/nfs/share/instances/gbd/cnf/04afde06992c1171bbcac67b3b58c53c-58-120285.cnf.xz	04afde06992c1171bbcac67b3b58c53c	4b7d733c8f48117f0df724abfca3eaf8	station-repacking	unknown	None	640529	27725	9841997	3	639241	1	1	3	2	0	9	4	1265	639244	1288	1288	639241
/nfs/share/instances/gbd/cnf/04b111df3a3747388e923ae5252c9f4d-25_0.cnf.xz	04b111df3a3747388e923ae5252c9f4d	f5a9ab84b535fa44e91b7326cec9e453	cryptography-simon	unknown	submissions_2023	13792	4128	220671	128	3264	10400	0	0	0	0	0	0	0	6592	10592	71	2457
/nfs/share/instances/gbd/cnf/04b1f0add9aaef195413ca4c03ea58ba-46-98049.cnf.xz	04b1f0add9aaef195413ca4c03ea58ba	19246989b80ac69a00f1de4f02c05606	station-repacking	unknown	None	437326	22551	6663850	3	436284	1	1	2	2	0	7	1	1025	436287	1042	1042	436284
/nfs/share/instances/gbd/cnf/04b21b20b0f2aca4b886eb7832b6b0e8-5col180_15_3.shuffled.cnf.xz	04b21b20b0f2aca4b886eb7832b6b0e8	c45d9b0cd685f382e04c0dc899d84ea3	coloring	unknown	handmade_2002	7298	540	195952	9	0	540	0	0	6749	0	0	0	0	1120	1004	178	181
/nfs/share/instances/gbd/cnf/04b2a7f442ed1b15439d0678ce902d6f-f2clk_40.shuffled.cnf.xz	04b2a7f442ed1b15439d0678ce902d6f	fbf2f7f72d760b267a16b6cdb9fb2e64	hardware-verification	unsat	anni_2022	80439	27568	1296753	1326	58761	16701	2262	1077	117	119	0	0	76	54683	54858	17602	17369
/nfs/share/instances/gbd/cnf/04b4dfec9afb6529764a94d1cea16abb-ca004.shuffled.cnf.xz	04b4dfec9afb6529764a94d1cea16abb	f7e556bcde113f923a6fc5a8dc9ca876	unknown	unknown	industrial_2002	167	60	1746	2	73	92	0	0	0	0	0	0	0	104	97	36	30
/nfs/share/instances/gbd/cnf/04b58fb62b01369ce326152f7c7416e9-57-132304.cnf.xz	04b58fb62b01369ce326152f7c7416e9	b5f09831ff7733210292c0138f7a8095	station-repacking	unknown	None	958744	34331	14830296	3	957146	2	1	5	3	0	9	4	1571	957149	1598	1598	957146
/nfs/share/instances/gbd/cnf/04b88891edf088b990a3b3b81763efdd-43-115479.cnf.xz	04b88891edf088b990a3b3b81763efdd	1cdff1664de8832461ac223540d46d88	station-repacking	unknown	None	577130	26411	8851924	3	575906	1	1	4	2	0	9	3	1201	575909	1224	1224	575906
/nfs/share/instances/gbd/cnf/04b9913aca917f957c43cd4d07e5785d-bench_2589.smt2.cnf.xz	04b9913aca917f957c43cd4d07e5785d	1b410357d586818a179f3210af0ce0b8	agile	sat	agile_2017	790364	226207	16112714	483	291776	469171	28881	0	0	0	1	0	52	442792	452777	255401	75423
/nfs/share/instances/gbd/cnf/04c03de21b275b4e5e9f5882bf2c5ec1-unif-k4-r9.526-v4800-c45725-S7954665678349027228.cnf.xz	04c03de21b275b4e5e9f5882bf2c5ec1	d08ecfb47361a96fb06f3a7bb356fa2c	uniform-random	unknown	random_2012	45725	4800	1054886	0	0	0	45725	0	0	0	0	0	0	14330	14193	2895	2855
/nfs/share/instances/gbd/cnf/04c045b6ea95a35e248f3c5fa17e4c56-Urquhart-s3-b6.shuffled-as.sat03-1558.cnf.xz	04c045b6ea95a35e248f3c5fa17e4c56	230456a908a268f98f39a12772041cb0	tseitin-formulas	unknown	handmade_2003	688	54	15956	0	0	0	16	32	257	383	0	0	0	74	62	9	7
/nfs/share/instances/gbd/cnf/04d00ada667e60a3153fb811809d7e34-49-118946.cnf.xz	04d00ada667e60a3153fb811809d7e34	eadf2bac5576ba39b1b4a1a6486b8f79	station-repacking	unknown	None	649380	28089	9979202	3	648076	1	1	4	2	0	9	3	1281	648079	1304	1304	648076
/nfs/share/instances/gbd/cnf/04d0ae28e10d4a35ebab62f42f0200e8-168.smt2.cnf.xz	04d0ae28e10d4a35ebab62f42f0200e8	17a18abdeb1394a6a74285cdb992e0a9	bitvector	unknown	None	3112009	988187	62329862	80	1678430	1433499	0	0	0	0	0	0	0	2261838	1583534	437400	990507
/nfs/share/instances/gbd/cnf/04d1b01eb1d69df1e9951f5243295833-unif-k7-r85-v220-c18700-S41627158-13.cnf.xz	04d1b01eb1d69df1e9951f5243295833	7230515a9452faea5f322b710a5f2e6a	uniform-random	unknown	random_2007	18700	220	559782	0	0	0	0	0	0	18700	0	0	0	1156	1203	146	142
/nfs/share/instances/gbd/cnf/04d22a87377168b4bae34b530adee132-57-108842.cnf.xz	04d22a87377168b4bae34b530adee132	7f339c107ee4458b9f15a11773f5152f	station-repacking	unknown	None	551002	25662	8442391	3	549810	1	1	4	2	0	8	3	1170	549813	1192	1192	549810
/nfs/share/instances/gbd/cnf/04d28cb98f3362dfcd4ab74d4bb82de3-ex065_24.cnf.xz	04d28cb98f3362dfcd4ab74d4bb82de3	002761573f1d8ab3f57815b2e864678e	tree-decomposition	unknown	anni_2022	395772	74776	7444258	1547	91825	184800	117600	0	0	0	0	0	0	219197	133797	178	19919
/nfs/share/instances/gbd/cnf/04d2cca932a87b98ebfc7bbd0fe6ed5d-safe009_pso.oepc_true-unreach-call.i-cbmc-u2.cnf.xz	04d2cca932a87b98ebfc7bbd0fe6ed5d	dde76674d8593feaa6f05355cd27feb6	software-bmc	unsat	anni_2022	232559	44822	5489371	361	53991	104176	53437	876	1198	1705	4417	2477	9921	128736	109359	7312	60143
/nfs/share/instances/gbd/cnf/04d964003e9d42e6f2483e64564c1f54-55-111983.cnf.xz	04d964003e9d42e6f2483e64564c1f54	cbcf29692fd639854564eb48bfd3eb33	station-repacking	unknown	None	550427	25677	8428696	3	549234	1	1	4	2	0	9	4	1169	549237	1193	1193	549234
/nfs/share/instances/gbd/cnf/04d9e4c3ab38c5caa1983ac2c1263bc1-unif-k7-r70.0-v50000-c3500000-S187829520812454032.cnf.xz	04d9e4c3ab38c5caa1983ac2c1263bc1	9f21c5d902713a079cd4d0d0c619ebcc	uniform-random	unknown	random_2017	3500000	50000	160802143	0	0	0	0	0	0	3500000	0	0	0	218462	219907	27525	27429
/nfs/share/instances/gbd/cnf/04dbb417a7eeebd7ffe3199b414f4242-Break_triple_20_90.xml.cnf.xz	04dbb417a7eeebd7ffe3199b414f4242	9508139ab302af7496f68011d560be0e	scheduling	sat	submissions_2022	273350	55197	4503946	1	257588	13580	244	0	0	0	0	0	1937	270673	177426	2640	82876
/nfs/share/instances/gbd/cnf/04dcc4912a16549fc97d918545b68af5-x9-03082.sat.sanitized.cnf.xz	04dcc4912a16549fc97d918545b68af5	94fc1d2fa2ba2cba61a5aa2f69e047cb	hamiltonian	unknown	submissions_2024	1353	150	15204	0	1233	0	33	54	33	0	0	0	0	1233	120	120	1233
/nfs/share/instances/gbd/cnf/04dd37bd8e319df958e1e091ec60de5b-gensys-icl003.shuffled-as.sat05-2715.cnf.xz	04dd37bd8e319df958e1e091ec60de5b	32a7f4a9f65f555341cf0977bf39abdd	quasigroup-completion	unsat	anni_2022	7737	1472	332907	27	253	1166	118	888	337	428	446	558	3516	1168	1163	271	261
/nfs/share/instances/gbd/cnf/04ded94454830d4ea960327e8b91f5a3-mdp-28-14-sat.cnf.xz	04ded94454830d4ea960327e8b91f5a3	63aa66f626a7475bbf4b4224734618c7	minimum-disagreement-parity	sat	main_2024	4386	792	68489	1	446	1171	2768	0	0	0	0	0	0	2505	2175	38	81
/nfs/share/instances/gbd/cnf/04dee0e90b8ce346e65a60c81f6687df-54-113292.cnf.xz	04dee0e90b8ce346e65a60c81f6687df	e67ea560f5fa262784495f632fa3ccf6	station-repacking	unknown	None	595589	26678	9144383	3	594353	1	1	3	2	0	9	4	1213	594356	1236	1236	594353
/nfs/share/instances/gbd/cnf/04e219c640ed59dc68ea2d50493de5b5-mp1-Nb5T15.cnf.xz	04e219c640ed59dc68ea2d50493de5b5	23f1e39735dfdb3daefdbc575f0c4673	polynomial-multiplication	sat	anni_2022	25200	6360	423562	0	10125	11700	3375	0	0	0	0	0	0	16475	18850	25	2900
/nfs/share/instances/gbd/cnf/04e47e6635908600ef3938b32644825a-3col20_5_7.shuffled.cnf.xz	04e47e6635908600ef3938b32644825a	64e930a465e08fb6bc8a6a49b64c7e7f	coloring	unknown	handmade_2002	176	40	2429	6	20	0	150	0	0	0	0	0	0	61	65	16	13
/nfs/share/instances/gbd/cnf/04e50bc7a121716e396dc538ab24490e-5col120_15_5.shuffled.cnf.xz	04e50bc7a121716e396dc538ab24490e	cb7dad48066cb10c009d77bb35804b71	coloring	unsat	anni_2022	4869	360	127114	9	0	360	0	0	4500	0	0	0	0	670	772	120	118
/nfs/share/instances/gbd/cnf/04e54fdde41e2e623789c3f7df6d274d-unif-k5-r21.3-v75-c1597-S295912653-089.UNKNOWN.cnf.xz	04e54fdde41e2e623789c3f7df6d274d	3cadc5e8bdd95122846dfc68dd6f5f94	uniform-random	unsat	random_2011	1597	75	29920	0	0	0	0	1597	0	0	0	0	0	297	300	40	51
/nfs/share/instances/gbd/cnf/04e6e374423615babd4062f67a532c5e-56-115054.cnf.xz	04e6e374423615babd4062f67a532c5e	0771d5576f88edc14bc04b1e05ec0d3c	station-repacking	unknown	None	646244	27727	9921933	3	644953	1	1	4	2	0	9	4	1267	644956	1291	1291	644953
/nfs/share/instances/gbd/cnf/04ed29d91e703f9ebfd81d2d4fa97103-50-130064.cnf.xz	04ed29d91e703f9ebfd81d2d4fa97103	39c1b26318cbe20184452b95630eddc2	station-repacking	unknown	None	921760	33651	14267391	3	920193	1	1	5	3	0	8	5	1541	920196	1567	1567	920193
/nfs/share/instances/gbd/cnf/04eeb39d680097817142fe4d52c0e422-stb_767_201.apx_2_DC-ST.cnf.xz	04eeb39d680097817142fe4d52c0e422	ae3492ba7bf56bc31ed3a1f85191f927	argumentation	unknown	submissions_2023	30797	1534	391056	5	30034	6	4	4	4	4	10	27	699	29272	20477	768	10324
/nfs/share/instances/gbd/cnf/04ef162792ce0f1d675cf363db2fd99b-VanDerWaerden_2-3-29_868.cnf.xz	04ef162792ce0f1d675cf363db2fd99b	57f3993a2b7baad66cb8c25394a51ca3	waerden	unknown	None	200942	868	4473100	0	0	187922	0	0	0	0	0	0	13020	13020	187922	187922	13020
/nfs/share/instances/gbd/cnf/04f0b56ff8811424c3f44cb7662b3faf-fla-komb-240-5.cnf.xz	04f0b56ff8811424c3f44cb7662b3faf	8d0f779c3c1917ab0f2a40d305022ad0	random-planted-solution	sat	random_2018	1249	240	17655	0	0	1249	0	0	0	0	0	0	0	641	608	151	159
/nfs/share/instances/gbd/cnf/04f1442bafdd6433d41588d2c2e72e0b-fla-barthel-460-3.cnf.xz	04f1442bafdd6433d41588d2c2e72e0b	c867fa44d514fe28913378561f4c8e42	random-planted-solution	sat	random_2017	1978	460	29274	0	0	1978	0	0	0	0	0	0	0	1014	964	250	272
/nfs/share/instances/gbd/cnf/04f43bb4a4f2c193a18e7195a4fd8e41-goldcrest-and-11.cnf.xz	04f43bb4a4f2c193a18e7195a4fd8e41	89c6a862e18bad7c415a672bc34f8afa	risc-instruction-removal-golcrest	unsat	main_2025	1508766	492281	29474746	2	919936	588828	0	0	0	0	0	0	0	1011564	988251	27752	460524
/nfs/share/instances/gbd/cnf/04f542671e8167741228d22abd0303db-53-112431.cnf.xz	04f542671e8167741228d22abd0303db	73f8e344bb64f979899d80fdbf0253b0	station-repacking	unknown	None	607642	27162	9331718	3	606384	1	1	3	2	0	9	3	1236	606387	1258	1258	606384
/nfs/share/instances/gbd/cnf/04f6dd1892f3382e8356d107ba156256-sp5-26-19-bin-stri-tree-noid.cnf.xz	04f6dd1892f3382e8356d107ba156256	5b868f24f0e5fcc4c0907bff30b12102	minimal-superpermutation	sat	None	33530	11427	423249	34	30068	3428	0	0	0	0	0	0	0	30180	19152	24	14336
/nfs/share/instances/gbd/cnf/04f7b0f8afc58d5b7be2c486c01e8164-unif-k7-r86.395-v150-c12959-S2296442078755672158.cnf.xz	04f7b0f8afc58d5b7be2c486c01e8164	c7907b106b16399f17544885b9c289fd	uniform-random	unknown	random_2012	12959	150	366830	0	0	0	0	0	0	12959	0	0	0	816	785	100	115
/nfs/share/instances/gbd/cnf/04f7b83bdf8d56116cc9d7a659464c37-fla-barthel-400-1.cnf.xz	04f7b83bdf8d56116cc9d7a659464c37	de0f8d7eee237f0df4fa5003ce9ee45a	random-planted-solution	sat	random_2017	1720	400	25240	0	0	1720	0	0	0	0	0	0	0	880	840	212	225
/nfs/share/instances/gbd/cnf/04f829be98c8646b8a08aa9a7f20af10-bench_4136.smt2.cnf.xz	04f829be98c8646b8a08aa9a7f20af10	e0d952717a23fc799fc50788efd2570a	agile	unsat	agile_2017	4641546	1283022	106003165	1594	1179284	3385045	75540	1	0	1	57	0	24	2053133	3252957	693764	685859
/nfs/share/instances/gbd/cnf/04f8b455b41f208ea19769f051ddcb1b-equilarge_l2.shuffled-as.sat05-519.cnf.xz	04f8b455b41f208ea19769f051ddcb1b	41311a78d3b6606962f6ce5aa435656d	equivalence-chain	unknown	anni_2022	18555	4487	322736	0	1355	17200	0	0	0	0	0	0	0	9630	9589	2505	2490
/nfs/share/instances/gbd/cnf/04f9cf38c15c4f048fc25f03cb621536-45-129928.cnf.xz	04f9cf38c15c4f048fc25f03cb621536	eddbf7184cbf4cf11a69f9716f550d9a	station-repacking	unknown	None	899325	33175	13902553	3	897780	1	1	4	2	0	9	4	1521	897783	1545	1545	897780
/nfs/share/instances/gbd/cnf/04f9f1f61d99108b7ad0fa77d275dc4c-3col260_5_9.shuffled.cnf.xz	04f9f1f61d99108b7ad0fa77d275dc4c	90b59c723a012535ac52db0ae6234e77	coloring	sat	anni_2022	2216	520	40179	6	260	0	1950	0	0	0	0	0	0	837	795	193	193
/nfs/share/instances/gbd/cnf/04fa0a71339fa76067a75ff448ef6f67-sat-strips-gripper-12t23.sat05-1144.reshuffled-07.cnf.xz	04fa0a71339fa76067a75ff448ef6f67	df6d9d43e43ea2a3fb8451c93523510c	planning	sat	anni_2022	93221	4940	1183316	43	92101	113	924	0	0	0	0	0	40	69453	69581	23117	22998
/nfs/share/instances/gbd/cnf/04fb14e644b1858851c739b1a2170334-58-79407.cnf.xz	04fb14e644b1858851c739b1a2170334	d99452459c250eff9f4d0f2efc794779	station-repacking	unknown	None	327726	18754	4955708	3	326860	1	1	1	1	0	6	1	852	326863	866	866	326860
/nfs/share/instances/gbd/cnf/04fef94bab64c9e3cc8b2b696f38f7be-7cnf30_80000_80000_6.shuffled.cnf.xz	04fef94bab64c9e3cc8b2b696f38f7be	a8eb34c7d56b0b3adfeda8524ddfdb7d	random	unknown	random_2002	3201	30	76469	0	0	0	0	0	0	3201	0	0	0	199	201	27	24
/nfs/share/instances/gbd/cnf/050214ecbd9e96136fe1bc73447f1303-easier-php-035-029.sat05-1179.reshuffled-07.cnf.xz	050214ecbd9e96136fe1bc73447f1303	fbe69b8a6ef24d91d66f2ac6d6a3f558	pigeon-hole	unsat	anni_2022	17290	1015	191495	0	17255	0	0	0	0	0	0	0	35	13153	12728	4102	4527
/nfs/share/instances/gbd/cnf/0502f436e37331d0b92274e0db73b134-43-78431.cnf.xz	0502f436e37331d0b92274e0db73b134	ce7609f819323ad50c0e22b7194dbdf8	station-repacking	unknown	None	325978	18709	4928272	3	325112	1	1	3	1	0	6	1	850	325115	866	866	325112
/nfs/share/instances/gbd/cnf/0504d4dc55e80f42ffa698a4ece021c0-test_v5_r10_vr5_c1_s8690.smt2.cnf.xz	0504d4dc55e80f42ffa698a4ece021c0	b2bf1e85f1bb92344a90a4b71b64ef77	bitvector	unsat	None	1054733	342529	21195167	1753	504184	548796	0	0	0	0	0	0	0	737016	529991	144610	315726
/nfs/share/instances/gbd/cnf/05065ca3c3a5b2b415d7e9afd0bd2c16-46-88192.cnf.xz	05065ca3c3a5b2b415d7e9afd0bd2c16	e9a1876327461716a5c3c94ec54dd455	station-repacking	unknown	None	370971	20477	5636342	3	370024	1	1	2	2	0	6	1	931	370027	947	947	370024
/nfs/share/instances/gbd/cnf/050688d137e1f4d563f7bd5d84d7e344-REGRandom-K3-L1-Seed20.cnf.xz	050688d137e1f4d563f7bd5d84d7e344	a5f832fb43c14693d0d650aa5dc63c98	reg-n	unsat	submissions_2023	29536	896	537832	0	7680	21504	0	0	0	128	0	0	224	29184	128	128	29184
/nfs/share/instances/gbd/cnf/0506afbcee2355dd568a2923e4461649-ac97_ctrl-debug.dimacs.cnf.xz	0506afbcee2355dd568a2923e4461649	5518be642071ed9c49717a03a27277e5	design-debugging	unsat	None	168471	66274	2861318	1601	104122	62748	0	0	0	0	0	0	0	114336	109615	24434	35527
/nfs/share/instances/gbd/cnf/0506d033a4ca469af10d95dbf36a86e9-em_7_4_9_cmp.cnf.xz	0506d033a4ca469af10d95dbf36a86e9	2d1dac354a51dc7de0adad734b64ba5e	edge-matching	sat	anni_2022	15063	1677	283082	0	3556	8650	832	1875	0	0	0	60	90	11756	4539	182	2324
/nfs/share/instances/gbd/cnf/05070c567100ecb6cdbc2ffe0fae57e2-unif-k5-r20.997-v440-c9239-S1286797345410084328.cnf.xz	05070c567100ecb6cdbc2ffe0fae57e2	2d4f39fa7adebc85d1ba7f3708e393dc	uniform-random	unknown	portfolio_2012	9239	440	214451	0	0	0	0	9239	0	0	0	0	0	1745	1788	328	278
/nfs/share/instances/gbd/cnf/0513c7d43a5874fa6a17a184091b3d68-bench_17658.smt2.cnf.xz	0513c7d43a5874fa6a17a184091b3d68	039615065c8afcff77e850319b9b158f	agile	unsat	agile_2016	20316	5851	314233	100	8941	10220	1042	0	0	2	6	0	5	11057	12632	6686	1953
/nfs/share/instances/gbd/cnf/0515200de14d9d8eb513e88e3d28ad7c-baseballcover4with200.cnf.xz	0515200de14d9d8eb513e88e3d28ad7c	0fc5681939a4aaa44739aa20cfd81891	baseball-lineup	unsat	None	3505693	1752985	70482060	5409	1763995	1736289	0	0	0	0	0	0	0	1827809	3437011	5474	10212
/nfs/share/instances/gbd/cnf/0515bc0e0f1028fd4d086139035f5f38-unif-k7-r85-v240-c20400-S52275463-03.cnf.xz	0515bc0e0f1028fd4d086139035f5f38	6c70f15cd30bc13bb0fa64e8ae83aa52	uniform-random	unknown	random_2007	20400	240	617354	0	0	0	0	0	0	20400	0	0	0	1331	1310	167	152
/nfs/share/instances/gbd/cnf/0518b5dc204f26b356671785e02852e1-glassy-v699-s1315920810.cnf.xz	0518b5dc204f26b356671785e02852e1	dfb0173bfe435190382d01aa5459ed60	glassy-gen	unknown	random_2002	3262	699	49031	0	0	3262	0	0	0	0	0	0	0	1627	1635	384	412
/nfs/share/instances/gbd/cnf/0518c5a3eb17ee72f00424e63bd7940b-53-133678.cnf.xz	0518c5a3eb17ee72f00424e63bd7940b	b64f3213fb2fb9d0057cb2d8ce63eb50	station-repacking	unknown	None	916383	33564	14172906	3	914822	1	1	5	2	0	9	5	1535	914825	1561	1561	914822
/nfs/share/instances/gbd/cnf/051b63ae234e63226a7984d76f9dc331-unif-k5-r21.117-v90-c1901-S7373155193805786945.cnf.xz	051b63ae234e63226a7984d76f9dc331	d0d1c75dd782a1c438a3eaa2f4b79df8	uniform-random	unsat	random_2013	1901	90	36078	0	0	0	0	1901	0	0	0	0	0	376	335	52	66
/nfs/share/instances/gbd/cnf/051c7db6f9d6daa9238ad64ddae6cea0-60-107966.cnf.xz	051c7db6f9d6daa9238ad64ddae6cea0	cb2af2fde97d7ed100ee3e0abdf0b124	station-repacking	unknown	None	529044	25055	8099136	3	527883	1	1	3	2	0	8	2	1141	527886	1161	1161	527883
/nfs/share/instances/gbd/cnf/051cb2ec3e94e7f2a72232530f847408-56-126618.cnf.xz	051cb2ec3e94e7f2a72232530f847408	625df4b231f8832b9b964cb31156f8d1	station-repacking	unknown	None	744606	29992	11473256	3	743207	1	1	4	2	0	9	3	1376	743210	1399	1399	743207
/nfs/share/instances/gbd/cnf/0520814ad7ca7c063109ee7a28e89de8-bench_17349.smt2.cnf.xz	0520814ad7ca7c063109ee7a28e89de8	c99e0e800a6e51903feb09c98f482ebd	agile	unsat	agile_2016	11086	3331	164672	89	5010	5477	502	0	0	1	7	0	0	5892	7326	3450	1188
/nfs/share/instances/gbd/cnf/0521cd68355dd16e8f7940f43003d904-crafted_n10_d6_c4_num10.cnf.xz	0521cd68355dd16e8f7940f43003d904	5fd7daae04bb0214121cfcb6e7d56a99	graph-isomorphism	unsat	anni_2022	11133928	42048	170538223	0	11133488	0	0	0	0	0	0	0	440	11133488	440	440	11133488
/nfs/share/instances/gbd/cnf/0524e21cb713c3ba78906a6716409c80-42-122417.cnf.xz	0524e21cb713c3ba78906a6716409c80	edc246a5bbab60cc5388fc20dc06ec2c	station-repacking	unknown	None	662573	28385	10189852	3	661252	1	1	4	2	0	9	4	1297	661255	1321	1321	661252
/nfs/share/instances/gbd/cnf/0525891c206c0382ffc813834bdd526c-DivU_545_9.cnf.sanitized.cnf.xz	0525891c206c0382ffc813834bdd526c	23adaa0e6336ebbc9317678d234e2bcc	subsumptiontest	unsat	submissions_2023	135194	545	5487705	0	0	0	0	0	0	42	4456	130696	0	2947	2483	244	302
/nfs/share/instances/gbd/cnf/0529f3356671518a0fc851f09b693b51-unif-k3-r3.96-v1000000-c3960000-S6642130359873877999.cnf.xz	0529f3356671518a0fc851f09b693b51	cb22b79f454eb5aca78d286c7f6681bc	uniform-random	sat	random_2016	3960000	1000000	95697576	0	0	3960000	0	0	0	0	0	0	0	1979607	1980393	494854	494857
/nfs/share/instances/gbd/cnf/052e03355eef1d923d532699e04f0eb2-57-127408.cnf.xz	052e03355eef1d923d532699e04f0eb2	450868b32cdf2cd2b85ff361bd8ce335	station-repacking	unknown	None	827289	31777	12771805	3	825806	2	1	5	3	0	9	4	1456	825809	1483	1483	825806
/nfs/share/instances/gbd/cnf/0533a1506eb61460bee3917f61ca4c49-SGI_30_80_29_60_7-dir.shuffled-as.sat03-217.cnf.xz	0533a1506eb61460bee3917f61ca4c49	ce3b524db9d8cbc17ff7a7632a1408a2	subgraph-isomorphism	unsat	anni_2022	71374	870	773187	0	71345	0	0	0	0	0	0	0	29	54867	52067	16478	19278
/nfs/share/instances/gbd/cnf/0534387f90398a24495d4b7b05f9b342-dated-5-13-u.cnf.xz	0534387f90398a24495d4b7b05f9b342	407f9859fc69eaae4a53b399bcc5c413	diagnosis	unsat	anni_2022	626501	138808	11010121	11712	503953	84536	2920	11680	2940	5840	0	0	2920	547719	389759	3176	216164
/nfs/share/instances/gbd/cnf/05373ec86c44b2afb60fb93316b30001-43-116107.cnf.xz	05373ec86c44b2afb60fb93316b30001	726501b573ed85d8452d1625208d64a5	station-repacking	unknown	None	577312	26428	8854832	3	576087	1	1	4	2	0	9	3	1202	576090	1225	1225	576087
/nfs/share/instances/gbd/cnf/053c477a86dac016582436e67ecf0bc3-46-112906.cnf.xz	053c477a86dac016582436e67ecf0bc3	c24fda05c98decd2a52c9e6d250ba131	station-repacking	unknown	None	562335	26114	8624558	3	561125	1	1	4	2	0	8	3	1188	561128	1210	1210	561125
/nfs/share/instances/gbd/cnf/053e06424279f5cfec8bb14dfa9af23c-oisc-subrv-and-nested-15.cnf.xz	053e06424279f5cfec8bb14dfa9af23c	057693f3ffed3568d4c10ba7c28fefff	risc-instruction-removal-subrv	unknown	main_2025	44573856	12857629	1072072600	3	13696638	30877215	0	0	0	0	0	0	0	22872086	28231233	1044765	10732088
/nfs/share/instances/gbd/cnf/0541dc77ecea9c210d3c4231d97c02de-45-119279.cnf.xz	0541dc77ecea9c210d3c4231d97c02de	ac11c731aa64b541c5236ce9d66587e7	station-repacking	unknown	None	719786	29687	11090744	3	718404	1	1	3	2	0	9	3	1360	718407	1382	1382	718404
/nfs/share/instances/gbd/cnf/05423f54e9e0bf97ce3fca2abe2ba3e6-55-101347.cnf.xz	05423f54e9e0bf97ce3fca2abe2ba3e6	08a4e5e2043b139140661395e2784f0a	station-repacking	unknown	None	463927	23209	7077730	3	462852	1	1	4	2	0	7	2	1055	462855	1075	1075	462852
/nfs/share/instances/gbd/cnf/05469ff4aedf9286f024177d0d09fbd5-bench_10466.smt2.cnf.xz	05469ff4aedf9286f024177d0d09fbd5	9aba96739f5ce8f4472df85e1767dfe2	agile	unsat	agile_2016	19108	5508	297613	19	7724	10572	783	0	0	0	10	0	0	9856	12511	5369	2037
/nfs/share/instances/gbd/cnf/054c1e5254cdc36bb85e06e53cafe8eb-fdmus_b17_1410.cnf.xz	054c1e5254cdc36bb85e06e53cafe8eb	e151b0b81c8d3da2fbe5b59ee95d76b6	fdmus	unsat	None	14898	5301	213618	6	10194	4698	0	0	0	0	0	0	0	12174	9096	1108	3827
/nfs/share/instances/gbd/cnf/054c7052d5110e9731a9d0bf34d651ec-49-84536.cnf.xz	054c7052d5110e9731a9d0bf34d651ec	4aef17784c8b1ded349057d1893d06b2	station-repacking	unknown	None	348714	19531	5287460	3	347808	1	1	3	2	0	7	1	888	347811	906	906	347808
/nfs/share/instances/gbd/cnf/05513edb5e778987bd727804ed4fa01e-unif-k7-r89-v60-c5340-S1831136826-075.UNKNOWN.cnf.xz	05513edb5e778987bd727804ed4fa01e	8444458dcf6609f9cf69526c6ad803b5	uniform-random	unknown	random_2011	5340	60	134648	0	0	0	0	0	0	5340	0	0	0	338	339	35	44
/nfs/share/instances/gbd/cnf/0553f2a01f0838c1f3347f622cc3c30c-47-49226.cnf.xz	0553f2a01f0838c1f3347f622cc3c30c	e921a72a2a4468c74d4fcb32346ba296	station-repacking	unknown	None	222380	13966	3277609	2	221734	1	1	3	1	0	4	0	634	221736	646	646	221734
/nfs/share/instances/gbd/cnf/0554c1dc9f40db098fb58d3086515b6b-abw-P-can__445.mtx-w110.cnf.xz	0554c1dc9f40db098fb58d3086515b6b	052c9edbea697a290650a127f7f0a2cd	antibandwidth	unknown	None	4513163	917145	77392286	298372	3531271	682630	0	445	0	0	0	0	445	1477789	4134264	2658014	375561
/nfs/share/instances/gbd/cnf/0556cacde8ebb77956342a6e81309553-44-130360.cnf.xz	0556cacde8ebb77956342a6e81309553	768b7bdc44b8e4368f94f079a516a661	station-repacking	unknown	None	873631	32701	13503094	3	872109	1	1	5	2	0	9	2	1499	872112	1522	1522	872109
/nfs/share/instances/gbd/cnf/0557d21452d411c00f766973a59837a5-balancedhidden-k3-n648-pos5-neg5-01-S1715560656.shuffled-as.sat03-900.cnf.xz	0557d21452d411c00f766973a59837a5	5df23c9e10bacb7c939bf9b7b0e28f05	random-hiddenmodel	sat	random_2003	2149	648	32196	0	0	2149	0	0	0	0	0	0	0	1072	1077	274	272
/nfs/share/instances/gbd/cnf/055836a43eb318de92f09c555ba4f3b5-3col160_5_6.shuffled.cnf.xz	055836a43eb318de92f09c555ba4f3b5	598cd53f312f3e80e1dc13946ac84553	coloring	sat	anni_2022	1366	320	24026	6	160	0	1200	0	0	0	0	0	0	469	468	108	110
/nfs/share/instances/gbd/cnf/055db8f900741c7b8d7b731e99662588-rnd-v25-e13-k3.cnf.xz	055db8f900741c7b8d7b731e99662588	b8e29c0d916a15db16f313e525c18535	clique-width	sat	anni_2022	442285	26575	8668280	625	80965	352645	7525	25	25	25	25	25	400	441685	67165	925	15300
/nfs/share/instances/gbd/cnf/055f942145df4b6c9fd0d10a3f1da98e-atco_enc1_opt1_15_240.cnf.xz	055f942145df4b6c9fd0d10a3f1da98e	8ca6f314abd0c10c708a80bec1c125bc	scheduling	sat	anni_2022	644099	61642	16658678	70	136873	245334	72204	96608	66128	14016	7804	4366	696	384817	333669	99077	95233
/nfs/share/instances/gbd/cnf/0561461e2c7ff1d87aec1e5c709caa1a-1-TC-256-K-61.sanitized.cnf.xz	0561461e2c7ff1d87aec1e5c709caa1a	7fce02f22535ab37866280fbbf113d7a	independent-set	unknown	submissions_2024	418266	14298	6326718	1892	332631	83492	2	2	2	2	2	2	239	390245	30109	257	348303
/nfs/share/instances/gbd/cnf/056263f3ef83f1b0c0fd48cab346e8e4-47-97773.cnf.xz	056263f3ef83f1b0c0fd48cab346e8e4	c67048b32a0ce8a35038d694a00287bb	station-repacking	unknown	None	427981	22250	6519057	3	426951	1	1	4	1	0	7	1	1012	426954	1030	1030	426951
/nfs/share/instances/gbd/cnf/05650550f21d60a3989cae43fb5ebd93-ssAES_4-4-8_round_8-10_faultAt_8_fault_injections_2_seed_388173632.cnf.xz	05650550f21d60a3989cae43fb5ebd93	4d1f1aa702b578570dfed05afa42f82e	cryptography	sat	crypto_2021	313805	95814	5426421	625	205109	89737	13645	4687	0	0	2	0	0	217242	197203	60746	73791
/nfs/share/instances/gbd/cnf/05670a916f890c9c4345ff4fd19561bf-48-108108.cnf.xz	05670a916f890c9c4345ff4fd19561bf	8a1246b60367da0c41b429e7c72583fe	station-repacking	unknown	None	533538	25201	8171044	3	532372	1	1	2	2	0	9	2	1146	532375	1166	1166	532372
/nfs/share/instances/gbd/cnf/0567f2309e01e99021245fd34a97417d-bench_10589.smt2.cnf.xz	0567f2309e01e99021245fd34a97417d	21246435b80f95d8ae282819f6cc0eaf	agile	unsat	agile_2017	1799047	511233	37651822	8288	661758	1055608	73282	0	0	0	0	0	111	1030333	997435	604361	157827
/nfs/share/instances/gbd/cnf/05680de3febd39916e496dd772cb8c19-minor032.cnf.xz	05680de3febd39916e496dd772cb8c19	bb41409701cefcae34c93f225a4dbca7	hardware-verification	unsat	anni_2022	12053	4210	169911	2	8034	4017	0	0	0	0	0	0	0	8197	5589	2449	6303
/nfs/share/instances/gbd/cnf/0568bb0b42891e57247ed4b436dff85d-bench_425.smt2.cnf.xz	0568bb0b42891e57247ed4b436dff85d	f2a6bccba02daba572efe86aff6b20a4	agile	sat	agile_2016	87881	25148	1586075	454	27599	57451	2279	0	0	94	2	0	2	46850	54918	20298	9171
/nfs/share/instances/gbd/cnf/0568ff4af327110a55355527e3c454e2-41-131904.cnf.xz	0568ff4af327110a55355527e3c454e2	3834cae28b25204c267b09331b91f7b4	station-repacking	unknown	None	927608	33679	14354532	3	926041	1	1	5	2	0	8	6	1541	926044	1567	1567	926041
/nfs/share/instances/gbd/cnf/0569ecb5da00dd3ffc8cdfab85a4956c-bench_1584.smt2.cnf.xz	0569ecb5da00dd3ffc8cdfab85a4956c	5214c3bcf797c8cbcaec6b0c306c3f2b	agile	sat	agile_2016	87761	25148	1583162	496	27577	57362	2267	0	1	52	4	0	2	46839	54885	20287	9175
/nfs/share/instances/gbd/cnf/056acec954f198b911fd8c6894a6fad4-48-121230.cnf.xz	056acec954f198b911fd8c6894a6fad4	464dede26d456f42f5d9175addc87b71	station-repacking	unknown	None	685361	28961	10553687	3	684013	1	1	3	2	0	10	3	1325	684016	1348	1348	684013
/nfs/share/instances/gbd/cnf/0574a9f4769dfe44ea0680aa8d935f13-44-115474.cnf.xz	0574a9f4769dfe44ea0680aa8d935f13	eef1efd72517723be3725c251af0a1c3	station-repacking	unknown	None	596535	26728	9150236	3	595296	1	1	4	2	0	9	2	1217	595299	1239	1239	595296
/nfs/share/instances/gbd/cnf/0575710ecfdc61ede3807eb1c6a1b01f-59-85413.cnf.xz	0575710ecfdc61ede3807eb1c6a1b01f	ed409b1761274121117888adf360a04e	station-repacking	unknown	None	361266	20081	5484774	3	360335	1	1	5	1	0	6	1	913	360338	931	931	360335
/nfs/share/instances/gbd/cnf/0578dbb863e1dccfd5d352c1b8ba198c-58-134458.cnf.xz	0578dbb863e1dccfd5d352c1b8ba198c	e819752c39c45b3a7ec537294dcd7353	station-repacking	unknown	None	828387	31821	12797744	3	826904	1	1	3	2	0	9	5	1459	826907	1483	1483	826904
/nfs/share/instances/gbd/cnf/0579fb9d75e018b9366db9150db7453a-41-126723.cnf.xz	0579fb9d75e018b9366db9150db7453a	f2eafaa5ea5e22e0389aaa0ef29aad8f	station-repacking	unknown	None	819494	31607	12654807	3	818022	1	1	5	2	0	8	6	1446	818025	1472	1472	818022
/nfs/share/instances/gbd/cnf/057ee74505bbc50bfb10d6814c5a3c4d-bench_2425.smt2.cnf.xz	057ee74505bbc50bfb10d6814c5a3c4d	07afa423cdfe5bd3d9cb7daa61f946ce	agile	sat	agile_2016	81430	23266	1456716	388	26153	52569	2269	0	0	46	2	0	3	44350	50046	19695	7950
/nfs/share/instances/gbd/cnf/057f143aae50b8abc3e083b7609353be-g2-T133.2.1.cnf.xz	057f143aae50b8abc3e083b7609353be	a3b966718f243260768d5fed9261ab79	cril-misc	unsat	anni_2022	14677117	4219737	337548936	0	6518326	7875476	226771	27395	9327	6280	3636	793	9113	8478445	8183140	5725117	1501878
/nfs/share/instances/gbd/cnf/058129d7cf63b8a0a10e932a0728ac36-54-111963.cnf.xz	058129d7cf63b8a0a10e932a0728ac36	b891d7dec74c5f64901a9b624918ded7	station-repacking	unknown	None	579091	26228	8886970	3	577876	1	1	3	2	0	9	4	1192	577879	1215	1215	577876
/nfs/share/instances/gbd/cnf/05817b4e1add561af0e1165e01fb48cc-q_query_3_l45_lambda.cnf.xz	05817b4e1add561af0e1165e01fb48cc	897eeb57831cd66e8dc0129807f71a63	bioinformatics	unsat	anni_2022	161529	32313	3035862	4190	40231	94818	15389	6766	0	0	0	135	0	106570	74841	6345	24413
/nfs/share/instances/gbd/cnf/05833c2c6953b76638748b3b5152b17f-57-120887.cnf.xz	05833c2c6953b76638748b3b5152b17f	da6dbf0a318592bdd2a0f055a111145c	station-repacking	unknown	None	728684	29858	11228644	3	727291	2	1	5	3	0	9	3	1367	727294	1393	1393	727291
/nfs/share/instances/gbd/cnf/058414cd650e2309e2d3df6b3ac80f37-45-132862.cnf.xz	058414cd650e2309e2d3df6b3ac80f37	ebdee6433e55e92e8d69ddb1ac07ea96	station-repacking	unknown	None	1075990	36734	16687106	3	1074282	1	1	4	3	0	10	5	1681	1074285	1708	1708	1074282
/nfs/share/instances/gbd/cnf/05860ef5bb55efbd4bb5ec8b0de13d03-hgen7-n250-03-S1200457785.shuffled-as.sat03-852.cnf.xz	05860ef5bb55efbd4bb5ec8b0de13d03	5cb959e7341382628d996f7f61f82d8c	hgen	unknown	random_2003	1104	250	15622	0	0	1104	0	0	0	0	0	0	0	552	552	137	137
/nfs/share/instances/gbd/cnf/0586b0f2c13948bfd51b3694c5e9c676-x9-09026.sat.sanitized.cnf.xz	0586b0f2c13948bfd51b3694c5e9c676	50749c736340c991252e8995ae4f6b76	hamiltonian	unknown	submissions_2024	4051	450	49924	0	3691	0	91	178	91	0	0	0	0	3691	360	360	3691
/nfs/share/instances/gbd/cnf/05879c0b6a41bf08f08ea2f58a931146-c9n_s.cnf.xz	05879c0b6a41bf08f08ea2f58a931146	d99245a2af31eb8d596dcbba427c9924	hardware-verification	unsat	None	15322	5266	217966	1	10214	5107	0	0	0	0	0	0	0	12095	11060	615	2366
/nfs/share/instances/gbd/cnf/0587f345cca3ef8340e8e71829dce130-VanDerWaerden_2-3-12_135.cnf.xz	0587f345cca3ef8340e8e71829dce130	55f88866fb8ae44971fb1d3ecdc8d48f	waerden	unsat	anni_2022	5251	135	91103	0	0	4489	0	0	0	0	0	0	762	762	4489	4489	762
/nfs/share/instances/gbd/cnf/0587fa4c5dc214a7470cfab3712f4699-fdmus_b17_425.cnf.xz	0587fa4c5dc214a7470cfab3712f4699	6dea5587a609bccef3bce32e22557126	fdmus	unsat	None	8959	3288	125407	6	6208	2745	0	0	0	0	0	0	0	7543	5587	631	2042
/nfs/share/instances/gbd/cnf/058b69e7c7923e2c71070c9f934f2c2e-5_140_sd_schur.cnf.gz.CP3-cnfmiter.cnf.xz	058b69e7c7923e2c71070c9f934f2c2e	a7398bbcc981d631a5254e7c5918efd8	miter	unsat	None	373504	76326	5983236	0	297902	5124	70200	0	276	0	0	0	2	152361	298157	220865	75345
/nfs/share/instances/gbd/cnf/058cac57444038ce7e8f6fd286ff7424-rphp4_130_shuffled.cnf.xz	058cac57444038ce7e8f6fd286ff7424	e552ae4ff828ccd4f49952fd16ac692e	relativized-pigeon-hole	unknown	crafted_2016	26588	1040	516956	0	1300	0	25284	0	0	0	0	0	4	8935	8514	1665	1746
/nfs/share/instances/gbd/cnf/058d2ff55a09eac11780d6a368b48a80-fdmus_b22_624.cnf.xz	058d2ff55a09eac11780d6a368b48a80	9c5e630a52c7dda2cf46a2d4835b38b3	fdmus	unsat	None	9559	3513	134126	6	6628	2925	0	0	0	0	0	0	0	7309	5518	1120	3365
/nfs/share/instances/gbd/cnf/0593e6814f02ec9749e87bdc6aff8275-mrpp_6x6#14_10.cnf.xz	0593e6814f02ec9749e87bdc6aff8275	52ba0b0b42832c0da261345429916951	planning	sat	anni_2022	32184	4931	532310	280	14904	10872	5237	891	0	0	0	0	0	27367	5142	371	13201
/nfs/share/instances/gbd/cnf/05997924d9bb4497f0f8a027caad6bbd-56-110748.cnf.xz	05997924d9bb4497f0f8a027caad6bbd	54d50f48d0716e22d1dfeba19dbabede	station-repacking	unknown	None	570771	26055	8744925	3	569561	1	1	4	2	0	9	3	1187	569564	1210	1210	569561
/nfs/share/instances/gbd/cnf/0599c0cc9fb43d1eb90c5590d4ecbf39-fdmus_b17_1046.cnf.xz	0599c0cc9fb43d1eb90c5590d4ecbf39	ca1feed4657bee063147d22a1f7d9573	fdmus	unsat	None	20744	7428	298973	6	14234	6504	0	0	0	0	0	0	0	16769	12416	1828	5798
/nfs/share/instances/gbd/cnf/059aae70d73e0101c492106c4d214774-50-117078.cnf.xz	059aae70d73e0101c492106c4d214774	d6db8b9c3203b676b2033d63dc9921fc	station-repacking	unknown	None	653300	28054	10037963	3	651996	1	1	4	3	0	8	3	1281	651999	1304	1304	651996
/nfs/share/instances/gbd/cnf/059d90867f6ed5c4e69ab0094601bb37-floodit_7_n70_k10_m229.cnf.xz	059d90867f6ed5c4e69ab0094601bb37	83ddea0d28c3f5da6604b1e46cc971a2	floodit-puzzle	unknown	None	10671355	2256290	236553503	9801	6168025	2990744	293392	1160387	38472	4580	4122	1603	229	7299926	9538950	5132	15203
/nfs/share/instances/gbd/cnf/059f3479ab76bc97c3db74efc8558482-fla-qhid-220-2.cnf.xz	059f3479ab76bc97c3db74efc8558482	93c9ea95ee11aa52bdd6f3e7633165f7	random-planted-solution	sat	random_2018	1210	220	16879	0	0	1210	0	0	0	0	0	0	0	598	612	138	138
/nfs/share/instances/gbd/cnf/05a14c9084e09730c52b65732fe19d90-unif-k7-r89-v50-c4450-S1374457799-001.UNKNOWN.cnf.xz	05a14c9084e09730c52b65732fe19d90	32068037c07a9451f3a6ee84f44a536a	uniform-random	unsat	random_2011	4450	50	111216	0	0	0	0	0	0	4450	0	0	0	286	279	36	40
/nfs/share/instances/gbd/cnf/05a42b5c95a497c9b80116f537c48e32-bench_8135.smt2.cnf.xz	05a42b5c95a497c9b80116f537c48e32	9f2cc39c007bec0ee533beea19132359	agile	sat	agile_2017	1648300	486392	34649443	11985	633648	943279	59036	0	0	0	19	0	333	933417	958747	541388	166586
/nfs/share/instances/gbd/cnf/05a5c4f83946f8390e561e006f39f0e9-59-112643.cnf.xz	05a5c4f83946f8390e561e006f39f0e9	b2b29d6313c86833db7a19f499304eea	station-repacking	unknown	None	572883	26275	8785323	3	571666	1	1	4	2	0	8	1	1197	571669	1217	1217	571666
/nfs/share/instances/gbd/cnf/05aaff6058ca0088f54881003c1eb57b-glassyb-v348-s406890181.cnf.xz	05aaff6058ca0088f54881003c1eb57b	87e27e8234216287843a24b611e80177	glassy-gen	unknown	random_2002	1624	348	23580	0	0	1624	0	0	0	0	0	0	0	769	855	209	214
/nfs/share/instances/gbd/cnf/05b04d362b374569a4eb63c4e4e132b7-mp1-9_3.cnf.xz	05b04d362b374569a4eb63c4e4e132b7	f7f14d4c70a3b7631096f49048898a8f	unknown	sat	anni_2022	280144	1458	6248585	46	17496	0	262440	0	0	0	0	162	0	279982	208	208	279936
/nfs/share/instances/gbd/cnf/05b095301362cf626067acd18590ea03-42-113382.cnf.xz	05b095301362cf626067acd18590ea03	11bf801adb7d966085f46b4e93d1ba51	station-repacking	unknown	None	582860	26411	8940298	3	581635	1	1	4	2	0	9	4	1201	581638	1225	1225	581635
/nfs/share/instances/gbd/cnf/05b20aaa3665b3688fe91e63b1d416b1-54-128224.cnf.xz	05b20aaa3665b3688fe91e63b1d416b1	ad24ca65481494dea0d2ba7344e24098	station-repacking	unknown	None	733602	29784	11305282	3	732216	1	1	3	2	0	9	4	1363	732219	1386	1386	732216
/nfs/share/instances/gbd/cnf/05b26080370a69270bfd81327e616cee-144.smt2.cnf.xz	05b26080370a69270bfd81327e616cee	0b24e80dd02c549d0e3a93ae78aa23bf	bitvector	unknown	None	1673960	528697	33193400	88	878304	795568	0	0	0	0	0	0	0	1204383	838007	242895	534350
/nfs/share/instances/gbd/cnf/05b373515e803818e8991e855a1d500d-53-132568.cnf.xz	05b373515e803818e8991e855a1d500d	8aa09b999578667cb0c3f469e2e98865	station-repacking	unknown	None	885896	32969	13696114	3	884361	1	1	5	2	0	9	5	1509	884364	1535	1535	884361
/nfs/share/instances/gbd/cnf/05bddbf878fc3fd6becc0b13ae747bdb-51-136016.cnf.xz	05bddbf878fc3fd6becc0b13ae747bdb	1cdbad991e193b28226279d720198a68	station-repacking	unknown	None	768506	30663	11855413	3	767076	2	1	4	2	0	10	5	1403	767079	1430	1430	767076
/nfs/share/instances/gbd/cnf/05bea7b46a68c2bc7761ff2424c5e58f-54-118441.cnf.xz	05bea7b46a68c2bc7761ff2424c5e58f	f288a64cffb4766820fd2057acbcb3c4	station-repacking	unknown	None	633866	27554	9742476	3	632587	1	1	3	2	0	9	4	1256	632590	1279	1279	632587
/nfs/share/instances/gbd/cnf/05c042ebd6f763d072a86cac025584f0-bench_2081.smt2.cnf.xz	05c042ebd6f763d072a86cac025584f0	2c0e1b1e07e2fdf5b92f05a0287c3f70	agile	sat	agile_2016	87664	25148	1580812	526	27610	57200	2265	0	2	53	6	0	2	46821	54821	20324	9174
/nfs/share/instances/gbd/cnf/05c46c3abf7acb1337d74ce98da20ec3-unif-k7-r86.674-v140-c12134-S943451038130836608.cnf.xz	05c46c3abf7acb1337d74ce98da20ec3	68d965329902ee9afb41ca7d8bb90ccd	uniform-random	unknown	portfolio_2012	12134	140	338978	0	0	0	0	0	0	12134	0	0	0	751	751	91	107
/nfs/share/instances/gbd/cnf/05c52a5f9133f5afca84767f2eff98fa-g2-T103.2.1.cnf.xz	05c52a5f9133f5afca84767f2eff98fa	7eb8c15ff12c2df6cb39e7ec18ebe55e	cril-misc	unsat	anni_2022	10335595	2943830	235695950	0	4247225	5970999	95826	8848	4158	2053	904	365	5217	6097456	5517978	3941451	1028137
/nfs/share/instances/gbd/cnf/05c5ed370ea11a2c19c111f4a5979921-fla-450-2.cnf.xz	05c5ed370ea11a2c19c111f4a5979921	4ab2bf3d0636ec3d86b7dfd7be4e9920	random-planted-solution	sat	random_2016	1984	450	29315	0	0	1984	0	0	0	0	0	0	0	1017	967	242	246
/nfs/share/instances/gbd/cnf/05c5ff612371a5773e857212174f625b-ezfact64_9.shuffled-as.sat03-1525.cnf.xz	05c5ff612371a5773e857212174f625b	25a1154d4355f1f4fe8a7223adb5c496	prime-factoring	sat	anni_2022	19785	3073	423159	65	0	4344	15376	0	0	0	0	0	0	7024	7048	1521	1527
/nfs/share/instances/gbd/cnf/05c75485e42f747b9dba8da1aa1133ea-54-127486.cnf.xz	05c75485e42f747b9dba8da1aa1133ea	23e0dc18c8427a6c62f836d949894de0	station-repacking	unknown	None	720698	29439	11100579	3	719330	1	1	3	2	0	9	4	1345	719333	1368	1368	719330
/nfs/share/instances/gbd/cnf/05c7d8c4a5be0da9995e180fe65f0d9e-unif-k3-r4.2-v2000-c8400-S1337875718-086.cnf.xz	05c7d8c4a5be0da9995e180fe65f0d9e	b5216f170fce19311ea3fdd9c4b8b3d9	uniform-random	unknown	random_2009	8400	2000	141511	0	0	8400	0	0	0	0	0	0	0	4221	4179	1071	1039
/nfs/share/instances/gbd/cnf/05c8e94aaee86390eaf6e68dd3ec3570-noL-11-2.sanitized.cnf.xz	05c8e94aaee86390eaf6e68dd3ec3570	f88265f1b24a4588f4f86f7d57eaea10	heule-nol	sat	main_2024	7823	1419	133355	2	0	7821	0	0	0	0	0	0	0	7460	365	365	7458
/nfs/share/instances/gbd/cnf/05cc4564c3160e7da7be1142f0448771-unif-k3-r4.267-v8000-c34136-S8324805458183996333.cnf.xz	05cc4564c3160e7da7be1142f0448771	a9871e149944f08ee94ca6e3203ef669	uniform-random	sat	random_2017	34136	8000	617342	0	0	34136	0	0	0	0	0	0	0	17070	17066	4230	4310
/nfs/share/instances/gbd/cnf/05cca3e64d2d7766f5eb8eaff105eb40-48-99593.cnf.xz	05cca3e64d2d7766f5eb8eaff105eb40	df4928ac560383564f6a1b768bac74a9	station-repacking	unknown	None	453787	22896	6921718	3	452730	1	1	2	1	0	6	1	1042	452733	1057	1057	452730
/nfs/share/instances/gbd/cnf/05cf9b400cec8d7e6a606b8a2087ea3e-41-119925.cnf.xz	05cf9b400cec8d7e6a606b8a2087ea3e	b35a375b9af571ba27978a9977d756bd	station-repacking	unknown	None	730506	29850	11261901	3	729118	1	1	4	2	0	8	5	1364	729121	1388	1388	729118
/nfs/share/instances/gbd/cnf/05cfa69444404b03cce3310bfd633119-54-132214.cnf.xz	05cfa69444404b03cce3310bfd633119	821d37e168c6ff65f8edd194caf7198f	station-repacking	unknown	None	820043	31511	12657487	3	818576	1	1	3	2	0	9	4	1444	818579	1467	1467	818576
/nfs/share/instances/gbd/cnf/05d14498d98fd6ea69d30136eb95dcb3-unif-k3-r4.2-v18000-c75600-S1332146811-066.cnf.xz	05d14498d98fd6ea69d30136eb95dcb3	0717a7120e1511384b5676879272b1cb	uniform-random	unknown	random_2009	75600	18000	1485240	0	0	75600	0	0	0	0	0	0	0	37780	37820	9334	9457
/nfs/share/instances/gbd/cnf/05d1a5e83b3a86de7598a1e089a86b21-52-139149.cnf.xz	05d1a5e83b3a86de7598a1e089a86b21	73fe8087bc6b9bb2163f09853c0bf7e6	station-repacking	unknown	None	1090136	36972	16905200	3	1088417	1	1	6	3	0	9	6	1690	1088420	1719	1719	1088417
/nfs/share/instances/gbd/cnf/05d1e403eb79a9a1b4fd0182be89299b-57-126829.cnf.xz	05d1e403eb79a9a1b4fd0182be89299b	0e73ba9fd09d194f99832417a8054fe5	station-repacking	unknown	None	789421	31103	12180386	3	787969	2	1	5	3	0	9	3	1426	787972	1452	1452	787969
/nfs/share/instances/gbd/cnf/05d545d220f72a6d28004dd5b092594d-unif-c1800-v400-s1198360523.cnf.xz	05d545d220f72a6d28004dd5b092594d	7c2cb2894b31ac43b900d3e8635b271d	uniform-random	unknown	random_2002	1800	400	26401	0	0	1800	0	0	0	0	0	0	0	919	881	228	249
/nfs/share/instances/gbd/cnf/05d6efa039dad1b207f1649aa4449fd2-46-104984.cnf.xz	05d6efa039dad1b207f1649aa4449fd2	a42227bb1f22f76d5ad25e587224e206	station-repacking	unknown	None	495703	24232	7576023	3	494583	1	1	3	2	0	6	1	1103	494586	1120	1120	494583
/nfs/share/instances/gbd/cnf/05ddfe38031a7974a3d0510018ab253c-60-88509.cnf.xz	05ddfe38031a7974a3d0510018ab253c	92e42766894a3319ecf6caf09d9a69ee	station-repacking	unknown	None	364144	20054	5527114	3	363216	1	1	3	1	0	7	1	911	363219	928	928	363216
/nfs/share/instances/gbd/cnf/05df4430054ceba4fa065806e8c65041-SGI_30_80_23_90_10-log.shuffled-as.sat03-202.cnf.xz	05df4430054ceba4fa065806e8c65041	47911a52dba8c016373ed27f20b2f0e9	subgraph-isomorphism	unknown	anni_2022	41532	115	1550257	0	0	0	0	46	0	0	0	0	41486	440	399	30	36
/nfs/share/instances/gbd/cnf/05e291c40b85447a181d7de47ae1a2bf-51-134837.cnf.xz	05e291c40b85447a181d7de47ae1a2bf	b5d30eecc36ceb921def8ac908aba08c	station-repacking	unknown	None	727280	29751	11208586	3	725895	2	1	4	2	0	10	4	1359	725898	1385	1385	725895
/nfs/share/instances/gbd/cnf/05e5b5a37a0d7cb5e96c82b84bbdca66-Mycielski-11-hints-3.cnf.xz	05e5b5a37a0d7cb5e96c82b84bbdca66	a813c599017357919a0f142fad02ddaa	mycielski-graph	unsat	anni_2022	3942415	15350	77688800	0	841370	3099510	0	0	0	0	0	0	1535	3940880	1535	1535	3803720
/nfs/share/instances/gbd/cnf/05e877d2709b8c20b3485e6b68c98bc0-57-107474.cnf.xz	05e877d2709b8c20b3485e6b68c98bc0	fcb70e023aa2940f16dbb0e1e25ef350	station-repacking	unknown	None	532003	25219	8145634	3	530832	1	1	4	2	0	8	2	1150	530835	1171	1171	530832
/nfs/share/instances/gbd/cnf/05eb87eb6fecb7a8a3bdc25154412c1d-VanDerWaerden_pd_2-3-24_592.cnf.xz	05eb87eb6fecb7a8a3bdc25154412c1d	34fbff801c876dfb93972c26a827f581	waerden	sat	anni_2022	47000	296	980772	0	99	43401	0	0	0	0	0	0	3500	3500	43500	43500	3500
/nfs/share/instances/gbd/cnf/05ed64e4e6229f446082752936768489-stb_495_168.apx_2_DC-AD.cnf.xz	05ed64e4e6229f446082752936768489	b7b9f60bddf21f4ae371bf0a714bd2da	argumentation	unsat	main_2024	20950	990	254975	5	20462	2	4	5	7	4	4	4	453	20467	13748	1	7206
/nfs/share/instances/gbd/cnf/05ed840c0a907e88e475c931f40fab83-bqwh.50.750.shuffled-as.sat05-434.cnf.xz	05ed840c0a907e88e475c931f40fab83	faea08d29ad2e1e3790604b4d9a4b44e	quasigroup-completion	unknown	anni_2022	26027	3572	355355	0	23968	307	485	515	385	239	87	36	5	18452	18375	6076	6139
/nfs/share/instances/gbd/cnf/05eee75ab69270c322b9ef6bc1ee8604-slp-synthesis-aes-bottom22.cnf.xz	05eee75ab69270c322b9ef6bc1ee8604	d992f96a24d9b739914e4db0a4db0f01	cryptography	unknown	anni_2022	178062	53118	3202195	1	90658	86491	252	20	19	18	17	16	570	136262	129419	5470	9858
/nfs/share/instances/gbd/cnf/05f3a48298721d68cded8618b432e7c3-s85-100.cnf.xz	05f3a48298721d68cded8618b432e7c3	2f9b0ef1aaeabd00069ff349f266b72d	sgen	unsat	anni_2022	180	85	2181	0	0	180	0	0	0	0	0	0	0	90	90	90	90
/nfs/share/instances/gbd/cnf/05f5567936f582edc0d3ea9903f540bc-sgen1-sat-230-100.cnf.xz	05f5567936f582edc0d3ea9903f540bc	5fb02e2d0c56c784df50c24c4d2ffe27	sgen	sat	anni_2022	552	230	6878	0	460	0	0	92	0	0	0	0	0	460	92	92	460
/nfs/share/instances/gbd/cnf/05f6dbdbe30aaec98ca5fc1ce5a662b1-bench_6870.smt2.cnf.xz	05f6dbdbe30aaec98ca5fc1ce5a662b1	3509e5bc756eb2d8af261b31ea044e31	agile	unsat	agile_2017	1762909	501060	36896138	8224	647846	1034950	71787	0	0	0	0	0	102	1011075	975810	592724	154075
/nfs/share/instances/gbd/cnf/05f7448ef6a998da4d58a15cebe0b6ba-41-105304.cnf.xz	05f7448ef6a998da4d58a15cebe0b6ba	a0a34017c6e81dd2df48b4de3e1ebd65	station-repacking	unknown	None	501086	24200	7655994	3	499970	1	1	3	2	0	7	1	1098	499973	1116	1116	499970
/nfs/share/instances/gbd/cnf/05f8ffcc6372f5475a0b7c61b46c162e-unif-k7-r86.116-v160-c13779-S8500400032903634702.cnf.xz	05f8ffcc6372f5475a0b7c61b46c162e	f8bfe556b77123234dd34a441ba1c9b0	uniform-random	unknown	portfolio_2012	13779	160	394953	0	0	0	0	0	0	13779	0	0	0	905	872	102	109
/nfs/share/instances/gbd/cnf/05fa3b96505ec198385ce8bbb02d27df-bench_1384.smt2.cnf.xz	05fa3b96505ec198385ce8bbb02d27df	eabfee716669adfc3f7a89f9989efc82	agile	sat	agile_2016	112535	32084	2054201	497	36583	72101	3286	0	1	57	6	0	4	62404	68021	28179	10319
/nfs/share/instances/gbd/cnf/05fa862fc7acabb822b6f2afb5fb6973-60-106238.cnf.xz	05fa862fc7acabb822b6f2afb5fb6973	1f70f35fc2a5744c2db97eebf3bb7396	station-repacking	unknown	None	499732	24192	7637304	3	498613	1	1	3	2	0	7	1	1101	498616	1119	1119	498613
/nfs/share/instances/gbd/cnf/05fb1e489956554f9115344bce4e71c7-partial-10-11-u-sc2007.cnf.xz	05fb1e489956554f9115344bce4e71c7	3a81a2baa727b15583f560dc6a1f1b2a	diagnosis	unknown	anni_2022	841193	188962	15042838	14366	690683	100484	3960	15840	3980	7920	0	0	3960	737083	525885	9200	291920
/nfs/share/instances/gbd/cnf/05fbbab9f0baf819ed9593cca8587629-satsgi-n24himBHm28-p0-q282.cnf.xz	05fbbab9f0baf819ed9593cca8587629	296d9e0e0d3512bc0be6a02c7a01dae4	subgraph-isomorphism	sat	anni_2022	16824	672	198675	0	16800	0	0	0	0	0	0	0	24	16800	24	24	16800
/nfs/share/instances/gbd/cnf/05ff725eef6dbf5b1bff07bedd89d6c0-slp-synthesis-aes-bottom32.cnf.xz	05ff725eef6dbf5b1bff07bedd89d6c0	b93611d69294191379eb559b02bcb3ea	cryptography	sat	crypto_2021	368832	109238	6797826	1	184933	182091	527	30	29	28	27	26	1140	281587	267099	11005	20428
/nfs/share/instances/gbd/cnf/05ffa991da7ff48826faa3607de22e60-60-120032.cnf.xz	05ffa991da7ff48826faa3607de22e60	a154906d590078665421311a559c1108	station-repacking	unknown	None	630709	27576	9692220	3	629428	1	1	3	2	0	8	4	1259	629431	1281	1281	629428
/nfs/share/instances/gbd/cnf/0601e6379f576d6ad6eaddcb5798c13c-60-125637.cnf.xz	0601e6379f576d6ad6eaddcb5798c13c	e024bc0b0e30b1d2ac0a149971d98cf7	station-repacking	unknown	None	710336	29323	10942296	3	708970	1	1	4	2	0	8	4	1343	708973	1366	1366	708970
/nfs/share/instances/gbd/cnf/06049cbbea67b138b7900b6c7c5730de-48-106649.cnf.xz	06049cbbea67b138b7900b6c7c5730de	31dec1db2ca7b4ec75b8230c61001b9e	station-repacking	unknown	None	531087	25140	8132923	3	529924	1	1	2	2	0	9	2	1143	529927	1163	1163	529924
/nfs/share/instances/gbd/cnf/060ad8240dd120ae1017c31c17fa88e9-sha1__zeroOut_06__freeIn_10__seed_2.cnf.xz	060ad8240dd120ae1017c31c17fa88e9	377e46e99cd01042283fe494dee570f4	cryptography	sat	crypto_2021	478985	13409	18404536	797	90	8800	33330	91088	4080	228000	112800	0	0	79635	75592	384	3106
/nfs/share/instances/gbd/cnf/060b7ed7ef9e59576b9ee62c998a5103-bvslt_13916.cnf.xz	060b7ed7ef9e59576b9ee62c998a5103	ec5915667bd8abdcfe2e73763229157a	bitvector	unsat	anni_2022	1818059	1215303	35808922	1	1215330	602728	0	0	0	0	0	0	0	1297234	1100647	109748	635509
/nfs/share/instances/gbd/cnf/060eaa97b6072e7d3ef9087d2421ddeb-unif-k6-r43.37-v130-c5638-S3107119572988961067.cnf.xz	060eaa97b6072e7d3ef9087d2421ddeb	ace2ba605fbbe507002a122e78f72635	uniform-random	unknown	random_2014	5638	130	134725	0	0	0	0	0	5638	0	0	0	0	637	617	80	85
/nfs/share/instances/gbd/cnf/0611c9a290bc9dc289bc097c9662913c-60-138098.cnf.xz	0611c9a290bc9dc289bc097c9662913c	0155d8012245db88d14d482679177e86	station-repacking	unknown	None	1071448	36666	16617044	3	1069742	2	1	5	3	0	8	5	1679	1069745	1706	1706	1069742
/nfs/share/instances/gbd/cnf/0612deb9e6268ddf1381d042ab2e52ce-bench_17580.smt2.cnf.xz	0612deb9e6268ddf1381d042ab2e52ce	9a94a5c99662890c60bce91d648f4f91	agile	unsat	agile_2016	22864	6569	356019	102	9809	11818	1122	0	0	2	6	0	5	12341	14289	7287	2242
/nfs/share/instances/gbd/cnf/0614e1ae5100ee0aca4ea24424479fa3-hwb-n32-01-S1491788039.shuffled-as.sat03-1637.cnf.xz	0614e1ae5100ee0aca4ea24424479fa3	6b89bfb4a4f459fbb70c9545894f9563	miter	unsat	anni_2022	1078	226	16682	0	26	636	416	0	0	0	0	0	0	458	466	108	110
/nfs/share/instances/gbd/cnf/06166a0dd78f45c213add974a6711dfe-barman-pfile10-038.sas.cr.25.cnf.xz	06166a0dd78f45c213add974a6711dfe	5601b4ad5deb75a1d0d2dfe2c0c00e8e	planning	unsat	anni_2022	7373206	119262	118284698	736	7334978	27612	52	4290	0	312	0	1950	3276	7335714	460248	14	6913680
/nfs/share/instances/gbd/cnf/0616ca6b1e0ae639d12e19ed310963a9-satcoin-genesis-SAT-4.cnf.xz	0616ca6b1e0ae639d12e19ed310963a9	039223f3ea5163f320c4091169211793	cryptography	sat	anni_2022	648806	134781	14384632	12	51552	540134	57098	0	0	0	0	4	6	313394	377097	4241	48853
/nfs/share/instances/gbd/cnf/06172049e6804cbfb07f993023f2684f-VanDerWaerden_pd_2-3-29_809.cnf.xz	06172049e6804cbfb07f993023f2684f	fad7920016730544b600c71d8166a729	waerden	sat	anni_2022	86429	405	1825464	0	538	80719	0	0	0	0	0	0	5172	5172	81257	81257	5172
/nfs/share/instances/gbd/cnf/06221f824342f77b3d6cce7f05d70fe2-unif-k3-r4.267-v5200-c22188-S8678759431095479164.cnf.xz	06221f824342f77b3d6cce7f05d70fe2	0ae002276bb6615fa73b247689688e4d	uniform-random	unknown	random_2016	22188	5200	396259	0	0	22188	0	0	0	0	0	0	0	11103	11085	2790	2750
/nfs/share/instances/gbd/cnf/062b340de8f5fdb7ad62c3ec8a7d50ac-unif-k5-r20.756-v720-c14944-S6578007171384556056.cnf.xz	062b340de8f5fdb7ad62c3ec8a7d50ac	712839804a08c84775a69e8368334c84	uniform-random	sat	portfolio_2012	14944	720	354781	0	0	0	0	14944	0	0	0	0	0	2825	2761	453	466
/nfs/share/instances/gbd/cnf/062c3f614211a999d533cf5ba9108e5e-unif-k6-r43.37-v165-c7156-S2801141672963831506.cnf.xz	062c3f614211a999d533cf5ba9108e5e	e4bfbf1479f012c5a4a7cd7558e1879e	uniform-random	unknown	random_2014	7156	165	178810	0	0	0	0	0	7156	0	0	0	0	827	745	113	121
/nfs/share/instances/gbd/cnf/062e0ba3b2995f2a089b92e5bf004931-x9-11011.sat.sanitized.cnf.xz	062e0ba3b2995f2a089b92e5bf004931	a7fbd952416cda1f49fa8e23769f5c0d	hamiltonian	unknown	submissions_2024	4944	550	61456	0	4504	0	104	232	104	0	0	0	0	4504	440	440	4504
/nfs/share/instances/gbd/cnf/062ecaf3e25632b7b6a20134f11c27e4-51-114562.cnf.xz	062ecaf3e25632b7b6a20134f11c27e4	9b32ffb0dcd7919425b56ac928a7bc70	station-repacking	unknown	None	575143	26253	8818932	3	573924	1	1	4	2	0	9	4	1195	573927	1219	1219	573924
/nfs/share/instances/gbd/cnf/062f58e44eb73f9274b57af5092cad90-rook-51-0-0.cnf.xz	062f58e44eb73f9274b57af5092cad90	c781c6dee94f2379979b715e77f4225f	rooks	unsat	anni_2022	532892	137748	10111340	1	135248	397643	0	0	0	0	0	0	0	267797	267745	1	132600
/nfs/share/instances/gbd/cnf/0631fa9d32573af7de0062dd3ad42d2a-unif-k7-r67.0-v50000-c3350000-S432818847650308572.cnf.xz	0631fa9d32573af7de0062dd3ad42d2a	cf88f2f46fb98347997c664132b5b77c	uniform-random	unknown	random_2014	3350000	50000	153916288	0	0	0	0	0	0	3350000	0	0	0	209701	209495	26022	26301
/nfs/share/instances/gbd/cnf/06326dd7bab63b892d2c147d5928468c-smtlib-qfbv-aigs-bin_libsmbsharemodes_vc6201-tseitin.cnf.xz	06326dd7bab63b892d2c147d5928468c	1065699ec7e354c35f923bda2d23b5f8	bitvector	sat	anni_2022	472781	164332	8460419	2	315186	157593	0	0	0	0	0	0	0	349142	233511	81679	205316
/nfs/share/instances/gbd/cnf/063486c4a139ae7a3874a5bac3459217-md4__zeroOut_03__freeIn_07__seed_1.cnf.xz	063486c4a139ae7a3874a5bac3459217	0f18d75d2c446b9fbfb4865ae08f6591	cryptography	sat	None	121197	7089	3737308	701	696	11088	11368	25152	43392	28800	0	0	0	27429	25945	320	6337
/nfs/share/instances/gbd/cnf/06385be5ecfc7df22b2c956093cef85f-depots3_v01a.renamed-as.sat05-3950.cnf.xz	06385be5ecfc7df22b2c956093cef85f	5adb010b08546f6b05277e7c7ef721be	planning	sat	anni_2022	75738	1498	1081246	0	72686	519	591	522	235	194	146	79	766	72683	3294	6	72444
/nfs/share/instances/gbd/cnf/063beadfa9d6dbd569d12aacbcb300c5-unif-k5-r20-v700-c14000-S1281410666-045.cnf.xz	063beadfa9d6dbd569d12aacbcb300c5	94b68e616a8f4040873040d344d6bc46	uniform-random	unknown	random_2009	14000	700	332106	0	0	0	0	14000	0	0	0	0	0	2673	2584	424	442
/nfs/share/instances/gbd/cnf/06441d7b824ead0325b07d7d7e943ddb-45-106676.cnf.xz	06441d7b824ead0325b07d7d7e943ddb	bd2d52d923cbe7ab595f6a02d1def839	station-repacking	unknown	None	536079	25173	8203066	3	534914	1	1	3	2	0	8	1	1146	534917	1165	1165	534914
/nfs/share/instances/gbd/cnf/064850977be6689e4aa2165adbd8e866-55-106214.cnf.xz	064850977be6689e4aa2165adbd8e866	87d90175789f9bd4faf47ce962166d36	station-repacking	unknown	None	528545	25029	8083901	3	527386	1	1	4	2	0	7	2	1139	527389	1159	1159	527386
/nfs/share/instances/gbd/cnf/064ba3c61c5f105104edec8305853711-puzzle35_sat.cnf.xz	064ba3c61c5f105104edec8305853711	41b2000b8bc9db9f771411282aee0edd	sliding-puzzle	sat	anni_2022	100499	26823	1965397	1	24874	71540	0	0	4064	0	0	0	20	82049	41278	17887	1686
/nfs/share/instances/gbd/cnf/064bf6dbb752a83b4d3602779a4f5795-bench_5191.smt2.cnf.xz	064bf6dbb752a83b4d3602779a4f5795	6efd881c937c6537236e5ec693e976b1	agile	sat	agile_2016	101796	28489	1858008	99	32030	66634	2966	0	2	58	4	0	3	54806	62251	24670	9889
/nfs/share/instances/gbd/cnf/064cf5ae720265bdb95f553557e41f18-41-86250.cnf.xz	064cf5ae720265bdb95f553557e41f18	8fd17f0ef3d9f65f6006d69be96463dd	station-repacking	unknown	None	350401	19540	5308956	3	349500	1	0	2	1	0	7	1	886	349503	901	901	349500
/nfs/share/instances/gbd/cnf/064fe286277f695f42b556ef991036ff-sin_depth_miter_2.cnf.xz	064fe286277f695f42b556ef991036ff	efa192ccbe43741b5fffc8bb8095c8fd	circuit-equialence-checking	unsat	main_2022	512616	120692	11231073	2	118697	311320	81757	840	0	0	0	0	0	260035	315410	1	64504
/nfs/share/instances/gbd/cnf/065036e33ca5a147c353956348fc8cc5-51-105906.cnf.xz	065036e33ca5a147c353956348fc8cc5	110dc324729e3cf2dbc5285bb720769c	station-repacking	unknown	None	498963	24377	7628384	3	497833	1	1	4	2	0	8	2	1109	497836	1130	1130	497833
/nfs/share/instances/gbd/cnf/06536364700e9f2297d14f2aa5a425bd-unif-r4.5-v900-c4050-08-S254206340.used-as.sat04-148.cnf.xz	06536364700e9f2297d14f2aa5a425bd	8ade5bffd1519a42525e73980ea5c17e	uniform-random	unknown	random_2004	4050	900	61376	0	0	4050	0	0	0	0	0	0	0	2072	1978	502	559
/nfs/share/instances/gbd/cnf/065775fe69392642261b1436fbd6bab4-unif-k7-r89-v80-c7120-S1980280938-088.UNKNOWN.cnf.xz	065775fe69392642261b1436fbd6bab4	d19a0930f7d8731a1c366cdb053e9165	uniform-random	unknown	random_2011	7120	80	181832	0	0	0	0	0	0	7120	0	0	0	472	468	63	52
/nfs/share/instances/gbd/cnf/0657d7556552d692a009861a8df0187d-47-137424.cnf.xz	0657d7556552d692a009861a8df0187d	9b3b65ccd90c70e68e9f9f5759fac52c	station-repacking	unknown	None	1062260	36535	16476561	3	1060560	2	1	5	3	0	10	5	1671	1060563	1700	1700	1060560
/nfs/share/instances/gbd/cnf/065882225b28a15ec62af09030001ee5-manol-pipe-f6i.cnf.xz	065882225b28a15ec62af09030001ee5	5391fdf354b7564d7d7bf46c4a29c6a9	hardware-verification	unsat	None	144691	48917	2385878	1	96460	48230	0	0	0	0	0	0	0	115849	102445	7699	22764
/nfs/share/instances/gbd/cnf/065b141f5b24a1ea858f9e63bf13d0cf-47-121128.cnf.xz	065b141f5b24a1ea858f9e63bf13d0cf	a9cf08f576d7e7138640c15a7d75ffcf	station-repacking	unknown	None	647084	27992	9943527	3	645784	1	1	4	2	0	9	3	1277	645787	1300	1300	645784
/nfs/share/instances/gbd/cnf/0662b68319b8438792d39a221786680b-bench_16635.smt2.cnf.xz	0662b68319b8438792d39a221786680b	a1a659cd1b3048de80c0cd638b23210a	agile	sat	agile_2017	6680773	1858107	151183287	6219	2367050	4038867	268467	0	1	0	2	0	167	3763829	3706714	2157559	576280
/nfs/share/instances/gbd/cnf/0662df257be6c6d0691729cb23a17386-7cnf30_80000_80000_4.shuffled.cnf.xz	0662df257be6c6d0691729cb23a17386	ccf63e1d86d055a96af607f649249dd2	random	unknown	random_2002	3137	30	75225	0	0	0	0	0	0	3137	0	0	0	222	215	21	27
/nfs/share/instances/gbd/cnf/066813ab5f3b7b1cc6d2847c37f5fae7-ezfact32_10.shuffled.cnf.xz	066813ab5f3b7b1cc6d2847c37f5fae7	190185d01c41d8e8f343d241bf78fd75	prime-factoring	sat	anni_2022	4777	769	87448	33	0	1144	3600	0	0	0	0	0	0	1701	1715	405	412
/nfs/share/instances/gbd/cnf/0668d86f91d0e8aeea2e3fe722047363-60-93490.cnf.xz	0668d86f91d0e8aeea2e3fe722047363	d23bf50e35a2d004b7435641e61f56f5	station-repacking	unknown	None	389406	20869	5916528	3	388441	1	1	3	1	0	7	1	948	388444	965	965	388441
/nfs/share/instances/gbd/cnf/066ade1d9e5bede84a078012ee14fdc5-45-131035.cnf.xz	066ade1d9e5bede84a078012ee14fdc5	63a8069d04df0e46bcfe91a021498809	station-repacking	unknown	None	908303	33334	14041229	3	906751	1	1	4	2	0	9	4	1528	906754	1552	1552	906751
/nfs/share/instances/gbd/cnf/066cc2796adfff0382fed7ae88d5b41d-44-120140.cnf.xz	066cc2796adfff0382fed7ae88d5b41d	6afc53252093315fd42f5989b2a391c9	station-repacking	unknown	None	638444	27786	9804969	3	637153	1	1	4	2	0	9	2	1269	637156	1291	1291	637153
/nfs/share/instances/gbd/cnf/066d6a47dfd9648d913ba8dbce722d75-slp-synthesis-aes-bottom16.cnf.xz	066d6a47dfd9648d913ba8dbce722d75	55bf2c43b8472dd1cc6f12eacc970fbe	cryptography	unsat	anni_2022	97456	29254	1715464	1	50701	46235	135	14	13	12	11	10	324	75003	71147	3061	5340
/nfs/share/instances/gbd/cnf/066f7dc6f15dfe89172f4b32e50ac826-hidden-k3-s2-r4-n700-02-S664369081.shuffled-as.sat03-1046.cnf.xz	066f7dc6f15dfe89172f4b32e50ac826	cdcf8fd6245358e461bbfda49ce74933	random-hiddenmodel	sat	random_2003	2800	700	42082	0	0	2800	0	0	0	0	0	0	0	1422	1378	365	348
/nfs/share/instances/gbd/cnf/0671f3013bf168f4660edfb4b40fbfa5-bench_1815.smt2.cnf.xz	0671f3013bf168f4660edfb4b40fbfa5	07821a7db97033b59e8edd92d28c28c3	agile	sat	agile_2016	87593	25148	1578851	546	27661	57055	2263	0	3	57	6	0	2	46818	54747	20381	9178
/nfs/share/instances/gbd/cnf/0674a404bfea717643b7bf30d9f5eefc-x9-11023.sat.sanitized.cnf.xz	0674a404bfea717643b7bf30d9f5eefc	a5284cf2b707bd7936d1abfde1b2b803	hamiltonian	unknown	submissions_2024	4950	550	61483	0	4510	0	110	220	110	0	0	0	0	4510	440	440	4510
/nfs/share/instances/gbd/cnf/06767f7b8e23fd24f6df74fefef9c48c-unif2p-p0.9-v990-c3583-S1435246639-05-UNSAT.cnf.xz	06767f7b8e23fd24f6df74fefef9c48c	b444b80c1b17c59bfbf80de445ee5ba1	uniform-random	unknown	random_2007	3582	990	52704	0	358	3224	0	0	0	0	0	0	0	1870	1883	494	478
/nfs/share/instances/gbd/cnf/067dc6945c4aec1c2bc1fdc2e5819124-3col20_5_8.shuffled.cnf.xz	067dc6945c4aec1c2bc1fdc2e5819124	64e930a465e08fb6bc8a6a49b64c7e7f	coloring	unknown	handmade_2002	176	40	2429	6	20	0	150	0	0	0	0	0	0	70	73	23	19
/nfs/share/instances/gbd/cnf/0680b380fc7a80df4c5a33ed23e11ddc-sudoku-N30-21.cnf.xz	0680b380fc7a80df4c5a33ed23e11ddc	c2faa3a580435910eecbc8baa725f7bd	sudoku	unsat	submissions_2022	2262677	842008	45772104	657	1531740	521605	101572	729	17280	0	0	89064	30	2031366	882192	106073	804302
/nfs/share/instances/gbd/cnf/06810c46387bda32e8a1486bac64a7af-bench_15492.smt2.cnf.xz	06810c46387bda32e8a1486bac64a7af	15d6d5d05d2143683d95de3b8993c432	agile	sat	agile_2017	4773768	1319528	109347882	1586	1209450	3485746	76911	0	0	7	50	0	18	2110289	3346190	711387	706407
/nfs/share/instances/gbd/cnf/0684c9b8439112b0e3202dc1f13bae65-unif-k5-r21.3-v90-c1917-S785082413-028.cnf.xz	0684c9b8439112b0e3202dc1f13bae65	72488c91e73e1d6417c011990403d309	uniform-random	unknown	random_2009	1917	90	36260	0	0	0	0	1917	0	0	0	0	0	369	344	70	59
/nfs/share/instances/gbd/cnf/068594cad63ad63966d00272acbe72f7-55-133860.cnf.xz	068594cad63ad63966d00272acbe72f7	6791d73fbfb6b404f86d19e5ebef47df	station-repacking	unknown	None	790689	31118	12198768	3	789237	1	1	5	2	0	9	5	1426	789240	1452	1452	789237
/nfs/share/instances/gbd/cnf/06872e73223dc74c76b06f37a185dc22-VanDerWaerden_2-3-16_238.cnf.xz	06872e73223dc74c76b06f37a185dc22	680583bd82b31f273ccd172cdfca425e	waerden	unsat	anni_2022	15812	238	312323	0	0	14042	0	0	0	0	0	0	1770	1770	14042	14042	1770
/nfs/share/instances/gbd/cnf/068ab49cd35aa24078cd23170599484c-unif-k5-r17.4-v250000-c4350000-S5797512427540361148.cnf.xz	068ab49cd35aa24078cd23170599484c	73a9eb62befd0289374a044d80d567f2	uniform-random	sat	random_2018	4350000	250000	162160879	0	0	0	0	4350000	0	0	0	0	0	816299	814713	135409	135980
/nfs/share/instances/gbd/cnf/068c64314f0f8405bc28bb4c52647145-sokoban-p20.sas.cr.27.cnf.xz	068c64314f0f8405bc28bb4c52647145	c6e48ac9bcfdee4f991dc632bd8517c1	planning	unsat	anni_2022	1172498	134176	19581452	2242	1144020	3192	6944	5712	3724	0	0	0	6664	1146262	425066	12	749662
/nfs/share/instances/gbd/cnf/068f2d23820541fe4eaebfb072bd6cbb-58-127368.cnf.xz	068f2d23820541fe4eaebfb072bd6cbb	27ada5b63fd9b95bef974567eef77869	station-repacking	unknown	None	714214	29483	11006993	3	712842	1	1	3	2	0	9	4	1349	712845	1372	1372	712842
/nfs/share/instances/gbd/cnf/0696cb4f18fd63cc94f319fab92119e5-60-108495.cnf.xz	0696cb4f18fd63cc94f319fab92119e5	760df3db9637100bd4fb91a26874e666	station-repacking	unknown	None	559599	25801	8575365	3	558403	1	1	3	2	0	8	3	1175	558406	1196	1196	558403
/nfs/share/instances/gbd/cnf/0697524f77ccd503f7e5fe15f23a1268-crafted_n12_d6_c4_num27.cnf.xz	0697524f77ccd503f7e5fe15f23a1268	0274763bd587c985cf2b30869c2d8877	graph-isomorphism	unsat	anni_2022	15834028	56064	245811202	0	15833500	0	0	0	0	0	0	0	528	15833500	528	528	15833500
/nfs/share/instances/gbd/cnf/069978487284dbdafb1bb8860adf19f0-46-117679.cnf.xz	069978487284dbdafb1bb8860adf19f0	088ac53fc2f0ef54b67bf5ec546140c5	station-repacking	unknown	None	599517	26995	9204259	3	598263	1	1	4	2	0	9	4	1230	598266	1254	1254	598263
/nfs/share/instances/gbd/cnf/069c9e38f21a431a293c2c158e43f1f1-46-33217.cnf.xz	069c9e38f21a431a293c2c158e43f1f1	7ec593196286bd134564ea91e1b4068b	station-repacking	unknown	None	197245	12368	2865747	2	196675	1	0	1	1	0	3	0	562	196677	570	570	196675
/nfs/share/instances/gbd/cnf/069f7d519e820f6b879f880703907bb3-SGI_30_60_28_40_2-dir.shuffled-as.sat03-124-sc2002.cnf.xz	069f7d519e820f6b879f880703907bb3	6dd6f9f71b4d373d0bab4dc7027c0fc7	subgraph-isomorphism	unsat	anni_2022	71206	840	769772	0	71178	0	0	0	0	0	0	0	28	54351	52374	16827	18804
/nfs/share/instances/gbd/cnf/06a36581f14e399a76a5110449ebe739-driverlog2_v01a.renamed-as.sat05-3961.cnf.xz	06a36581f14e399a76a5110449ebe739	4370a7992364998a1da4e479d2baf8dd	planning	sat	anni_2022	12762	642	160517	0	11912	194	134	158	324	0	40	0	0	11912	1010	7	11752
/nfs/share/instances/gbd/cnf/06a572c0ad87e4465dc82c3d94efa599-bench_17455.smt2.cnf.xz	06a572c0ad87e4465dc82c3d94efa599	00c5029c107885c0c3c304813d992f5a	agile	unsat	agile_2017	4612594	1274863	105301755	1571	1168960	3367556	74424	0	1	1	57	0	24	2037477	3236744	683804	682819
/nfs/share/instances/gbd/cnf/06a91842354cefee9d432cfd3ed50100-53-133670.cnf.xz	06a91842354cefee9d432cfd3ed50100	a0aaa59bcbea27b1e21ef0eaa91d98c3	station-repacking	unknown	None	914721	33547	14147088	3	913160	1	1	5	3	0	9	5	1534	913163	1561	1561	913160
/nfs/share/instances/gbd/cnf/06a9fbce25234a6938bcab419bcb54e3-bench_9656.smt2.cnf.xz	06a9fbce25234a6938bcab419bcb54e3	2d36339958ded1d046ee35eba72b9441	agile	unsat	agile_2017	1106647	317995	22973037	5758	378449	685937	35566	0	6	22	286	481	142	649856	646156	299152	84088
/nfs/share/instances/gbd/cnf/06aac1637bcefa8de3a9901f3c030d9f-unif-k7-r70.0-v50000-c3500000-S1943310965622091429.cnf.xz	06aac1637bcefa8de3a9901f3c030d9f	ec6a55ddaf88400ec0bc5ddbe9f7b798	uniform-random	sat	random_2018	3500000	50000	160805661	0	0	0	0	0	0	3500000	0	0	0	218803	219231	27513	27508
/nfs/share/instances/gbd/cnf/06ab2f3544c15dad7b9e4bfbce9982cf-unif-k5-r21.3-v130-c2769-S1284937235-05.SAT.shuffled.cnf.xz	06ab2f3544c15dad7b9e4bfbce9982cf	f71a6956ff12b932f3e163a5d13db546	uniform-random	sat	random_2007	2769	130	56111	0	0	0	0	2769	0	0	0	0	0	530	504	97	81
/nfs/share/instances/gbd/cnf/06ac25321a9e8a0e2653ae9fc72ff939-48-134487.cnf.xz	06ac25321a9e8a0e2653ae9fc72ff939	74039548a8ddcd3105f31780952ab761	station-repacking	unknown	None	910786	33604	14087547	3	909221	1	1	3	2	0	10	4	1541	909224	1565	1565	909221
/nfs/share/instances/gbd/cnf/06ac45adf49f5e65a05904420e22def6-bench_1224.smt2.cnf.xz	06ac45adf49f5e65a05904420e22def6	ebc9006ea0a637ced46d2fc8473b999b	agile	sat	agile_2016	99650	28489	1808891	505	31970	64339	2763	0	2	64	4	0	3	54365	61141	24142	9701
/nfs/share/instances/gbd/cnf/06af18723348ccdd9b0fc20bfda1d7ff-bench_2050.smt2.cnf.xz	06af18723348ccdd9b0fc20bfda1d7ff	0e206ca64e54db204071d59a66636965	agile	sat	agile_2016	99603	28489	1807833	526	31947	64309	2757	0	2	53	6	0	3	54356	61133	24127	9701
/nfs/share/instances/gbd/cnf/06afd800584013b69acf3ceb8a92dd39-unif-k3-r4.2-v50000-c210000-S964643921-035-UNKNOWN.cnf.xz	06afd800584013b69acf3ceb8a92dd39	8955ff01e2ae9b01afbb9636b57283d9	uniform-random	unknown	random_2011	210000	50000	4375061	0	0	210000	0	0	0	0	0	0	0	105085	104915	26308	26295
/nfs/share/instances/gbd/cnf/06b138e8a6da806e88ac7da2919cef30-grs-192-32.cnf.xz	06b138e8a6da806e88ac7da2919cef30	607426441c443d85ee2bdc68a5c02d7d	grs-fp-comm	unsat	main_2023	392468	132826	7804744	350	126220	265898	0	0	0	0	0	0	0	290530	198341	43248	44140
/nfs/share/instances/gbd/cnf/06b234d992399a10a26d5be67230a20c-bench_2844.smt2.cnf.xz	06b234d992399a10a26d5be67230a20c	c323a3cf63ebbcb4c0790094244f1028	agile	sat	agile_2016	87756	25148	1583527	502	27588	57314	2264	0	1	81	4	0	2	46830	54867	20287	9175
/nfs/share/instances/gbd/cnf/06b238df161c9e24a31890a08bca22df-C208_FA_UT_3255.cnf.xz	06b238df161c9e24a31890a08bca22df	1c6e0c77133c79b81ecf7e48f20e0791	product-configuration	unsat	None	7337	1805	138450	1166	4315	718	277	181	32	10	351	14	273	6087	3077	20	4575
/nfs/share/instances/gbd/cnf/06b27debc937e605bb3198297d4ccaf1-manol-pipe-g10idw.cnf.xz	06b27debc937e605bb3198297d4ccaf1	c5464a8bc2d5a89013853c804bda16e3	hardware-verification	unsat	None	516784	174122	9210385	1	344522	172261	0	0	0	0	0	0	0	413673	371012	23242	76469
/nfs/share/instances/gbd/cnf/06b3fbd3e0d8f0679e979e88d852089a-52-1837.cnf.xz	06b3fbd3e0d8f0679e979e88d852089a	ae6236a0468ef8a55ba586f9e6d8492f	station-repacking	unknown	None	155730	9142	2193056	2	155308	0	0	1	0	0	2	0	417	155310	422	422	155308
/nfs/share/instances/gbd/cnf/06b4ea25b64b0ea42d68fb06534a7e7b-bv-term-small-rw_479.smt2.cnf.xz	06b4ea25b64b0ea42d68fb06534a7e7b	e96e2e0b1bda0a44b731fcee1b5cd115	bitvector	unsat	None	24056	7989	349097	2	15284	8770	0	0	0	0	0	0	0	17979	12053	3908	9421
/nfs/share/instances/gbd/cnf/06b6606fd021e9b4412bfc2fc42d7b0a-unif-k3-r4.267-v7200-c30722-S6702139083167994208.cnf.xz	06b6606fd021e9b4412bfc2fc42d7b0a	041091efa37a441771013ea47c39324c	uniform-random	unknown	random_2016	30722	7200	554232	0	0	30722	0	0	0	0	0	0	0	15414	15308	3846	3909
/nfs/share/instances/gbd/cnf/06b6aecc3400ca0449c6b34efa6b2910-gencnf-k6-r44.3-v108-c4784-03-S1945307870.used-as.sat04-213.cnf.xz	06b6aecc3400ca0449c6b34efa6b2910	93e61405c632bde1224384b58201600a	random	unknown	random_2004	4784	108	108844	0	0	0	0	0	4784	0	0	0	0	484	596	92	69
/nfs/share/instances/gbd/cnf/06b6d7b1e7f26c4290413956ada422a2-bench_5558.smt2.cnf.xz	06b6d7b1e7f26c4290413956ada422a2	66d69cb9d0764e794d9a894d5ebdbad6	agile	sat	agile_2016	103090	28854	1881972	108	32478	67409	3016	0	3	73	0	0	3	55542	62976	25083	9998
/nfs/share/instances/gbd/cnf/06bb08c9c8624d8f6d795d1127eebffe-58-115996.cnf.xz	06bb08c9c8624d8f6d795d1127eebffe	4385ab811957607107dac19522ecbb6e	station-repacking	unknown	None	605066	26903	9287042	3	603816	1	1	3	2	0	9	4	1227	603819	1250	1250	603816
/nfs/share/instances/gbd/cnf/06bfd83d0fba6a831d1f6db32b587d2b-fla-qhid-440-4.cnf.xz	06bfd83d0fba6a831d1f6db32b587d2b	6c473847587634bd0e1233fbaee411dd	random-planted-solution	sat	random_2017	2420	440	35672	0	0	2420	0	0	0	0	0	0	0	1216	1204	285	286
/nfs/share/instances/gbd/cnf/06c4a06f6c791ebcbd2e90f94d898cee-44-124545.cnf.xz	06c4a06f6c791ebcbd2e90f94d898cee	a22bd86cfb60542cf4dd4f73d0e7add3	station-repacking	unknown	None	726354	29830	11192488	3	724966	1	1	4	2	0	9	2	1366	724969	1388	1388	724966
/nfs/share/instances/gbd/cnf/06c6e5b5ec743e16bc55089bf42546ad-48-134916.cnf.xz	06c6e5b5ec743e16bc55089bf42546ad	34d90715a549497344e5bd20e2b541bb	station-repacking	unknown	None	985664	35130	15260760	3	984029	1	1	4	3	0	10	4	1609	984032	1635	1635	984029
/nfs/share/instances/gbd/cnf/06c775a3db8f039e5684629a63398552-bench_8007.smt2.cnf.xz	06c775a3db8f039e5684629a63398552	6ee969ce38ea520dc954b04b81102021	agile	unsat	agile_2017	2708191	763885	57184132	5525	988732	1603832	109983	0	0	0	0	0	119	1553007	1490398	909828	231435
/nfs/share/instances/gbd/cnf/06c9e7d682595a3ea26501bd57bc36a7-unif-k5-r21.3-v150-c3195-S788239782-034.UNKNOWN.cnf.xz	06c9e7d682595a3ea26501bd57bc36a7	6fe7433d87f4798065737b4372ea4055	uniform-random	unknown	random_2011	3195	150	66450	0	0	0	0	3195	0	0	0	0	0	592	605	106	98
/nfs/share/instances/gbd/cnf/06cf898b21f50c827248a0f09c1d9b20-bench_4022.smt2.cnf.xz	06cf898b21f50c827248a0f09c1d9b20	41e4f613aa6cccef46158e6c1afe615b	agile	sat	agile_2017	5900565	1659019	132467599	8147	2102983	3557640	231668	0	1	0	2	0	124	3375778	3247947	1945536	503936
/nfs/share/instances/gbd/cnf/06d2543c151c2478fde159c6dc0424ac-udiv45prop.cnf.xz	06d2543c151c2478fde159c6dc0424ac	7886ad062f504c793cbeaf7e1eb5b376	bitvector	unsat	anni_2022	53637	18162	831562	1	35698	17938	0	0	0	0	0	0	0	39701	25937	9807	23698
/nfs/share/instances/gbd/cnf/06d38596ee5a5fd90877de6c04ede06b-44-80012.cnf.xz	06d38596ee5a5fd90877de6c04ede06b	045bfef63795f2979c3dec71e8436507	station-repacking	unknown	None	321125	18580	4856395	2	320265	1	1	3	2	0	6	0	845	320267	860	860	320265
/nfs/share/instances/gbd/cnf/06d65173e592488f8199e9388d4d261c-unif-k4-r9.1-v500000-c4550000-S806157651348955680.cnf.xz	06d65173e592488f8199e9388d4d261c	8020c60e40975d2451d9247fee52896c	uniform-random	unknown	random_2014	4550000	500000	141549878	0	0	0	4550000	0	0	0	0	0	0	1420404	1423160	284725	283988
/nfs/share/instances/gbd/cnf/06d6f4f8c3ac52d034143eca8d62d1e7-bench_2210.smt2.cnf.xz	06d6f4f8c3ac52d034143eca8d62d1e7	000cd2f64d0f8bc8f40c4a9f4aff2d56	agile	sat	agile_2016	87632	25148	1580142	541	27634	57117	2262	0	3	67	6	0	2	46819	54777	20358	9174
/nfs/share/instances/gbd/cnf/06d7ddacd91c84d9c6be5ace491b410a-unif-c2940-v700-s1981315329.cnf.xz	06d7ddacd91c84d9c6be5ace491b410a	6f6453b74d26f0f8ca51edda7aefe9e3	uniform-random	unknown	random_2002	2940	700	44194	0	0	2940	0	0	0	0	0	0	0	1485	1455	346	339
/nfs/share/instances/gbd/cnf/06d96f79264e9991a5a0a417c401657a-g2-mult1.c.50.smt2-cvc4.cnf.xz	06d96f79264e9991a5a0a417c401657a	5ccda9bea99df58d4ef2cdbeb973953f	bitvector	sat	anni_2022	1052470	256368	22307582	0	456674	534163	27197	26144	3812	685	541	1034	2220	675492	681453	16763	158431
/nfs/share/instances/gbd/cnf/06dd675f4930318f9a4e68c5737059f7-bench_13822.smt2.cnf.xz	06dd675f4930318f9a4e68c5737059f7	2912b53c1f002ba4ba24593bbe9ff812	agile	unsat	agile_2017	1764468	500956	36940043	7352	648872	1036197	71942	0	0	0	0	0	105	1011391	977132	592509	153973
/nfs/share/instances/gbd/cnf/06df09f5ff0b34724a6f43c12560c0b1-42-132828.cnf.xz	06df09f5ff0b34724a6f43c12560c0b1	e3e435252d4d9de423be95082d7b13df	station-repacking	unknown	None	810570	31450	12511256	3	809103	1	1	4	2	0	9	4	1443	809106	1467	1467	809103
/nfs/share/instances/gbd/cnf/06df75fc09ba7eb9f0ffb8d45aa8edfb-57-113232.cnf.xz	06df75fc09ba7eb9f0ffb8d45aa8edfb	549a2b08207b85e020ebd179e4c304be	station-repacking	unknown	None	608976	27058	9351031	3	607718	2	1	4	2	0	8	3	1235	607721	1258	1258	607718
/nfs/share/instances/gbd/cnf/06e03d438c75d06f8df09f2999509749-x9-10065.sat.sanitized.cnf.xz	06e03d438c75d06f8df09f2999509749	208b0e1c95d5f986f8958cd6f2afd163	hamiltonian	unknown	submissions_2024	4494	500	55704	0	4094	0	94	212	94	0	0	0	0	4094	400	400	4094
/nfs/share/instances/gbd/cnf/06e13d42320e5c9d06d63abce2e978fe-unif-k5-r21.3-v110-c2343-S1492329924-074.cnf.xz	06e13d42320e5c9d06d63abce2e978fe	50cea68c737682b44538a152b456ae2f	uniform-random	sat	random_2009	2343	110	45690	0	0	0	0	2343	0	0	0	0	0	475	418	58	71
/nfs/share/instances/gbd/cnf/06e46ab0acac57a61638cbb741949a98-complete-500-0.1-1-9876543215001.cnf.xz	06e46ab0acac57a61638cbb741949a98	125371f1467e371be55ed20ffec7c3f5	argumentation	sat	anni_2022	73331	1000	5106450	0	49998	0	0	0	0	0	0	0	23333	50498	48082	0	24749
/nfs/share/instances/gbd/cnf/06e5233a7d177a4f94b8a05eadb45368-52-126710.cnf.xz	06e5233a7d177a4f94b8a05eadb45368	4780eea3334bbcfcb86bb1af3d155021	station-repacking	unknown	None	732547	29888	11291029	3	731154	1	1	4	2	0	8	4	1370	731157	1393	1393	731154
/nfs/share/instances/gbd/cnf/06e91448c6aacd9086890ea46b4659b0-lec_mult_DvK_10x10.sanitized.cnf.xz	06e91448c6aacd9086890ea46b4659b0	475ee6eb5006d4d391b404da4bc7cf7a	miter	unknown	submissions_2024	11160	3733	158187	0	7386	3773	0	0	0	0	0	0	1	7907	5838	1610	4821
/nfs/share/instances/gbd/cnf/06e928088bd822602edb83e41ce8dadb-satcoin-genesis-SAT-10.cnf.xz	06e928088bd822602edb83e41ce8dadb	a4e8af92a2e1a3810dcd100e6dde944b	cryptography	sat	anni_2022	648803	134780	14384512	12	51551	540132	57098	0	0	0	0	4	6	313392	377098	4241	48850
/nfs/share/instances/gbd/cnf/06e997650b24ac5b5f87c1c64f4a5dcb-edn_9789_8.cnf_0.51000000.unsat.cnf.xz	06e997650b24ac5b5f87c1c64f4a5dcb	4db8e09f592f1eb5a2e6beea264a1682	hardware-verification	unsat	anni_2022	1412178	486400	26283151	1650	955098	455430	0	0	0	0	0	0	0	832287	1022957	507947	126548
/nfs/share/instances/gbd/cnf/06eca5bfcdc4fbde5715c34c87f9ab75-fdmus_b20_162.cnf.xz	06eca5bfcdc4fbde5715c34c87f9ab75	907c49299215c0a1c38397734bb345cd	fdmus	unsat	None	9515	3450	133435	6	6560	2949	0	0	0	0	0	0	0	7388	5612	958	3080
/nfs/share/instances/gbd/cnf/06f2da87052cef073227b497fcfcec79-fla-komb-280-3.cnf.xz	06f2da87052cef073227b497fcfcec79	47ff9cdf92b8728471ff815941f1aa35	random	unknown	random_2018	1456	280	20761	0	0	1456	0	0	0	0	0	0	0	727	729	180	171
/nfs/share/instances/gbd/cnf/06f4af23f9bd78087cf965f58487ae6b-bench_10982.smt2.cnf.xz	06f4af23f9bd78087cf965f58487ae6b	588280ffb062ee3515714a16e5b2da9b	agile	sat	agile_2017	541487	153929	10922568	1916	168003	358373	13033	0	5	1	137	0	19	278235	346864	121186	63530
/nfs/share/instances/gbd/cnf/06f538d7af257560476f9100e36d4445-gcdmax16bits_22.cnf.xz	06f538d7af257560476f9100e36d4445	2d30dde69a7e6273378a8328947b0c29	software-verification	sat	anni_2022	386749	129652	6795058	1	257832	128916	0	0	0	0	0	0	0	278210	203376	54458	162996
/nfs/share/instances/gbd/cnf/06f692ab71fb031118f4c946556eca52-abw-K-dwt__234.mtx-w47.cnf.xz	06f692ab71fb031118f4c946556eca52	99884880422ad971e523ca3c183e70cf	antibandwidth	sat	None	179806	55809	2759586	16672	125460	37557	0	0	0	0	0	0	117	90904	157207	69012	22189
/nfs/share/instances/gbd/cnf/06fef0b1347542d174e91d14db9e104a-rpoc_xits_15_SAT.cnf.xz	06fef0b1347542d174e91d14db9e104a	1dd6b2c856117f0e769f6adc1e401c63	bioinformatics	unknown	application_2013	177939	2384	2970287	0	3650	174268	0	0	0	0	0	0	21	176913	3551	21	22277
/nfs/share/instances/gbd/cnf/0700de953ca94b49501cb311542ee5fb-abw-N-bcsstk07.mtx-w34.cnf.xz	0700de953ca94b49501cb311542ee5fb	fbf4376d20a62fd7fc5fa6ff41496802	antibandwidth	sat	None	7852890	855960	130214304	321090	6884160	646800	0	0	0	0	0	0	840	1663470	7406970	5883660	436050
/nfs/share/instances/gbd/cnf/0701a1e3481e99b590185bd6a3f8631c-bench_5700.smt2.cnf.xz	0701a1e3481e99b590185bd6a3f8631c	a79bb569f769b05ec790158227f8aa8a	agile	unsat	agile_2016	10972	3126	164318	25	4775	5590	574	0	0	0	5	0	3	5901	6822	3556	1037
/nfs/share/instances/gbd/cnf/0701a5b57f9b37c5fcb77463c8582693-T84.2.0.cnf.xz	0701a5b57f9b37c5fcb77463c8582693	103424c2ca592dd36647ff005210a8d9	cril-misc	unsat	anni_2022	10804148	3130396	243277920	0	4771974	5924216	91084	7104	2244	1977	498	912	4139	6205705	5964504	4299968	1215854
/nfs/share/instances/gbd/cnf/07022ad84cf8decdf213d2fd2c59fbae-46-96615.cnf.xz	07022ad84cf8decdf213d2fd2c59fbae	48b4ca2c84d321019d3f3cab540e9cbb	station-repacking	unknown	None	424438	22207	6466379	3	423411	1	1	2	2	0	7	1	1010	423414	1027	1027	423411
/nfs/share/instances/gbd/cnf/07037b045d5d9dd7d777fa8a3b0366a3-unif-k5-r20-v700-c14000-S1192890414-033.cnf.xz	07037b045d5d9dd7d777fa8a3b0366a3	1910ac4e0d789557614cff297d166cea	uniform-random	unknown	random_2009	14000	700	331828	0	0	0	0	14000	0	0	0	0	0	2645	2637	435	415
/nfs/share/instances/gbd/cnf/0703f9c5516bcc84a0c03e872066523f-42-25625.cnf.xz	0703f9c5516bcc84a0c03e872066523f	5db32965092bc0b6cbb5274ed7a8f719	station-repacking	unknown	None	191848	12030	2772726	3	191292	1	1	2	1	0	2	0	546	191295	556	556	191292
/nfs/share/instances/gbd/cnf/0704b6d19c7f53060c2e6b918b955226-56-121317.cnf.xz	0704b6d19c7f53060c2e6b918b955226	19433d1e46b3bca8c8b1504c644cd9cd	station-repacking	unknown	None	670579	28301	10304258	3	669260	1	1	4	2	0	9	3	1296	669263	1319	1319	669260
/nfs/share/instances/gbd/cnf/0705e4046a68c2cca4aefb38db7e9c40-edn_20403_16.cnf_0.29000000.unsat.cnf.xz	0705e4046a68c2cca4aefb38db7e9c40	c289d9bc54fe9bd933eeaf002370840a	hardware-verification	unsat	None	387583	135198	6647502	400	264169	123014	0	0	0	0	0	0	0	225978	289233	134125	38723
/nfs/share/instances/gbd/cnf/070679b773977c574b9c7b14c7bd923f-50-114810.cnf.xz	070679b773977c574b9c7b14c7bd923f	7fdd8cbd0f239e76182e9cfa5f614cec	station-repacking	unknown	None	623249	27353	9566348	3	621978	1	1	4	3	0	8	3	1248	621981	1271	1271	621978
/nfs/share/instances/gbd/cnf/070837da5e4923b6a5f8c0ba0e6ce0e2-41-100899.cnf.xz	070837da5e4923b6a5f8c0ba0e6ce0e2	c16ef8804a7bb3234d38014db9b14087	station-repacking	unknown	None	449651	22763	6850751	3	448601	1	1	3	1	0	7	1	1033	448604	1050	1050	448601
/nfs/share/instances/gbd/cnf/0708595c44d0a967151517a03927d87d-s2n:s2n_stuffer_read_base64.dimacs.cnf.xz	0708595c44d0a967151517a03927d87d	4460bef9a086c47c63c1b5e564d2c152	software-verification	unsat	None	15983776	3623217	401678762	257907	5057493	10066329	327867	416	121	116	311	238905	34311	8356802	8820993	736443	5850600
/nfs/share/instances/gbd/cnf/0709175593f5f943e5a793e15ae08395-55-129307.cnf.xz	0709175593f5f943e5a793e15ae08395	12e381487ab1fbf7b4d7670a0b58b1a3	station-repacking	unknown	None	722387	29626	11123807	3	721006	1	1	5	2	0	9	5	1355	721009	1381	1381	721006
/nfs/share/instances/gbd/cnf/070e8e1dc84ee670df55e253450b47a4-bench_4080.smt2.cnf.xz	070e8e1dc84ee670df55e253450b47a4	bda74c9731b2bf375f34852a3c8a518e	agile	sat	agile_2017	395528	112263	7455189	35	157440	220634	17419	0	0	0	0	0	0	233582	230214	123450	25932
/nfs/share/instances/gbd/cnf/070fde310eca4ddf6967896052efcb30-at-least-two-smtlib-qfbv-aigs-ext_con_032_008_0256-tseitin.cnf.xz	070fde310eca4ddf6967896052efcb30	24ac848655ad80b30bffccdbaa39d9d9	at-least-two-sol	unsat	anni_2022	246655	81672	4792662	4	91836	154814	0	0	0	0	0	0	1	186377	108084	38208	44035
/nfs/share/instances/gbd/cnf/0712c7bb6ba573f67604efbf64f37656-x9-12028.sat.sanitized.cnf.xz	0712c7bb6ba573f67604efbf64f37656	a3b0c7d2f952a615a714aa9101f4e16d	hamiltonian	unknown	submissions_2024	5390	600	67222	0	4910	0	110	260	110	0	0	0	0	4910	480	480	4910
/nfs/share/instances/gbd/cnf/071e54205d91b7c174af2ca7f686f09b-55-106094.cnf.xz	071e54205d91b7c174af2ca7f686f09b	d67440e486e55f38304ad25af78cf609	station-repacking	unknown	None	528129	25029	8078651	3	526970	1	1	4	2	0	7	2	1139	526973	1159	1159	526970
/nfs/share/instances/gbd/cnf/072199fed1704b4d1e60b996931c3d6b-49-95959.cnf.xz	072199fed1704b4d1e60b996931c3d6b	807ce2b118a10f6b7e5dfccc89bc273d	station-repacking	unknown	None	420486	21897	6400612	3	419471	1	1	4	2	0	7	1	996	419474	1015	1015	419471
/nfs/share/instances/gbd/cnf/072785fd927ff0fd180ce8b9cc00078f-20180321_140826713_p_cnf_320_1120.cnf.xz	072785fd927ff0fd180ce8b9cc00078f	2a89f174f737fb503c1a99a868e1ca14	hgen	sat	anni_2022	1120	320	16195	0	0	1120	0	0	0	0	0	0	0	554	566	144	149
/nfs/share/instances/gbd/cnf/07284bf15be6d7faa78d4deb46c6b275-55-123069.cnf.xz	07284bf15be6d7faa78d4deb46c6b275	90483fccf4944480426a5f376fa94cad	station-repacking	unknown	None	629451	27562	9663045	3	628167	1	1	5	2	0	9	5	1258	628170	1284	1284	628167
/nfs/share/instances/gbd/cnf/072af700ad0e8957ebbaf2993d850923-55-112740.cnf.xz	072af700ad0e8957ebbaf2993d850923	b494e283863d5d760cac4ce240e5e176	station-repacking	unknown	None	574898	26225	8810064	3	573680	1	1	4	2	0	9	4	1194	573683	1218	1218	573680
/nfs/share/instances/gbd/cnf/072cef48d683bfde42340d0ba84c5b1a-hgen1-v650-s159479219.cnf.xz	072cef48d683bfde42340d0ba84c5b1a	58015acc32d35c57042ea7457201ba6b	hgen	unknown	random_2002	2275	650	34096	0	0	2275	0	0	0	0	0	0	0	1136	1139	284	275
/nfs/share/instances/gbd/cnf/0733ae02d303c907fa2887f9fbb4ff55-okgen-c3900-v600-s2103762530-2103762530.cnf.xz	0733ae02d303c907fa2887f9fbb4ff55	eca22abe4998a1c6b33604ce09b243f9	random	unknown	random_2002	3900	600	58232	0	0	3900	0	0	0	0	0	0	0	1966	1934	485	484
/nfs/share/instances/gbd/cnf/0737a716930b33a5979d86c1eebd835b-60-124223.cnf.xz	0737a716930b33a5979d86c1eebd835b	887437eed7c2646eb144481f1eb8b19e	station-repacking	unknown	None	677907	28637	10432971	3	676574	1	1	4	2	0	8	4	1310	676577	1333	1333	676574
/nfs/share/instances/gbd/cnf/0739014c268a5a12568d0e641f88ad3c-41-112685.cnf.xz	0739014c268a5a12568d0e641f88ad3c	4447e9b25bee52fdd0f507447124f8ab	station-repacking	unknown	None	586429	26488	8997482	3	585200	1	1	4	2	0	8	3	1207	585203	1229	1229	585200
/nfs/share/instances/gbd/cnf/0739de5c877d844ce28f81e00916a884-53-108870.cnf.xz	0739de5c877d844ce28f81e00916a884	0de768a1990c3587d670af81eaf03866	station-repacking	unknown	None	554815	25794	8504786	3	553622	1	1	3	2	0	9	3	1171	553625	1193	1193	553622
/nfs/share/instances/gbd/cnf/073a405fde5b5c7434281729f24d8728-50-102269.cnf.xz	073a405fde5b5c7434281729f24d8728	dfc957d985163c0d36b783008e68521c	station-repacking	unknown	None	466802	23416	7123622	3	465720	1	1	4	3	0	6	1	1063	465723	1082	1082	465720
/nfs/share/instances/gbd/cnf/073c28dfd3204f4c51e03c297ac841c1-mod2c-rand3bip-unsat-120-3.shuffled-as.sat05-2340.cnf.xz	073c28dfd3204f4c51e03c297ac841c1	6304c7bf22d052400ce79c4a06847bf9	tseitin-formulas	unsat	anni_2022	640	160	11024	0	0	0	640	0	0	0	0	0	0	219	217	41	39
/nfs/share/instances/gbd/cnf/0742147dd68e5410c79a8506a7f54a1d-59-113180.cnf.xz	0742147dd68e5410c79a8506a7f54a1d	1920532df9468a9ef33c64d043706df4	station-repacking	unknown	None	572810	26275	8784308	3	571593	1	1	4	2	0	8	1	1197	571596	1217	1217	571593
/nfs/share/instances/gbd/cnf/07434c4f17715737ade130bc6c57cf9d-unif-k4-r9.931-v178-c1768-S829121629825456986.cnf.xz	07434c4f17715737ade130bc6c57cf9d	5730c7e95043f42f1e05c4bbfc6d82d6	uniform-random	unsat	random_2013	1768	178	30948	0	0	0	1768	0	0	0	0	0	0	547	533	118	125
/nfs/share/instances/gbd/cnf/074394da9029d9c82840091246607065-47-122323.cnf.xz	074394da9029d9c82840091246607065	e84b1d795d3158c05119d49ae374ce89	station-repacking	unknown	None	678561	28685	10439505	3	677229	1	1	4	2	0	9	3	1309	677232	1332	1332	677229
/nfs/share/instances/gbd/cnf/0746ab2982f4d8c28f10df0900857dd5-sha1__zeroOut_14__freeIn_18__seed_2.cnf.xz	0746ab2982f4d8c28f10df0900857dd5	7269b6eeaf6cd0531cd2d26e4e3259eb	cryptography	sat	None	478985	13409	18404564	797	90	8800	33330	91088	4080	228000	112800	0	0	79635	75592	380	3110
/nfs/share/instances/gbd/cnf/074dc4fde5af08b45569f981209e8b76-x9-04052.sat.sanitized.cnf.xz	074dc4fde5af08b45569f981209e8b76	2e0d0ce42b298acb82acfcf4a444ad08	hamiltonian	unknown	submissions_2024	1804	200	20936	0	1644	0	44	72	44	0	0	0	0	1644	160	160	1644
/nfs/share/instances/gbd/cnf/074ff9642153695f0fe804049c743f69-58-107586.cnf.xz	074ff9642153695f0fe804049c743f69	6a08e2a1742617fd35ec2ac722805b6e	station-repacking	unknown	None	520373	24803	7966658	3	519225	1	1	3	2	0	8	1	1129	519228	1148	1148	519225
/nfs/share/instances/gbd/cnf/0754e62937ec75e569b8b4122ad77d7d-47-132624.cnf.xz	0754e62937ec75e569b8b4122ad77d7d	92afc5bf091be8f9d728feae7de42994	station-repacking	unknown	None	816734	31624	12611377	3	815258	1	1	5	3	0	10	4	1449	815261	1476	1476	815258
/nfs/share/instances/gbd/cnf/075c4fe7ae4cef57f1a4c00e58142e23-x1.1_64.shuffled-as.sat03-1585.cnf.xz	075c4fe7ae4cef57f1a4c00e58142e23	37580192ed784d020eb185f859d296d0	xor-chain	unsat	anni_2022	506	190	6950	0	2	504	0	0	0	0	0	0	0	270	238	71	55
/nfs/share/instances/gbd/cnf/075ca0a158690a55b7254d9aaee2e103-asconhashv12_opt64_H4_M2-LOD9_m0_2_U19.c.cnf.xz	075ca0a158690a55b7254d9aaee2e103	9018522e33a7249a04e2026a45e55a44	cryptography-ascon	unsat	main_2023	297208	126995	6121814	70	31321	265748	0	0	0	0	0	32	37	100172	212136	3104	75995
/nfs/share/instances/gbd/cnf/075e1eef00500b25ceb5ea4823ccf1b0-3col140_5_1.shuffled.cnf.xz	075e1eef00500b25ceb5ea4823ccf1b0	56521c541de853790295218cb4c2566d	coloring	sat	anni_2022	1196	280	20857	6	140	0	1050	0	0	0	0	0	0	463	430	95	106
/nfs/share/instances/gbd/cnf/076305ce31dd18724a3de91045800acc-26_stack_cas_longest_true-unreach-call.i-cbmc-u2-sc2016.cnf.xz	076305ce31dd18724a3de91045800acc	3642332173de80cf3f5af8b25c57c7d5	software-bmc	sat	anni_2022	35975032	7807714	946774824	171	7781234	28126664	37554	41	72	60	204	1672	27360	15944140	20274720	204223	13620546
/nfs/share/instances/gbd/cnf/07638411f023fe6a4334c53384415f11-unif-k3-r4.267-v10000-c42670-S6678138187305010036.cnf.xz	07638411f023fe6a4334c53384415f11	fac17784ae1f8f3acde7010342bec896	uniform-random	unknown	random_2014	42670	10000	775339	0	0	42670	0	0	0	0	0	0	0	21395	21275	5348	5380
/nfs/share/instances/gbd/cnf/07682e22f82f9257d44b45777ac06168-lksat-n900-m3357-k3-l5-s241765501.used-as.sat04-936.cnf.xz	07682e22f82f9257d44b45777ac06168	481d87c92edc0e7dcf249660373b246c	clustered-random	sat	anni_2022	3357	900	50791	0	0	3357	0	0	0	0	0	0	0	1692	1665	401	426
/nfs/share/instances/gbd/cnf/076955ba5ecdc2feb4587a8abdbe334b-41-109881.cnf.xz	076955ba5ecdc2feb4587a8abdbe334b	0a9157e1e4dcc2335e5dc2a48baec7ef	station-repacking	unknown	None	558545	25742	8558088	3	557353	1	1	3	2	0	8	3	1171	557356	1192	1192	557353
/nfs/share/instances/gbd/cnf/076ab0a078db7377f3e7cfd6c2aab988-42-125241.cnf.xz	076ab0a078db7377f3e7cfd6c2aab988	4c0175e4883dd2bb1d194ff322f69043	station-repacking	unknown	None	702355	29276	10815625	3	700992	1	1	4	2	0	9	4	1339	700995	1363	1363	700992
/nfs/share/instances/gbd/cnf/076d4d6f83306ee69c35e3c99e30d8f8-x2_16.shuffled.cnf.xz	076d4d6f83306ee69c35e3c99e30d8f8	077ef3fed8a1d854332a00474ed3a007	xor-chain	unsat	anni_2022	122	46	1432	0	2	120	0	0	0	0	0	0	0	63	59	17	15
/nfs/share/instances/gbd/cnf/076d84ee418eb4192d427e34d8829b93-bench_688.smt2.cnf.xz	076d84ee418eb4192d427e34d8829b93	f1e7b67032df4f5985e94a2a01e5ac7c	agile	sat	agile_2016	112495	32084	2053170	513	36625	71972	3287	0	3	89	2	0	4	62387	67965	28230	10317
/nfs/share/instances/gbd/cnf/076fba8945d3a54a06f326474477077d-mrpp_6x6#12_9.cnf.xz	076fba8945d3a54a06f326474477077d	d7f6d8202a409e01e7bb4e66dfd5ac05	planning	sat	anni_2022	28950	4412	477039	280	13248	9664	4966	792	0	0	0	0	0	24846	4553	324	11775
/nfs/share/instances/gbd/cnf/077942bcf7e284fd504ab832e1fa92b3-bench_11602.smt2.cnf.xz	077942bcf7e284fd504ab832e1fa92b3	d7dfbb7ae2ef33eb37477cb565aef60a	agile	sat	agile_2017	4465397	1234401	101629950	1566	1131917	3259904	71935	0	0	0	57	0	18	1973733	3131390	664474	660802
/nfs/share/instances/gbd/cnf/0779cddacfa34241cdf579cb2370ab8e-instance_n8_i9_pp_ci_ce.cnf.xz	0779cddacfa34241cdf579cb2370ab8e	a4fc13ecdbedf667b3760cd4b29ed49c	parity-games	sat	anni_2022	289842	24336	6330681	0	49577	140712	76848	17640	0	584	4041	432	8	231094	57190	1700	76991
/nfs/share/instances/gbd/cnf/0779ed19ae69bf464cce003d1a573246-008.cnf.xz	0779ed19ae69bf464cce003d1a573246	8e8a4abc379685882b8d63097aa3d63a	cryptography	sat	anni_2022	126548	4128	4687962	416	32	4612	7536	19110	1122	62700	31020	0	0	22010	19417	220	569
/nfs/share/instances/gbd/cnf/077a1a0ffd35b0166ac094b64b7de50e-unif-k5-r17.6-v250000-c4400000-S6187989636849774117.cnf.xz	077a1a0ffd35b0166ac094b64b7de50e	54f58d1be28b1822431ed633389a5c14	uniform-random	sat	random_2016	4400000	250000	164018561	0	0	0	0	4400000	0	0	0	0	0	824702	826526	138182	137608
/nfs/share/instances/gbd/cnf/077a92393c59108b44554b67217c8d7a-41-118818.cnf.xz	077a92393c59108b44554b67217c8d7a	04521b5c97280700ff3929d14b4d4234	station-repacking	unknown	None	679362	28641	10453741	3	678031	1	1	4	2	0	8	4	1308	678034	1331	1331	678031
/nfs/share/instances/gbd/cnf/07851afab30a10e44c8c3a2ae7806177-connm-ue-csp-sat-n1200-d0.00-s1415961664.shuffled-as.sat05-529.cnf.xz	07851afab30a10e44c8c3a2ae7806177	17ed4513559e29334bc12f03bc6116ed	generic-csp	unknown	anni_2022	14892	1200	235220	0	0	14592	300	0	0	0	0	0	0	7339	7419	1793	1727
/nfs/share/instances/gbd/cnf/0785d79729317f6ff8323ee9b0cf27b5-289-unsat-21x33.cnf.xz	0785d79729317f6ff8323ee9b0cf27b5	a1f06a7bb697d294fdaf6128f884efcb	mosoi-289	unknown	crafted_2011	448370	2772	10889476	0	4158	0	444212	0	0	0	0	0	0	447678	692	692	447678
/nfs/share/instances/gbd/cnf/07896fe3639c24cd24bb032ae19199cc-60-128255.cnf.xz	07896fe3639c24cd24bb032ae19199cc	19ed5d498bfcad72e6082aa8360ccc68	station-repacking	unknown	None	734556	29865	11323630	3	733165	1	1	4	2	0	8	4	1368	733168	1391	1391	733165
/nfs/share/instances/gbd/cnf/078f045706cfda160cbe9d1f042df57a-50-109094.cnf.xz	078f045706cfda160cbe9d1f042df57a	29c1af58f231dcdd86b8aca89cd7874f	station-repacking	unknown	None	563097	25963	8625545	3	561894	1	1	5	3	0	8	1	1181	561897	1203	1203	561894
/nfs/share/instances/gbd/cnf/079052907b863d58dae49e3bf9a89ef3-43-116400.cnf.xz	079052907b863d58dae49e3bf9a89ef3	5b04abb5941278de8c95be1b29d25f74	station-repacking	unknown	None	578592	26457	8874666	3	577365	1	1	4	2	0	9	3	1204	577368	1227	1227	577365
/nfs/share/instances/gbd/cnf/0793e9607e3293c505b0fa62cbb4258d-unif-r5.5-v700-c3850-01-S2070935521.shuffled-as.sat03-1165.cnf.xz	0793e9607e3293c505b0fa62cbb4258d	ea5ec2bcba0a1ac8033151e42cc9cab0	uniform-random	unknown	random_2003	3850	700	57745	0	0	3850	0	0	0	0	0	0	0	1865	1985	495	460
/nfs/share/instances/gbd/cnf/0798737b490f0acf01738b9a45f0f2ab-52-138394.cnf.xz	0798737b490f0acf01738b9a45f0f2ab	79f7c41c2997077df9844e82d2249926	station-repacking	unknown	None	1073271	36614	16639733	3	1071569	1	1	6	3	0	9	5	1674	1071572	1702	1702	1071569
/nfs/share/instances/gbd/cnf/07989235cf5ccffe2feed68ae979364a-51-94309.cnf.xz	07989235cf5ccffe2feed68ae979364a	4b72be0c1dfe0c823a327bd488363d25	station-repacking	unknown	None	397005	21222	6037348	3	396023	1	1	3	2	0	7	2	963	396026	982	982	396023
/nfs/share/instances/gbd/cnf/079b400eede86df1f1ffd6a3c303278b-hypercube5.shuffled-as.sat03-1435.cnf.xz	079b400eede86df1f1ffd6a3c303278b	b4284af2bd7ecedaaa5404c110a60dba	graph-based	unsat	anni_2022	512	80	9632	0	0	0	0	512	0	0	0	0	0	92	100	15	17
/nfs/share/instances/gbd/cnf/079b877e6d9da81bd36fc7bf8a812aa2-7cnf20_90000_90000_10.shuffled.cnf.xz	079b877e6d9da81bd36fc7bf8a812aa2	f4b07ec461e62fa7516d2836f13f08b6	random	unknown	random_2002	1549	20	35124	0	0	0	0	0	0	1549	0	0	0	91	95	10	10
/nfs/share/instances/gbd/cnf/079eca299ac6b96fc9c52995fcbf24a1-52-136603.cnf.xz	079eca299ac6b96fc9c52995fcbf24a1	5ce30e52f92ff275112beda4f8ba34d3	station-repacking	unknown	None	911141	33374	14087349	3	909587	1	1	4	3	0	9	4	1529	909590	1554	1554	909587
/nfs/share/instances/gbd/cnf/079fec8d04a6ee936227ea90ea0903bf-tseitingrid6x175_shuffled.cnf.xz	079fec8d04a6ee936227ea90ea0903bf	8db7c11e36470ece0bd200ccf4774c8f	tseitin-formulas	unsat	anni_2022	8400	2100	183824	0	0	0	8400	0	0	0	0	0	0	2631	2631	523	523
/nfs/share/instances/gbd/cnf/07a160f359fe4e472773551d69816e83-toughsat_22bits_1.cnf.xz	07a160f359fe4e472773551d69816e83	8153a0fd4e82cd1ad6ea83d3d1e1fef6	prime-factoring	unknown	main_2019	16685	600	534714	3	107	586	1139	2573	2163	2451	2809	2700	2154	1697	2099	138	191
/nfs/share/instances/gbd/cnf/07a27fe792de37e758e3351f270324c2-45-114230.cnf.xz	07a27fe792de37e758e3351f270324c2	66368b8bbfa254131692d2d5bb2ead41	station-repacking	unknown	None	640237	27761	9835124	3	638948	1	1	3	2	0	9	3	1267	638951	1289	1289	638948
/nfs/share/instances/gbd/cnf/07a39b7677af6e435341c115ad5772ce-53-123224.cnf.xz	07a39b7677af6e435341c115ad5772ce	0d663df1591ea8a679a0ae95b5b4bf65	station-repacking	unknown	None	721408	29595	11113326	3	720030	1	1	4	2	0	9	4	1354	720033	1378	1378	720030
/nfs/share/instances/gbd/cnf/07aa35ddde44c01733038e5013b5a6ef-intel047_Iter77.cnf.xz	07aa35ddde44c01733038e5013b5a6ef	d3c9faa9116bb383c735dd463e87a951	hardware-model-checking	unsat	submissions_2022	461235	145104	9563008	230	206206	190453	28827	35519	0	0	0	0	0	304694	258296	32417	87948
/nfs/share/instances/gbd/cnf/07ab9b6d4190543591cbb0824588d392-ITC2021_Test3.xml.cnf.xz	07ab9b6d4190543591cbb0824588d392	dc00f49199b2895f0d6749d992fb5ea2	scheduling	sat	submissions_2022	34846	13515	540121	177	19979	13658	942	0	0	0	0	0	90	34547	17146	290	3286
/nfs/share/instances/gbd/cnf/07ac31424ed38f27d6b93195358e3968-bench_10100.smt2.cnf.xz	07ac31424ed38f27d6b93195358e3968	0d8d7a7988de72b2aa4676e52962492f	agile	unsat	agile_2016	16081	4664	247876	34	6611	8753	673	0	0	1	9	0	0	8340	10443	4733	1729
/nfs/share/instances/gbd/cnf/07aeafc4ee93bb832fa134d4f5971cf6-bench_1616.smt2.cnf.xz	07aeafc4ee93bb832fa134d4f5971cf6	25dccff1c82a3ff9573496c4cd907f73	agile	sat	agile_2016	87776	25148	1583515	488	27567	57393	2271	0	0	51	4	0	2	46843	54902	20269	9173
/nfs/share/instances/gbd/cnf/07b22dd6ccdd07fa12548656c4ea97a6-unif2p-p0.9-v630-c2280-S1804595013-08-SAT.cnf.xz	07b22dd6ccdd07fa12548656c4ea97a6	ecb8d62d67adb8c715ea24e57f37967a	uniform-random	unknown	random_2007	2280	630	33120	0	228	2052	0	0	0	0	0	0	0	1214	1190	286	316
/nfs/share/instances/gbd/cnf/07b46ab6d0c938fee77651dc4b63e1d6-48-121408.cnf.xz	07b46ab6d0c938fee77651dc4b63e1d6	cc32b23dec3ec8f1364fbb70dfe8fdc5	station-repacking	unknown	None	691867	29113	10655855	3	690511	1	1	3	2	0	10	3	1333	690514	1356	1356	690511
/nfs/share/instances/gbd/cnf/07b476c83150d3cb7e08f5d045e255ab-marg5x5.shuffled-as.sat03-1455.cnf.xz	07b476c83150d3cb7e08f5d045e255ab	c066a9e23f505af520763e48cf89f71d	tseitin-formulas	unsat	anni_2022	512	105	8932	0	0	32	192	288	0	0	0	0	0	130	130	25	25
/nfs/share/instances/gbd/cnf/07b48aebb6cc968704afb001b7a50d8d-157.smt2.cnf.xz	07b48aebb6cc968704afb001b7a50d8d	2952dd0bfd1543481fac43fd1486840c	bitvector	sat	None	1246840	394402	24459384	72	658792	587976	0	0	0	0	0	0	0	898143	624408	181489	400966
/nfs/share/instances/gbd/cnf/07b55eb389b521faf2ea347a14b68938-50-121447.cnf.xz	07b55eb389b521faf2ea347a14b68938	d7dc6d909f15e7cb55cadf810e9be000	station-repacking	unknown	None	739219	30113	11396613	3	737816	1	1	4	3	0	8	4	1379	737819	1403	1403	737816
/nfs/share/instances/gbd/cnf/07b6f34060b07d837482bfc3f238b252-hgen2-v350-s1198920705.cnf.xz	07b6f34060b07d837482bfc3f238b252	098603d5bb80462c7a2493a6892012ee	hgen	unknown	random_2002	1225	350	17822	0	0	1225	0	0	0	0	0	0	0	597	628	150	167
/nfs/share/instances/gbd/cnf/07b7859003d84402cbb1ebdc37655d55-6s186_Iter20.cnf.xz	07b7859003d84402cbb1ebdc37655d55	5c9b1212413a65505b506f67f6b74a9f	hardware-model-checking	unsat	main_2022	44599	12921	783810	45	15008	24985	4202	359	0	0	0	0	0	27818	26150	2096	5673
/nfs/share/instances/gbd/cnf/07b8a0ca2372125b645a2fa257367ea9-fdmus_b17_1416.cnf.xz	07b8a0ca2372125b645a2fa257367ea9	9664efad20ab9bff02b23400a310a5f3	fdmus	unsat	None	18078	6381	260686	6	12330	5742	0	0	0	0	0	0	0	14748	10959	1381	4706
/nfs/share/instances/gbd/cnf/07b9e86b020a209bd76474c4db8ab14d-unif-k6-r43.37-v150-c6506-S2217571361402028131.cnf.xz	07b9e86b020a209bd76474c4db8ab14d	aef93b0df232e10adbf5a48a607cebfa	uniform-random	unknown	random_2014	6506	150	159773	0	0	0	0	0	6506	0	0	0	0	668	719	105	106
/nfs/share/instances/gbd/cnf/07b9f32381ed1420def289ad69994262-x9-07047.sat.sanitized.cnf.xz	07b9f32381ed1420def289ad69994262	89885cc216327ff2c178b8e79f0b3139	hamiltonian	unknown	submissions_2024	3153	350	38328	0	2873	0	73	134	73	0	0	0	0	2873	280	280	2873
/nfs/share/instances/gbd/cnf/07ba380599457b2942af3b7cbb304c7b-bench_2980.smt2.cnf.xz	07ba380599457b2942af3b7cbb304c7b	d28788e1edb49f0557070bdf84d91837	agile	sat	agile_2016	99692	28489	1810274	506	31932	64412	2753	0	2	80	4	0	3	54365	61174	24102	9704
/nfs/share/instances/gbd/cnf/07bbbb292324c8d8baeb232e144349fa-rand_net40-60-1.shuffled.cnf.xz	07bbbb292324c8d8baeb232e144349fa	291fe916012722d1d4789ac3cda6fb78	miter	unsat	anni_2022	14321	4800	205470	0	9440	4880	0	0	0	0	0	0	1	9547	9498	2891	3069
/nfs/share/instances/gbd/cnf/07c0800f4df07db586a51cd724332a65-60-119606.cnf.xz	07c0800f4df07db586a51cd724332a65	798651a601983d212b887d143cd44713	station-repacking	unknown	None	613262	27156	9417385	3	612001	1	1	3	2	0	8	3	1240	612004	1261	1261	612001
/nfs/share/instances/gbd/cnf/07c3cce524e2b85d8315ac4397ef08c4-puzzle47_sat.cnf.xz	07c3cce524e2b85d8315ac4397ef08c4	c60c852f5f0e051895a70100c72a0580	sliding-puzzle	sat	anni_2022	134861	35961	2680057	1	33322	96068	0	0	5444	0	0	0	26	110099	55384	24019	2226
/nfs/share/instances/gbd/cnf/07c50b89d97a55b6e1629999a445a2ba-ctl_4201_555_unsat_pre.cnf.xz	07c50b89d97a55b6e1629999a445a2ba	26105d9e99f52f49205db29a7b30fe8a	scheduling	unsat	anni_2022	141683	14756	2936560	0	28329	31154	82200	0	0	0	0	0	0	40414	40410	3492	3496
/nfs/share/instances/gbd/cnf/07c7baadfffe4f343b14dc65a7e62f75-44-128812.cnf.xz	07c7baadfffe4f343b14dc65a7e62f75	ec51f095e47849351f17b9b3cfb0b779	station-repacking	unknown	None	814221	31605	12572213	3	812750	1	1	5	2	0	9	2	1448	812753	1471	1471	812750
/nfs/share/instances/gbd/cnf/07cb45c60089b9008bf3118591a99bf9-hidden-k3-s0-r5-n700-03-S1609878926.shuffled-as.sat05-487.cnf.xz	07cb45c60089b9008bf3118591a99bf9	bbef831a1c2af7947078ea10c9b56b82	random-hiddenmodel	unknown	anni_2022	3500	700	52501	0	0	3500	0	0	0	0	0	0	0	1735	1765	478	446
/nfs/share/instances/gbd/cnf/07cea7a64248a60d509368d09d3057c2-pj2013_k9.cnf.xz	07cea7a64248a60d509368d09d3057c2	c63ab9077173b05903e573572e1a966b	hardware-model-checking	unsat	main_2025	2037492	783192	38952324	2	1358328	679162	0	0	0	0	0	0	0	1514854	1174307	184021	706661
/nfs/share/instances/gbd/cnf/07d0f56eb2e603bebdcad7b76235e225-91.smt2.cnf.xz	07d0f56eb2e603bebdcad7b76235e225	0fefd1e9439cc50980a499db355fd49f	bitvector	unsat	None	311276	98269	5501589	48	161768	149460	0	0	0	0	0	0	0	223031	156771	44320	98323
/nfs/share/instances/gbd/cnf/07d2092780df7b212645ddf99edf6e13-48-132467.cnf.xz	07d2092780df7b212645ddf99edf6e13	de14164de71f16a2a0862e77e1d79723	station-repacking	unknown	None	813464	31676	12560078	3	811986	1	1	3	2	0	10	4	1454	811989	1478	1478	811986
/nfs/share/instances/gbd/cnf/07d20a83feca9295e862a7d583da5971-UTI-20-10t1.cnf.xz	07d20a83feca9295e862a7d583da5971	04ae6af8737c7b07a3b2416c81a42782	diagnosis	sat	anni_2022	1278025	238008	24728666	13421	902104	302000	6720	26880	6740	13440	0	0	6720	1043015	820975	6928	342793
/nfs/share/instances/gbd/cnf/07d3686b96c09ba65403b55f06c8d36b-okgen-c2025-v450-s35766214-35766214.cnf.xz	07d3686b96c09ba65403b55f06c8d36b	89e30bdcc6aefd7c372de0a5724e5cdc	random	unknown	random_2002	2025	450	29963	0	0	2025	0	0	0	0	0	0	0	1031	994	241	254
/nfs/share/instances/gbd/cnf/07d4876685a00c116054d146cb363bb5-x9-11026.sat.sanitized.cnf.xz	07d4876685a00c116054d146cb363bb5	cb372774d5c56ac9dc9975d611f633a2	hamiltonian	unknown	submissions_2024	4947	550	61479	0	4507	0	107	226	107	0	0	0	0	4507	440	440	4507
/nfs/share/instances/gbd/cnf/07d889e8690331078d965dd852626e84-58-127580.cnf.xz	07d889e8690331078d965dd852626e84	1106bcd0f88ccb9edb6ec68fce4941fb	station-repacking	unknown	None	713422	29478	10994759	3	712050	1	1	3	2	0	9	4	1349	712053	1372	1372	712050
/nfs/share/instances/gbd/cnf/07d92f7130beefd10e6100908a6b0fa1-51-130161.cnf.xz	07d92f7130beefd10e6100908a6b0fa1	75cbcdc40ab22600ace91503a394ffb5	station-repacking	unknown	None	692919	28998	10668161	3	691569	1	1	4	2	0	10	4	1325	691572	1350	1350	691569
/nfs/share/instances/gbd/cnf/07d99afd1451385b8f59705370617b80-x9-03052.sat.sanitized.cnf.xz	07d99afd1451385b8f59705370617b80	47d9af65afe546140bebc0276612ee4d	hamiltonian	unknown	submissions_2024	1346	150	15087	0	1226	0	26	68	26	0	0	0	0	1226	120	120	1226
/nfs/share/instances/gbd/cnf/07da51c683e5fa45251fef460cf66c60-unif-k3-r4.25-v450-c1912-S1115796430-03.UNSAT.shuffled.cnf.xz	07da51c683e5fa45251fef460cf66c60	fae90f7cf9f5d27c265a76e26fa3e511	uniform-random	unsat	random_2007	1912	450	28214	0	0	1912	0	0	0	0	0	0	0	956	956	225	238
/nfs/share/instances/gbd/cnf/07dab06913ef55d3a42e207a838c5c37-45-131644.cnf.xz	07dab06913ef55d3a42e207a838c5c37	df764a7ba37ef243e3dcbd820b19ca61	station-repacking	unknown	None	1034674	35888	16033791	3	1033005	1	1	4	3	0	10	5	1642	1033008	1669	1669	1033005
/nfs/share/instances/gbd/cnf/07db5bda1aabc6bf013fd5c22501bda0-unif-k5-r21.3-v100-c2130-S282405510-004.cnf.xz	07db5bda1aabc6bf013fd5c22501bda0	fb44962e11d21e9b075ca238c86d6f3c	uniform-random	sat	random_2009	2130	100	40412	0	0	0	0	2130	0	0	0	0	0	395	383	51	63
/nfs/share/instances/gbd/cnf/07db9248a046677aa28dc35cb46a6ea1-fdmus_b15_305.cnf.xz	07db9248a046677aa28dc35cb46a6ea1	63f41f0ebc021a9b7488219bcd6b54c5	fdmus	unsat	None	19714	6903	284894	6	13402	6306	0	0	0	0	0	0	0	16051	11833	1579	5237
/nfs/share/instances/gbd/cnf/07dd1f9bb66d375229df9f9c45237864-44-129166.cnf.xz	07dd1f9bb66d375229df9f9c45237864	80b9c4d927b6a65fc996e54fe29fd83f	station-repacking	unknown	None	814539	31609	12577169	3	813068	1	1	5	2	0	9	2	1448	813071	1471	1471	813068
/nfs/share/instances/gbd/cnf/07dfdde9b1020080213803c0777a04bf-55-133846.cnf.xz	07dfdde9b1020080213803c0777a04bf	555f94ddea848087aa760c89d2e02d48	station-repacking	unknown	None	790277	31113	12192333	3	788825	1	1	5	2	0	9	5	1426	788828	1452	1452	788825
/nfs/share/instances/gbd/cnf/07dfe40c43d9bd2f1c45bf06d490188b-45-112903.cnf.xz	07dfe40c43d9bd2f1c45bf06d490188b	3ff4118c4343f04ac578b378e875a59b	station-repacking	unknown	None	620605	27227	9523714	3	619341	1	1	3	2	0	9	3	1242	619344	1264	1264	619341
/nfs/share/instances/gbd/cnf/07dffb6f565305790eb6442b986f1c24-59-111953.cnf.xz	07dffb6f565305790eb6442b986f1c24	aa8fdc53626e0612a44072c5c84040e6	station-repacking	unknown	None	555219	25755	8505041	3	554026	1	1	4	2	0	8	1	1173	554029	1193	1193	554026
/nfs/share/instances/gbd/cnf/07e064dbe45135dd8b266eea0c0c9b6c-x9-02040.sat.sanitized.cnf.xz	07e064dbe45135dd8b266eea0c0c9b6c	6efa041cfd899906496d45ab06939ab0	hamiltonian	unknown	submissions_2024	897	100	9294	0	817	0	17	46	17	0	0	0	0	817	80	80	817
/nfs/share/instances/gbd/cnf/07e1e29969e7eddc13877d118187c68e-unif-k3-r4.267-v11600-c49497-S1762043304096481101.cnf.xz	07e1e29969e7eddc13877d118187c68e	64b2137a899952fdc9666fd729d3c6fd	uniform-random	sat	random_2017	49497	11600	921997	0	0	49497	0	0	0	0	0	0	0	24787	24710	6226	6129
/nfs/share/instances/gbd/cnf/07e6413459f92b613498a719125b6239-j3037_10_mdd_bm1.cnf.xz	07e6413459f92b613498a719125b6239	8f53099ab464bf3d34f59d380c2f595e	scheduling	unsat	main_2024	63952	14400	1042042	78	34920	27488	1466	0	0	0	0	0	0	61082	22140	360	14041
/nfs/share/instances/gbd/cnf/07e851c74295f7ddf472820c0f0164e8-x2_72.shuffled-as.sat03-1604.cnf.xz	07e851c74295f7ddf472820c0f0164e8	0197fe24df29d93c2fbc2fb2a916001a	xor-chain	unsat	anni_2022	570	214	7940	0	2	568	0	0	0	0	0	0	0	274	298	65	77
/nfs/share/instances/gbd/cnf/07e94be3f47652c83090dbc7576c74d2-md5__zeroOut_20__freeIn_24__seed_1.cnf.xz	07e94be3f47652c83090dbc7576c74d2	9515231d03ea0724643677910bb47973	cryptography	sat	None	211949	15233	7010677	2685	392	20800	31208	23616	75648	57600	0	0	0	47861	47737	1838	10003
/nfs/share/instances/gbd/cnf/07ea88806d406de24635fb1aa9e57389-unif-c4550-v700-s1378478026.cnf.xz	07ea88806d406de24635fb1aa9e57389	5468419e0b86f3e4f8afe8e9af9b2b51	uniform-random	unknown	random_2002	4550	700	68303	0	0	4550	0	0	0	0	0	0	0	2208	2342	578	549
/nfs/share/instances/gbd/cnf/07eb075757e5ea1d04d3b7ce7b4d9724-unif-k5-r20-v600-c12000-S883927618-10.cnf.xz	07eb075757e5ea1d04d3b7ce7b4d9724	ea3a50ced83791f98b8d32be78eee542	uniform-random	unknown	random_2007	12000	600	283096	0	0	0	0	12000	0	0	0	0	0	2314	2218	367	375
/nfs/share/instances/gbd/cnf/07ec99f550accd7c9f4cd1bccc8692a1-sha1__zeroOut_21__freeIn_25__seed_1.cnf.xz	07ec99f550accd7c9f4cd1bccc8692a1	2bfdf1a900559f458a4fccd3cf680a77	cryptography	sat	None	478985	13409	18404606	797	90	8800	33330	91088	4080	228000	112800	0	0	79635	75592	359	3131
/nfs/share/instances/gbd/cnf/07ed900724afdd89963eb73ca7b9634f-unif-k7-r66.0-v50000-c3300000-S2919446241863213144.cnf.xz	07ed900724afdd89963eb73ca7b9634f	37ceb4693ba8a20be455c8f954907e22	uniform-random	sat	random_2016	3300000	50000	151616176	0	0	0	0	0	0	3300000	0	0	0	206300	206182	25717	25603
/nfs/share/instances/gbd/cnf/07ef18df9dba70fdd92316b51caf7634-hidden-k3-s1-r5-n550-03-S420099363.shuffled-as.sat03-1012.cnf.xz	07ef18df9dba70fdd92316b51caf7634	08afc71dad9e2261df6571db01decf33	random-hiddenmodel	sat	random_2003	2750	550	41108	0	0	2750	0	0	0	0	0	0	0	1450	1300	326	372
/nfs/share/instances/gbd/cnf/07f29d4de0b77c6ef5b0a4d1868bb017-fdmus_b17_1421.cnf.xz	07f29d4de0b77c6ef5b0a4d1868bb017	1281d5e129d7015d029039790aa093df	fdmus	unsat	None	20835	7320	301861	6	14184	6645	0	0	0	0	0	0	0	17013	12651	1543	5360
/nfs/share/instances/gbd/cnf/07f5f3ca046261c3819c5c888ac837e5-mod2c-rand3bip-unsat-105-3.shuffled-as.sat05-2325.cnf.xz	07f5f3ca046261c3819c5c888ac837e5	c76cc643e32004f5840c305a217d58de	tseitin-formulas	unsat	anni_2022	560	140	9424	0	0	0	560	0	0	0	0	0	0	167	167	39	39
/nfs/share/instances/gbd/cnf/07fa3fcdf3bfea7d119e5b27c26bb189-41-82333.cnf.xz	07fa3fcdf3bfea7d119e5b27c26bb189	c736920442bfee6d890f90d993135960	station-repacking	unknown	None	324435	18544	4900122	3	323578	1	0	2	1	0	7	1	842	323581	857	857	323578
/nfs/share/instances/gbd/cnf/07fc0470c550aa7f7290a9442a3e2a83-58-134466.cnf.xz	07fc0470c550aa7f7290a9442a3e2a83	560a3f6ff27e78a3804a7dd25e2eaba2	station-repacking	unknown	None	831540	31865	12847398	3	830055	1	1	3	2	0	9	5	1461	830058	1485	1485	830055
/nfs/share/instances/gbd/cnf/07fc8dc21a3cac260e41353969025eb5-bench_1264.smt2.cnf.xz	07fc8dc21a3cac260e41353969025eb5	bccf3840e79ed8209ca41cde1a773223	agile	sat	agile_2016	100900	28854	1831697	523	32480	64985	2815	0	3	89	2	0	3	55100	61807	24604	9815
/nfs/share/instances/gbd/cnf/0802ae5412e1596c92a036b52792eef7-ITC2021_Late_13.xml.cnf.xz	0802ae5412e1596c92a036b52792eef7	f461cec27204a3bd454f2768c5d0be7c	scheduling	sat	submissions_2022	627210	205001	11425776	1562	420148	174545	29815	0	0	0	0	0	1140	625968	365805	1245	58604
/nfs/share/instances/gbd/cnf/08032add3cca8760e3397cbeaf30fb84-54-118853.cnf.xz	08032add3cca8760e3397cbeaf30fb84	4ad8f306a15de46a9d788c32fcfc3e5d	station-repacking	unknown	None	634974	27572	9760442	3	633694	1	1	3	2	0	9	4	1257	633697	1280	1280	633694
/nfs/share/instances/gbd/cnf/08063f5baf6655656a300c946aaaca60-gt-ordering-unsat-gt-045.sat05-1310.reshuffled-07.cnf.xz	08063f5baf6655656a300c946aaaca60	c9487e3fbadad28ca13b4c16f81e0583	ordering-principle	unsat	anni_2022	86175	2025	1458486	0	990	85140	0	0	0	0	0	0	45	43941	42666	10573	11404
/nfs/share/instances/gbd/cnf/080896c437245ac25eb6d3ad6df12c4f-bv-term-small-rw_1492.smt2.cnf.xz	080896c437245ac25eb6d3ad6df12c4f	0c65cd9d01035aa739d91277df0c4dcc	bitvector	sat	anni_2022	24953	8204	364772	2	15210	9741	0	0	0	0	0	0	0	18384	12594	3889	9390
/nfs/share/instances/gbd/cnf/08099b9ad4ef3dbaa6cb53d8f04a9a5e-unif-k5-r20.155-v1420-c28620-S5169613467602269026.cnf.xz	08099b9ad4ef3dbaa6cb53d8f04a9a5e	9080f00a53f6bd52fcfc3df7f264be7e	uniform-random	unknown	random_2012	28620	1420	732229	0	0	0	0	28620	0	0	0	0	0	5265	5417	909	858
/nfs/share/instances/gbd/cnf/080f5cf5606bfb7ebb93501b8e8a10fd-unif-k3-r4.26-v450-c1917-S116041094-082.UNKNOWN.cnf.xz	080f5cf5606bfb7ebb93501b8e8a10fd	8cafedc78e37b4267f47538c1d02a699	uniform-random	unknown	random_2011	1917	450	28227	0	0	1917	0	0	0	0	0	0	0	965	952	229	203
/nfs/share/instances/gbd/cnf/0810eb03d022334fdd1d5a6ad4969d47-gss-18-s100.cnf.xz	0810eb03d022334fdd1d5a6ad4969d47	44928d494477b9ad96eca7e12eb48b6a	cryptography	sat	anni_2022	94269	31364	1528206	64	60676	33529	0	0	0	0	0	0	0	75499	77828	905	1849
/nfs/share/instances/gbd/cnf/0811f761eee5e4ef28196fd98884a67b-multiplier_13bits__miter_15.cnf.xz	0811f761eee5e4ef28196fd98884a67b	ef7e4b236989f4f48ef53037762f697c	miter	unsat	main_2023	11082	3728	157305	2	7404	3676	0	0	0	0	0	0	0	8166	5899	1508	4424
/nfs/share/instances/gbd/cnf/081ed301081776dc61bdcab61b720bd1-satch2ways11.cnf.xz	081ed301081776dc61bdcab61b720bd1	9cce9f11c63002c023dbcf7c073ee972	test-configuration	unsat	None	35985	11593	585154	0	22094	11957	0	0	0	0	0	0	1934	34568	22743	977	1725
/nfs/share/instances/gbd/cnf/081eeeb1adf1c1a6c008468703328211-60-128377.cnf.xz	081eeeb1adf1c1a6c008468703328211	67da8ee8a5c5d72f1c289eaf0b193990	station-repacking	unknown	None	745835	30146	11502145	3	744431	1	1	4	2	0	8	4	1381	744434	1404	1404	744431
/nfs/share/instances/gbd/cnf/081f111af59344b61346367a930e24f6-Break_triple_04_06.xml.cnf.xz	081f111af59344b61346367a930e24f6	140226a8c6f6bc83654444e7f445162c	scheduling	sat	main_2025	1163	252	12922	1	967	124	6	5	60	0	0	0	0	1078	441	80	616
/nfs/share/instances/gbd/cnf/081f1d6563c9f40da1854ee2848491df-hgen2-v650-s1613554374.cnf.xz	081f1d6563c9f40da1854ee2848491df	0aeeeb26ce99771a7838303d473f501f	hgen	unknown	random_2002	2275	650	34084	0	0	2275	0	0	0	0	0	0	0	1114	1161	272	282
/nfs/share/instances/gbd/cnf/0823bc5f954c6366702877556f0d3680-linked_list_swap_contents_safety_unwind66.cnf.xz	0823bc5f954c6366702877556f0d3680	7ad246fe39be3b3905e23bf0bf246d73	software-verification	unsat	main_2022	30618285	2542020	772598017	427502	25788523	3303434	407351	55	25	36	58	22	691279	27327641	6239914	909967	22823836
/nfs/share/instances/gbd/cnf/0825876c0167b72f69077b744b5c167f-51-116078.cnf.xz	0825876c0167b72f69077b744b5c167f	67b61b41eda2248bcb7bbaddd54abfcc	station-repacking	unknown	None	603220	26891	9255691	3	601971	1	1	4	2	0	10	4	1224	601974	1249	1249	601971
/nfs/share/instances/gbd/cnf/082c9fdbce838d9b18260fa5c4de2f5c-56-138104.cnf.xz	082c9fdbce838d9b18260fa5c4de2f5c	a01f2c5f45a088091624c6ef4971fdca	station-repacking	unknown	None	929592	33656	14377182	3	928026	1	1	4	2	0	9	3	1543	928029	1566	1566	928026
/nfs/share/instances/gbd/cnf/082f609e8e33aabc115e355976bc02a8-49-114253.cnf.xz	082f609e8e33aabc115e355976bc02a8	4ab34a9ff0cf3a4b259b4f3ea45ee214	station-repacking	unknown	None	615001	27247	9439091	3	613736	1	1	4	2	0	9	3	1242	613739	1265	1265	613736
/nfs/share/instances/gbd/cnf/08300e286c3380f7e7291ca6a534c97b-comb3.shuffled.cnf.xz	08300e286c3380f7e7291ca6a534c97b	4f9731bfe4c45599562c62972778cb02	hardware-verification	unsat	anni_2022	16331	4774	240964	1	12988	1695	796	372	290	37	10	128	14	11056	10895	3399	3654
/nfs/share/instances/gbd/cnf/083030713683d8ab8e1d54372f241863-Kakuro-easy-089-ext.xml.hg_4.cnf.xz	083030713683d8ab8e1d54372f241863	40ea4fa9c287c385080817c46d2e4d04	hypertree-decomposition	sat	anni_2022	13193905	111257	327160737	142	163275	5662392	7368096	0	0	0	0	0	0	8958732	1553029	10531	32092
/nfs/share/instances/gbd/cnf/083073b7820982b0bd5e9ff7de0b317d-42-113042.cnf.xz	083073b7820982b0bd5e9ff7de0b317d	99af20941d36bba0eb2bde7eacb49230	station-repacking	unknown	None	583576	26418	8951225	3	582351	1	1	4	2	0	9	4	1201	582354	1225	1225	582351
/nfs/share/instances/gbd/cnf/0831000a5a9727aa5fa3332df10cdb57-edn_20403_12.cnf_0.08000000.unsat.cnf.xz	0831000a5a9727aa5fa3332df10cdb57	a76c27d9fa6fcaa865c32a47cd3d83ff	hardware-verification	unsat	anni_2022	261401	91417	4295215	396	178067	82938	0	0	0	0	0	0	0	152527	195100	90110	26260
/nfs/share/instances/gbd/cnf/0832446f790662899f2275ccef2e09fd-md5__zeroOut_19__freeIn_23__seed_2.cnf.xz	0832446f790662899f2275ccef2e09fd	d9efa8ba55a56072773469b56a2959fa	cryptography	sat	None	211949	15233	7010656	2685	392	20800	31208	23616	75648	57600	0	0	0	47861	47737	1856	9985
/nfs/share/instances/gbd/cnf/0833521b118f61bdf8198940a6fba69a-x9-06000.sat.sanitized.cnf.xz	0833521b118f61bdf8198940a6fba69a	c5f8e2f7e499887876a727c91a25af1f	hamiltonian	unknown	submissions_2024	2701	300	32545	0	2461	0	61	118	61	0	0	0	0	2461	240	240	2461
/nfs/share/instances/gbd/cnf/08365e3605c71b5363d5da9dbd92dc8d-46-107837.cnf.xz	08365e3605c71b5363d5da9dbd92dc8d	b1a9b846f5ca07f5d2a8f8d1e76149e4	station-repacking	unknown	None	554705	25833	8503647	3	553511	1	1	4	2	0	7	2	1174	553514	1194	1194	553511
/nfs/share/instances/gbd/cnf/0839f339c62831cc05032b3a63a98385-unif-p12-k3-r4.267-v6000-c25602-S8152045982034422163.cnf.xz	0839f339c62831cc05032b3a63a98385	4a3a64585335fff81c3594ffb897da63	uniform-random	sat	random_2018	25602	6000	459487	0	0	25602	0	0	0	0	0	0	0	12677	12925	3147	3192
/nfs/share/instances/gbd/cnf/083f5595bbec3402643615940b179ef2-54-138912.cnf.xz	083f5595bbec3402643615940b179ef2	1f0b905c9b1a6906da3c989367759195	station-repacking	unknown	None	1150639	38242	17863265	3	1148862	2	1	5	3	0	9	5	1749	1148865	1777	1777	1148862
/nfs/share/instances/gbd/cnf/083ff60b002cd12c03837d3f5122844f-53-40800.cnf.xz	083ff60b002cd12c03837d3f5122844f	a4c8024d00e653e9f84fa5cf1d01ac02	station-repacking	unknown	None	211852	13321	3105979	2	211238	1	1	1	1	0	2	0	606	211240	614	614	211238
/nfs/share/instances/gbd/cnf/0842ae941be93eb229e7cdc000445ff6-unif-k3-r4.223-v27200-c114866-S3408862422708133378.cnf.xz	0842ae941be93eb229e7cdc000445ff6	23cdbd394220d65c822d8eeb03d51081	uniform-random	unknown	random_2012	114866	27200	2328600	0	0	114866	0	0	0	0	0	0	0	57205	57661	14482	14419
/nfs/share/instances/gbd/cnf/0842eb01dc00232edc0b26ccb2f19f25-6-4-6-sc2018.cnf.xz	0842eb01dc00232edc0b26ccb2f19f25	3afbc07bbb3658e702f2ee06456cce99	unknown	sat	anni_2022	248329	15320	4623766	3166	41283	203307	69	45	0	12	69	33	345	236808	36877	1438	22886
/nfs/share/instances/gbd/cnf/0845065a19d24f0c11ecad0f117d89b1-unif-k3-r4.26-v600-c2556-S506401817-075.UNKNOWN.cnf.xz	0845065a19d24f0c11ecad0f117d89b1	28596159f7683b5f54a2a1afb96089c2	uniform-random	unknown	random_2011	2556	600	38192	0	0	2556	0	0	0	0	0	0	0	1261	1295	328	366
/nfs/share/instances/gbd/cnf/08455b2e1e6fda910989f0481a20f1c3-hash_table_find_safety_size_13.cnf.xz	08455b2e1e6fda910989f0481a20f1c3	bce64650c8d76302962b2ac9e58d4276	hashtable-safety	unsat	main_2023	29938017	6472782	723367093	391720	6691228	22289475	132563	60	204	341	190	392404	39832	12805614	18196149	1245452	10928401
/nfs/share/instances/gbd/cnf/0845cac21beb56a1b208735eff6a31dd-42-124667.cnf.xz	0845cac21beb56a1b208735eff6a31dd	dad479bf91f6ae7c111719a0c5f2a6af	station-repacking	unknown	None	687347	28899	10576929	3	686003	1	1	4	2	0	9	4	1320	686006	1344	1344	686003
/nfs/share/instances/gbd/cnf/08469bbccc41da0c124d69c61ce7dc58-barman-pfile07-027.sas.cr.37.cnf.xz	08469bbccc41da0c124d69c61ce7dc58	00692d022c7b0160e82b1e7f55e1c6cb	planning	unsat	anni_2022	4937390	119130	79434818	504	4899418	27474	76	3762	0	342	0	2128	3686	4899922	459432	10	4478452
/nfs/share/instances/gbd/cnf/08491a497c1e003292d84347af51ad91-oisc-subrv-sll-nested-12.cnf.xz	08491a497c1e003292d84347af51ad91	1a42a7383c9b8c01afd9c0b9174822c4	risc-instruction-removal-subrv	unknown	submissions_2023	29465886	8477096	694348018	3	8871650	20594233	0	0	0	0	0	0	0	15045624	18652327	643616	6984675
/nfs/share/instances/gbd/cnf/084b88b00ad7460eca3e5fdb44cf5b42-unif-k6-r43.37-v68-c2949-S6642350490163433086.cnf.xz	084b88b00ad7460eca3e5fdb44cf5b42	765d3477971c79877408e445644768c0	uniform-random	unsat	random_2013	2949	68	64853	0	0	0	0	0	2949	0	0	0	0	331	339	51	51
/nfs/share/instances/gbd/cnf/084f6e6da7f9c5125d6f28a044b6225c-ccp-s8-facto3.cnf.xz	084f6e6da7f9c5125d6f28a044b6225c	7c4e5b87ffe419062f61cd5ec1c54519	coloring	unknown	anni_2022	20024	936	303793	0	672	19320	0	0	0	24	0	0	8	19992	32	32	4536
/nfs/share/instances/gbd/cnf/084f859b2fa74e16d609c654a6e5fb37-unif-k3-r4.25-v540-c2295-S1404929091-050.cnf.xz	084f859b2fa74e16d609c654a6e5fb37	3e89de3e1d74032c51a7cb1321a4360c	uniform-random	unknown	random_2009	2295	540	34174	0	0	2295	0	0	0	0	0	0	0	1174	1121	282	295
/nfs/share/instances/gbd/cnf/0850db65220080c130d2f54005f9e2b3-dspam_dump_vc972.cnf.xz	0850db65220080c130d2f54005f9e2b3	15edca2a1590ac873319a60a90e08ddb	software-verification	unsat	anni_2022	908255	274451	19071128	5285	290999	611971	0	0	0	0	0	0	0	507021	685515	5875	125900
/nfs/share/instances/gbd/cnf/08530caa5c9232f2ffc5163cf79b38e7-satcoin-genesis-SAT-64.cnf.xz	08530caa5c9232f2ffc5163cf79b38e7	ca2105d71932fb58d107e25269575dc2	cryptography	sat	anni_2022	648806	134781	14384632	12	51552	540134	57098	0	0	0	0	4	6	313396	377099	4244	48846
/nfs/share/instances/gbd/cnf/0854ef1b4b1aab957712863ca3bb86ce-bench_9684.smt2.cnf.xz	0854ef1b4b1aab957712863ca3bb86ce	1b69e7e0256e0e748b0a9985e2c55b15	agile	unsat	agile_2017	274744	81922	5102844	3946	105231	155761	9787	0	7	8	4	0	0	151599	162950	87876	32226
/nfs/share/instances/gbd/cnf/0855033e761d91ae367e867c5a569f9e-atco_enc1_opt2_10_15.cnf.xz	0855033e761d91ae367e867c5a569f9e	00aaf2d363ddd46bb841018777806cc0	scheduling	unsat	anni_2022	150623	9590	3721287	133	19271	42337	28108	30060	19381	6864	2556	1631	282	91007	72683	13591	12047
/nfs/share/instances/gbd/cnf/085792654d945c1de700245916f2c7f6-tseitingrid5x185_shuffled.cnf.xz	085792654d945c1de700245916f2c7f6	4ca285bd2db8f1d85d38beda5f3e5368	tseitin-formulas	unsat	anni_2022	7400	1850	159824	0	0	0	7400	0	0	0	0	0	0	2347	2347	451	451
/nfs/share/instances/gbd/cnf/085b8ebc423dcbd70eceaa04229cf5cd-summle_X111102_steps8_I1-2-2-4-4-8-25-100.cnf.xz	085b8ebc423dcbd70eceaa04229cf5cd	07301f9f9d86aad0028f1caf7413b0b3	summle	sat	main_2022	234322	112049	4744713	2640	80956	133508	15742	24	24	48	0	0	1380	153116	126627	4301	46988
/nfs/share/instances/gbd/cnf/085ede801f42d9729807245a96cf71ab-51-15899.cnf.xz	085ede801f42d9729807245a96cf71ab	5cfae09108ef355a1a362aa6ef92e2c3	station-repacking	unknown	None	180683	11145	2589136	2	180171	1	0	1	1	0	2	0	505	180173	512	512	180171
/nfs/share/instances/gbd/cnf/0861f15a38e3614dcc2220a20ed1e96b-floodit_1_n42_k10.cnf.xz	0861f15a38e3614dcc2220a20ed1e96b	d6e82b17e8509d58bc56f6f126dc2d5a	floodit-puzzle	unknown	None	2499627	530690	51421737	3529	1442841	702837	77640	261456	6556	3725	894	0	149	1709206	2230086	1916	8467
/nfs/share/instances/gbd/cnf/086699aee5d37a1816b5afd81a1607dd-51-117190.cnf.xz	086699aee5d37a1816b5afd81a1607dd	688996aebd58afcbda9cf3f35873ea6d	station-repacking	unknown	None	611695	27119	9388461	3	610434	1	1	4	2	0	10	4	1236	610437	1261	1261	610434
/nfs/share/instances/gbd/cnf/0872cb17a6fd5afd67a85a7ad72ebcd4-fdmus_b22_111.cnf.xz	0872cb17a6fd5afd67a85a7ad72ebcd4	17a305aa8724fa713dfad248c3651ffe	fdmus	unsat	None	14896	5397	212550	6	10270	4620	0	0	0	0	0	0	0	11479	8668	1612	5024
/nfs/share/instances/gbd/cnf/08746660617e2a41bf03337d181e7719-bench_2054.smt2.cnf.xz	08746660617e2a41bf03337d181e7719	9760e65dab1e533533e7d09c12620204	agile	sat	agile_2016	87665	25148	1580905	526	27608	57203	2265	0	2	53	6	0	2	46820	54825	20320	9174
/nfs/share/instances/gbd/cnf/0876c518e5653369e20fb1ee0bb8db40-mp1-klieber2017s-0500-023-t12.cnf.xz	0876c518e5653369e20fb1ee0bb8db40	224d7d28a225310114abcb5ff2965575	crafted-cec	sat	anni_2022	91703	30587	1384538	1	61138	30563	0	0	0	0	0	0	1	69156	69083	8326	8769
/nfs/share/instances/gbd/cnf/0877d9fd26eac8b48c93935689338acb-unif-k7-r89-v60-c5340-S746386799-050.cnf.xz	0877d9fd26eac8b48c93935689338acb	64ee6e19360d26f4999b53d1924d2994	uniform-random	sat	random_2009	5340	60	134914	0	0	0	0	0	0	5340	0	0	0	325	300	36	41
/nfs/share/instances/gbd/cnf/087904d57553076d5b9a1607315314ac-SAT_P_opt_snake_p01.pddl_24.cnf.xz	087904d57553076d5b9a1607315314ac	a3357a83edfaab2965dcdd9be1699a34	planning	sat	planning_2020	93888033	170797	1584896348	316	93873711	0	0	0	0	0	0	0	14006	93874027	2308956	160	91579374
/nfs/share/instances/gbd/cnf/087b4eb050ff793dc58a3d8e67c78928-unif-k4-r9.425-v5800-c54665-S241219350872663448.cnf.xz	087b4eb050ff793dc58a3d8e67c78928	5e9bed5546efb1e03bb32f647be02c40	uniform-random	sat	portfolio_2012	54665	5800	1270143	0	0	0	54665	0	0	0	0	0	0	17146	17171	3351	3445
/nfs/share/instances/gbd/cnf/087c98d833ae9f5e94593f10f825143b-51-76933.cnf.xz	087c98d833ae9f5e94593f10f825143b	80586259b262311483ac90a810939ddc	station-repacking	unknown	None	307721	17969	4647790	3	306889	1	1	3	1	0	6	0	817	306892	832	832	306889
/nfs/share/instances/gbd/cnf/087d747b5d4c1782d9bf4b8d12001441-50-118324.cnf.xz	087d747b5d4c1782d9bf4b8d12001441	daaf3049cad3ba4551e3be2d4ff36c77	station-repacking	unknown	None	689624	28960	10611856	3	688278	1	1	4	3	0	8	3	1323	688281	1346	1346	688278
/nfs/share/instances/gbd/cnf/088779a0af750f81050c3eff80b6a83e-57-113095.cnf.xz	088779a0af750f81050c3eff80b6a83e	6caf258ecf1f508af3bf52d85cabf41b	station-repacking	unknown	None	608544	27058	9343664	3	607286	2	1	4	2	0	8	3	1235	607289	1258	1258	607286
/nfs/share/instances/gbd/cnf/088b4f7d1968efe52c8609027b8ec908-bench_3080.smt2.cnf.xz	088b4f7d1968efe52c8609027b8ec908	6579cd81a97aa05eb5fc3f356d93ce39	agile	sat	agile_2016	105269	30031	1913054	479	34351	67278	3092	0	2	59	4	0	4	58434	63553	26516	9640
/nfs/share/instances/gbd/cnf/088be8f2dd0eafbbf7c27171a83c325f-58-142205.cnf.xz	088be8f2dd0eafbbf7c27171a83c325f	31c6c44a9651dcf24cc80321e3a3e44f	station-repacking	unknown	None	1164562	38444	18087621	3	1162777	1	1	5	3	0	9	5	1758	1162780	1785	1785	1162777
/nfs/share/instances/gbd/cnf/088c6214346611341f3b8386aad2a54d-42-133622.cnf.xz	088c6214346611341f3b8386aad2a54d	60cf0ed4c81f7a49cacd5c858f12835a	station-repacking	unknown	None	861605	32512	13314768	3	860089	2	1	4	2	0	9	4	1491	860092	1516	1516	860089
/nfs/share/instances/gbd/cnf/088ffd086f2d5e55553d5e79aa30aaf5-4col280_9_9.shuffled.cnf.xz	088ffd086f2d5e55553d5e79aa30aaf5	c35df68aeae469fe0c8de4458e7b39b5	coloring	sat	anni_2022	5046	560	96841	6	0	0	5040	0	0	0	0	0	0	1611	1611	327	325
/nfs/share/instances/gbd/cnf/089456508f74be2d96f4112cc495f80a-Eternity-10-06_c18.cnf.xz	089456508f74be2d96f4112cc495f80a	09f1c0d17b520bd90ee5af65014cd243	unknown	sat	anni_2022	243504	4660	3602603	0	217820	6336	10440	8688	0	0	0	0	220	238936	8072	225	212527
/nfs/share/instances/gbd/cnf/089556ebc4280793795053996bae2349-fdmus_b22_742.cnf.xz	089556ebc4280793795053996bae2349	4768f5500f51a001374cb0ff56d87a5e	fdmus	unsat	None	7818	2886	108496	6	5430	2382	0	0	0	0	0	0	0	6009	4551	889	2693
/nfs/share/instances/gbd/cnf/08976c104ef1a1efd7b95c7bbb3c3e23-bench_8143.smt2.cnf.xz	08976c104ef1a1efd7b95c7bbb3c3e23	3ffdd2697d540c586c89141a6de6950a	agile	unsat	agile_2016	21949	6304	343034	37	8815	12197	890	0	0	0	10	0	0	11372	14307	6173	2346
/nfs/share/instances/gbd/cnf/08991fb6c7c45205df7f2bc2f51fb1d9-bobsmdct_k500.cnf.xz	08991fb6c7c45205df7f2bc2f51fb1d9	2ddbfdc36ab37886cb2249338ccee6a3	hardware-model-checking	unsat	main_2022	5387920	2620013	108209012	2	3591946	1795972	0	0	0	0	0	0	0	4126616	2859977	731971	1993275
/nfs/share/instances/gbd/cnf/089a76488a6965710a5f3743902fd41a-51-116924.cnf.xz	089a76488a6965710a5f3743902fd41a	7ae015c8cbbf945e324e6169c6bd06b0	station-repacking	unknown	None	608081	27004	9331196	3	606826	1	1	4	2	0	10	4	1230	606829	1255	1255	606826
/nfs/share/instances/gbd/cnf/089c0775c15f15ad5810c69bab91f31d-45-130845.cnf.xz	089c0775c15f15ad5810c69bab91f31d	031892c608bf283cad5fc1251a569951	station-repacking	unknown	None	907974	33334	14036390	3	906422	1	1	4	2	0	9	4	1528	906425	1552	1552	906422
/nfs/share/instances/gbd/cnf/089ec06b35d6d5c89f2e47cf030aff36-x9-12085.sat.sanitized.cnf.xz	089ec06b35d6d5c89f2e47cf030aff36	4a3fe6f86efdf1e1e83f4f281c425b5f	hamiltonian	unknown	submissions_2024	5400	600	67360	0	4920	0	120	240	120	0	0	0	0	4920	480	480	4920
/nfs/share/instances/gbd/cnf/089f909e37b3ef0c4d90687f7e22b68f-simon-r18-0.sanitized.cnf.xz	089f909e37b3ef0c4d90687f7e22b68f	cb0ad81deabfebcbac276ee114bc52dd	cryptography-simon	sat	main_2024	9984	3008	156968	128	2368	7488	0	0	0	0	0	0	0	4800	7680	66	1790
/nfs/share/instances/gbd/cnf/089fb3a9b41e13d30852e8b023e39ed7-60-136299.cnf.xz	089fb3a9b41e13d30852e8b023e39ed7	2f099fe35eea3b5fc5298b59dcffa14e	station-repacking	unknown	None	1013306	35509	15700122	3	1011653	2	1	5	3	0	8	5	1626	1011656	1653	1653	1011653
/nfs/share/instances/gbd/cnf/08a0b2a5c263a20e058fe1d98b079a13-bench_12484.smt2.cnf.xz	08a0b2a5c263a20e058fe1d98b079a13	bfdba42f8fb29cdad903c3bcc1c83b10	agile	sat	agile_2017	4490879	1241370	102271738	1566	1138536	3278163	72539	0	0	1	56	0	18	1985705	3147439	670067	664325
