ID	max_iters	hash
00063d88244921d6ec46aeab6866a8e2	0	a057271c9071c99d
00063d88244921d6ec46aeab6866a8e2	2	46ae9d7d96da20fd
00063d88244921d6ec46aeab6866a8e2	4	83bdb7d75795530d
00063d88244921d6ec46aeab6866a8e2	6	cfd58461e073e63d
00063d88244921d6ec46aeab6866a8e2	10	634b827082df8bcc
00063d88244921d6ec46aeab6866a8e2	20	055e6b36e808b5d4
00072cf107ae1349c8c59a15c5ce4af1	0	a057271c9071c99d
00072cf107ae1349c8c59a15c5ce4af1	2	3b37aa8d962770f2
00072cf107ae1349c8c59a15c5ce4af1	4	c7d94d866f5fded7
00072cf107ae1349c8c59a15c5ce4af1	6	080e63f7b2801e7a
00072cf107ae1349c8c59a15c5ce4af1	10	d557291cd452dbef
00072cf107ae1349c8c59a15c5ce4af1	20	d557291cd452dbef
00076733bdbce94d7e44eca84f1425f0	0	a057271c9071c99d
00076733bdbce94d7e44eca84f1425f0	2	da9af31da9efd39e
00076733bdbce94d7e44eca84f1425f0	4	f3b612d2b47c69fb
00076733bdbce94d7e44eca84f1425f0	6	0c06e1e934003952
00076733bdbce94d7e44eca84f1425f0	10	db04dea7a7a28976
00076733bdbce94d7e44eca84f1425f0	20	deef5778e07ca28f
000781b7a545fe723159e53127aff659	0	a057271c9071c99d
000781b7a545fe723159e53127aff659	2	6d17d194572bd20b
000781b7a545fe723159e53127aff659	4	e4fc15133ef20fae
000781b7a545fe723159e53127aff659	6	bc5c71c53dbaa6b9
000781b7a545fe723159e53127aff659	10	bf2126dcd99bb3df
000781b7a545fe723159e53127aff659	20	3b24071258dedddd
000a41cdca43be89ed62ea3abf2d0b64	0	a057271c9071c99d
000a41cdca43be89ed62ea3abf2d0b64	2	1b35848313572f83
000a41cdca43be89ed62ea3abf2d0b64	4	80c6a34029abfd32
000a41cdca43be89ed62ea3abf2d0b64	6	36071089d3b02091
000a41cdca43be89ed62ea3abf2d0b64	10	ccee2ac8d2a110ce
000a41cdca43be89ed62ea3abf2d0b64	20	8ac977cdc5586e82
000e4e0db67e27083649c20a2a3f761b	0	a057271c9071c99d
000e4e0db67e27083649c20a2a3f761b	2	27eb3ae63e41bec9
000e4e0db67e27083649c20a2a3f761b	4	067c7dbcf25b360c
000e4e0db67e27083649c20a2a3f761b	6	32be0982c6a894ce
000e4e0db67e27083649c20a2a3f761b	10	046c94f651437ad9
000e4e0db67e27083649c20a2a3f761b	20	7efd62fe67d975cf
00107d84f57e2371476a7b2cabe0b351	0	a057271c9071c99d
00107d84f57e2371476a7b2cabe0b351	2	61a64536a1a3c5bb
00107d84f57e2371476a7b2cabe0b351	4	8d156b957efa66fb
00107d84f57e2371476a7b2cabe0b351	6	762f6a6333b458e2
00107d84f57e2371476a7b2cabe0b351	10	2f48a346734910f2
00107d84f57e2371476a7b2cabe0b351	20	b1427173f0a733fe
001304ba2e4e8adbd179aa3d8acb697b	0	a057271c9071c99d
001304ba2e4e8adbd179aa3d8acb697b	2	99951717acef5ba5
001304ba2e4e8adbd179aa3d8acb697b	4	c697cae6854db6be
001304ba2e4e8adbd179aa3d8acb697b	6	44242d917afd2737
001304ba2e4e8adbd179aa3d8acb697b	10	ad428fae74e18cca
001304ba2e4e8adbd179aa3d8acb697b	20	192fa41e2a49afca
001344c9b3cb1626af1c7c35155cf26a	0	a057271c9071c99d
001344c9b3cb1626af1c7c35155cf26a	2	d0aa091d9308b042
001344c9b3cb1626af1c7c35155cf26a	4	f062d12a69afa72e
001344c9b3cb1626af1c7c35155cf26a	6	4c80dfda5645ff83
001344c9b3cb1626af1c7c35155cf26a	10	eb320423f42e857d
001344c9b3cb1626af1c7c35155cf26a	20	bf0b0899ed5db0bc
0020aa0c69379226948904ad455b6c09	0	a057271c9071c99d
0020aa0c69379226948904ad455b6c09	2	cb8dd1244b7a5cbe
0020aa0c69379226948904ad455b6c09	4	2dd153164d3d4e78
0020aa0c69379226948904ad455b6c09	6	2dd153164d3d4e78
0020aa0c69379226948904ad455b6c09	10	2dd153164d3d4e78
0020aa0c69379226948904ad455b6c09	20	2dd153164d3d4e78
00213e27dabcf679205144f3dde5d37e	0	a057271c9071c99d
00213e27dabcf679205144f3dde5d37e	2	2e5eca87907ac335
00213e27dabcf679205144f3dde5d37e	4	afbbcd859d2c8295
00213e27dabcf679205144f3dde5d37e	6	5dda4a38b7623f87
00213e27dabcf679205144f3dde5d37e	10	6747ff0d763da364
00213e27dabcf679205144f3dde5d37e	20	6747ff0d763da364
0022f125b13bd7ccc91e793431c67a52	0	a057271c9071c99d
0022f125b13bd7ccc91e793431c67a52	2	57f8b01ec9fb3c61
0022f125b13bd7ccc91e793431c67a52	4	822b0510251779d4
0022f125b13bd7ccc91e793431c67a52	6	55152c85ab5adc30
0022f125b13bd7ccc91e793431c67a52	10	e68a98e66c481e5b
0022f125b13bd7ccc91e793431c67a52	20	b978d600773507d1
0025a06f00f6e467f7cf4ef9e649b2a7	0	a057271c9071c99d
0025a06f00f6e467f7cf4ef9e649b2a7	2	dd9c00f6d0b36d42
0025a06f00f6e467f7cf4ef9e649b2a7	4	fad4fa37a4351775
0025a06f00f6e467f7cf4ef9e649b2a7	6	16df396f00c8e0e1
0025a06f00f6e467f7cf4ef9e649b2a7	10	4a4449e13a6e9fca
0025a06f00f6e467f7cf4ef9e649b2a7	20	930abf6db538eaae
00260e67c792062bc3e10e6b94522101	0	a057271c9071c99d
00260e67c792062bc3e10e6b94522101	2	666957177d80fdb8
00260e67c792062bc3e10e6b94522101	4	9d9bcef8b02f8ca5
00260e67c792062bc3e10e6b94522101	6	e18abe917912662d
00260e67c792062bc3e10e6b94522101	10	78488d8564cc43b1
00260e67c792062bc3e10e6b94522101	20	7f005aab7489950d
0026aaf8bbf2df73cb5db34a7b7a7a04	0	a057271c9071c99d
0026aaf8bbf2df73cb5db34a7b7a7a04	2	7ce5a0e1febe3722
0026aaf8bbf2df73cb5db34a7b7a7a04	4	8a2f6ba3e27c7c46
0026aaf8bbf2df73cb5db34a7b7a7a04	6	d0c40948d75fa5b5
0026aaf8bbf2df73cb5db34a7b7a7a04	10	c15ab6a52e4dedb4
0026aaf8bbf2df73cb5db34a7b7a7a04	20	74027337aa00c91e
00274d0721d26f867b2573377712cac9	0	a057271c9071c99d
00274d0721d26f867b2573377712cac9	2	1f55716659e74be9
00274d0721d26f867b2573377712cac9	4	28dd4fccabe71505
00274d0721d26f867b2573377712cac9	6	692a8f0694f06f0a
00274d0721d26f867b2573377712cac9	10	21e2f41c1ad75068
00274d0721d26f867b2573377712cac9	20	d21ef03361761ec4
00275f3018d50ba38867268739dfc44f	0	a057271c9071c99d
00275f3018d50ba38867268739dfc44f	2	d5cfe2ed58c9f33d
00275f3018d50ba38867268739dfc44f	4	1d51ae7c6408ddf2
00275f3018d50ba38867268739dfc44f	6	bbb3134d1e0e9f61
00275f3018d50ba38867268739dfc44f	10	96075d06eee13d6b
00275f3018d50ba38867268739dfc44f	20	5b04b0b7e3642d46
002a0330958a14deb23dcc84b5489e8a	0	a057271c9071c99d
002a0330958a14deb23dcc84b5489e8a	2	73234b931b608a3d
002a0330958a14deb23dcc84b5489e8a	4	4e0ce0ae2efa1b97
002a0330958a14deb23dcc84b5489e8a	6	46ea48abb797cdbc
002a0330958a14deb23dcc84b5489e8a	10	7220124dc62fad79
002a0330958a14deb23dcc84b5489e8a	20	0d60057e1e29adc7
002bed2572e6e326815e674f288de8b4	0	a057271c9071c99d
002bed2572e6e326815e674f288de8b4	2	45dec0cdcb8ef0de
002bed2572e6e326815e674f288de8b4	4	7502a8cab11d5fa1
002bed2572e6e326815e674f288de8b4	6	418d578ea858bde2
002bed2572e6e326815e674f288de8b4	10	a822d65d57beaa3b
002bed2572e6e326815e674f288de8b4	20	70fca7b9a3885f2e
003154fc91d34d29ec5cf93b0bc32143	0	a057271c9071c99d
003154fc91d34d29ec5cf93b0bc32143	2	a7b2a8eb5e0ceb2b
003154fc91d34d29ec5cf93b0bc32143	4	a17305fcac4817ca
003154fc91d34d29ec5cf93b0bc32143	6	889d1d9a8921b5f9
003154fc91d34d29ec5cf93b0bc32143	10	908ab7a148ceb048
003154fc91d34d29ec5cf93b0bc32143	20	9cffe9883ba43977
00316e383123773ae35d3210f5396205	0	a057271c9071c99d
00316e383123773ae35d3210f5396205	2	6276c7a5854f3d8c
00316e383123773ae35d3210f5396205	4	10d68c58d657f72d
00316e383123773ae35d3210f5396205	6	af0f81545884f02b
00316e383123773ae35d3210f5396205	10	aa1151640594f80c
00316e383123773ae35d3210f5396205	20	08dd80fc530feb43
0033baadbd48d3f880e9b5a733bd4950	0	a057271c9071c99d
0033baadbd48d3f880e9b5a733bd4950	2	1389de442d707dfa
0033baadbd48d3f880e9b5a733bd4950	4	7714b292e30847f3
0033baadbd48d3f880e9b5a733bd4950	6	ceb72bc2cc0e0a3f
0033baadbd48d3f880e9b5a733bd4950	10	49a0bd488598b159
0033baadbd48d3f880e9b5a733bd4950	20	c5ef5f582613e641
0035666407d4ccb5082630045d60a5fe	0	a057271c9071c99d
0035666407d4ccb5082630045d60a5fe	2	4127ea186840d542
0035666407d4ccb5082630045d60a5fe	4	6398d383973d7788
0035666407d4ccb5082630045d60a5fe	6	649512ee18fc9c28
0035666407d4ccb5082630045d60a5fe	10	649512ee18fc9c28
0035666407d4ccb5082630045d60a5fe	20	649512ee18fc9c28
0038cea06eae4c3234b7bb65d9a8497c	0	a057271c9071c99d
0038cea06eae4c3234b7bb65d9a8497c	2	3025052a9ddaea71
0038cea06eae4c3234b7bb65d9a8497c	4	f2a25940654cc7a9
0038cea06eae4c3234b7bb65d9a8497c	6	f2a25940654cc7a9
0038cea06eae4c3234b7bb65d9a8497c	10	f2a25940654cc7a9
0038cea06eae4c3234b7bb65d9a8497c	20	f2a25940654cc7a9
003a77d2aa15a5f93aa2cfe79b986c9e	0	a057271c9071c99d
003a77d2aa15a5f93aa2cfe79b986c9e	2	3d4cb85b4112878b
003a77d2aa15a5f93aa2cfe79b986c9e	4	9c1c5451a756dc5a
003a77d2aa15a5f93aa2cfe79b986c9e	6	d48a560ef61f81d5
003a77d2aa15a5f93aa2cfe79b986c9e	10	c7ebef18a28f5537
003a77d2aa15a5f93aa2cfe79b986c9e	20	c7ebef18a28f5537
003de2086be59a5fb7a7aaad0992cf47	0	a057271c9071c99d
003de2086be59a5fb7a7aaad0992cf47	2	b7d2a14e688b5b70
003de2086be59a5fb7a7aaad0992cf47	4	53c37f17bd6f2108
003de2086be59a5fb7a7aaad0992cf47	6	574fd44979f71c27
003de2086be59a5fb7a7aaad0992cf47	10	8399b7b16b7f0c50
003de2086be59a5fb7a7aaad0992cf47	20	0b9c69578c6aa571
003deabca05a76f3ee449221a80d8b62	0	a057271c9071c99d
003deabca05a76f3ee449221a80d8b62	2	29aff0516e0608f6
003deabca05a76f3ee449221a80d8b62	4	25a89e19319177c8
003deabca05a76f3ee449221a80d8b62	6	45c4faf30e7ba8cf
003deabca05a76f3ee449221a80d8b62	10	668d69b35b9d0f97
003deabca05a76f3ee449221a80d8b62	20	8b7a5577b1188a28
0041051c73dcdd885d412a38e8b09fba	0	a057271c9071c99d
0041051c73dcdd885d412a38e8b09fba	2	4e5313495115d1a4
0041051c73dcdd885d412a38e8b09fba	4	4cd9dc2f1dec8b6e
0041051c73dcdd885d412a38e8b09fba	6	1eb303c92190f656
0041051c73dcdd885d412a38e8b09fba	10	631c04168a099156
0041051c73dcdd885d412a38e8b09fba	20	f2b11f97dc923b62
0041f01bcd7d0d1f9541cea6da79ad57	0	a057271c9071c99d
0041f01bcd7d0d1f9541cea6da79ad57	2	f265350dc4ee6eab
0041f01bcd7d0d1f9541cea6da79ad57	4	d886d21fdc0afed8
0041f01bcd7d0d1f9541cea6da79ad57	6	631533e410cd2279
0041f01bcd7d0d1f9541cea6da79ad57	10	7b64c86af153d2a0
0041f01bcd7d0d1f9541cea6da79ad57	20	7b64c86af153d2a0
0042a627dfba7daa62d6ce175540c8a2	0	a057271c9071c99d
0042a627dfba7daa62d6ce175540c8a2	2	0e9ec8f835c4667f
0042a627dfba7daa62d6ce175540c8a2	4	a4ffa0ffd9451af7
0042a627dfba7daa62d6ce175540c8a2	6	74c747aafeeb7fa9
0042a627dfba7daa62d6ce175540c8a2	10	63cb6e2953f5de30
0042a627dfba7daa62d6ce175540c8a2	20	f1a753be9c26ab9c
0043cfdde474fa37dfeb5ce5952d22f6	0	a057271c9071c99d
0043cfdde474fa37dfeb5ce5952d22f6	2	558bcff87971f625
0043cfdde474fa37dfeb5ce5952d22f6	4	8e5300bd9f377a5e
0043cfdde474fa37dfeb5ce5952d22f6	6	0d70171ebd5e0b23
0043cfdde474fa37dfeb5ce5952d22f6	10	43e0fb1b40083899
0043cfdde474fa37dfeb5ce5952d22f6	20	43e0fb1b40083899
0049919cdf9556bfda5bb365af72414c	0	a057271c9071c99d
0049919cdf9556bfda5bb365af72414c	2	ddec618eba3fe40d
0049919cdf9556bfda5bb365af72414c	4	5dc8e1a5ac991c98
0049919cdf9556bfda5bb365af72414c	6	d20beaf149e63195
0049919cdf9556bfda5bb365af72414c	10	cd4a04f1984d0697
0049919cdf9556bfda5bb365af72414c	20	860ecce7ecbf6104
004b0f451f7d96f6a572e9e76360f51a	0	a057271c9071c99d
004b0f451f7d96f6a572e9e76360f51a	2	1352d1b5cec9b955
004b0f451f7d96f6a572e9e76360f51a	4	85531a607886e355
004b0f451f7d96f6a572e9e76360f51a	6	c86b398a0e88e282
004b0f451f7d96f6a572e9e76360f51a	10	dab914009c9752ed
004b0f451f7d96f6a572e9e76360f51a	20	a2d0a3a14e186689
005093e294b0ed0f7b23f341ff68968b	0	a057271c9071c99d
005093e294b0ed0f7b23f341ff68968b	2	4980956fd6a42def
005093e294b0ed0f7b23f341ff68968b	4	246a1453706d829f
005093e294b0ed0f7b23f341ff68968b	6	3aed296ac5520aab
005093e294b0ed0f7b23f341ff68968b	10	756cb779df914a3b
005093e294b0ed0f7b23f341ff68968b	20	5096882a3274e999
00547b9476397463c8220560aeeea086	0	a057271c9071c99d
00547b9476397463c8220560aeeea086	2	502ab77eef68555c
00547b9476397463c8220560aeeea086	4	f12fc3f8476e60a3
00547b9476397463c8220560aeeea086	6	39d4ff532b297d73
00547b9476397463c8220560aeeea086	10	44e3a52cf1a1b734
00547b9476397463c8220560aeeea086	20	e11aa2eea69b497d
005522cf558f9b77ed345a289384e191	0	a057271c9071c99d
005522cf558f9b77ed345a289384e191	2	ad55dc8d901a825f
005522cf558f9b77ed345a289384e191	4	4989f513a92884fb
005522cf558f9b77ed345a289384e191	6	09b8a77f3e3ec62a
005522cf558f9b77ed345a289384e191	10	a5d8bbb8175c8cb5
005522cf558f9b77ed345a289384e191	20	d139d45475ea0a2f
00597fb425e994af7a9d224ef4d09fc4	0	a057271c9071c99d
00597fb425e994af7a9d224ef4d09fc4	2	88ccca76786d2b53
00597fb425e994af7a9d224ef4d09fc4	4	396967e5c0e7ee24
00597fb425e994af7a9d224ef4d09fc4	6	52c5419e6bccc92a
00597fb425e994af7a9d224ef4d09fc4	10	970c1d639dbd27c3
00597fb425e994af7a9d224ef4d09fc4	20	e33d427de16890f4
0059d4b1cf79efbc6e6ed50caee0448e	0	a057271c9071c99d
0059d4b1cf79efbc6e6ed50caee0448e	2	bd795f64be30cb33
0059d4b1cf79efbc6e6ed50caee0448e	4	9d7c3ffe15799e33
0059d4b1cf79efbc6e6ed50caee0448e	6	02aaf554b5d367e5
0059d4b1cf79efbc6e6ed50caee0448e	10	beccd1d7f0223ed1
0059d4b1cf79efbc6e6ed50caee0448e	20	c4d0f974a477502c
005ccb378ced61c02105ed7ee0a62038	0	a057271c9071c99d
005ccb378ced61c02105ed7ee0a62038	2	f21b6958019420b1
005ccb378ced61c02105ed7ee0a62038	4	ad4dcf8615a2ebd2
005ccb378ced61c02105ed7ee0a62038	6	9bc7c70e9c30a277
005ccb378ced61c02105ed7ee0a62038	10	d5d015f76fd69b7b
005ccb378ced61c02105ed7ee0a62038	20	d5d015f76fd69b7b
005d76c0f37b33d8b752f7ebdd157a99	0	a057271c9071c99d
005d76c0f37b33d8b752f7ebdd157a99	2	c973df9a55ac3fef
005d76c0f37b33d8b752f7ebdd157a99	4	c4c12572ebad3da1
005d76c0f37b33d8b752f7ebdd157a99	6	79051eb16f235faa
005d76c0f37b33d8b752f7ebdd157a99	10	2afd25a3a0543eaf
005d76c0f37b33d8b752f7ebdd157a99	20	d6d9b357c4db325a
00613b57720df18bec8d8dc68dc57a7b	0	a057271c9071c99d
00613b57720df18bec8d8dc68dc57a7b	2	c2a5f27beea62cc0
00613b57720df18bec8d8dc68dc57a7b	4	b423a9e769457a74
00613b57720df18bec8d8dc68dc57a7b	6	8cb9eb4120dbfc8f
00613b57720df18bec8d8dc68dc57a7b	10	fbdeffb153325021
00613b57720df18bec8d8dc68dc57a7b	20	c96dcff91caa0b3f
006282ac3d0013b911249d14c326f53d	0	a057271c9071c99d
006282ac3d0013b911249d14c326f53d	2	2f718db519505595
006282ac3d0013b911249d14c326f53d	4	cb91784bcddacb7c
006282ac3d0013b911249d14c326f53d	6	bcade30f4a4f5c2f
006282ac3d0013b911249d14c326f53d	10	5b574f6b46486236
006282ac3d0013b911249d14c326f53d	20	717a3025ea41dd14
0062dc10471119b9e13da682216b190f	0	a057271c9071c99d
0062dc10471119b9e13da682216b190f	2	6433bc1c7d921c70
0062dc10471119b9e13da682216b190f	4	c059af99ee77c839
0062dc10471119b9e13da682216b190f	6	46558864ef6e21f3
0062dc10471119b9e13da682216b190f	10	298cc065bcaf9577
0062dc10471119b9e13da682216b190f	20	b17aacbe73ed3f72
0064aa2e16c9d4b18d32a45d3073fce9	0	a057271c9071c99d
0064aa2e16c9d4b18d32a45d3073fce9	2	7bb0ce50bc2c9a8f
0064aa2e16c9d4b18d32a45d3073fce9	4	ed9061bbc761a20b
0064aa2e16c9d4b18d32a45d3073fce9	6	249cae7030e5c208
0064aa2e16c9d4b18d32a45d3073fce9	10	c33717111035fcc1
0064aa2e16c9d4b18d32a45d3073fce9	20	651750b02c2b9d56
0067d012901f358831afb6d6e5f83767	0	a057271c9071c99d
0067d012901f358831afb6d6e5f83767	2	83760182f9fc3543
0067d012901f358831afb6d6e5f83767	4	58946db3887e7009
0067d012901f358831afb6d6e5f83767	6	f415c3446529ad6f
0067d012901f358831afb6d6e5f83767	10	83c40952c23e16ce
0067d012901f358831afb6d6e5f83767	20	26d217b80c500939
006be0fb3ae0a75aac0e386c2e6c4669	0	a057271c9071c99d
006be0fb3ae0a75aac0e386c2e6c4669	2	0b67d648f14fa6f1
006be0fb3ae0a75aac0e386c2e6c4669	4	bc7c3be5db0dcaca
006be0fb3ae0a75aac0e386c2e6c4669	6	bb0f9c84f50a32ee
006be0fb3ae0a75aac0e386c2e6c4669	10	1869759b1213fdb3
006be0fb3ae0a75aac0e386c2e6c4669	20	6fee651a859c2c87
006c57c6c09a6e4a4402f1dd264cab15	0	a057271c9071c99d
006c57c6c09a6e4a4402f1dd264cab15	2	b67959ae92e30ae9
006c57c6c09a6e4a4402f1dd264cab15	4	2b199432dc29f80d
006c57c6c09a6e4a4402f1dd264cab15	6	f0b4625bd6f2f6f9
006c57c6c09a6e4a4402f1dd264cab15	10	fe5117ec6e3d1154
006c57c6c09a6e4a4402f1dd264cab15	20	0389cf9d8c0af1c7
006cc1f4e081e7fd96a50a2171792f21	0	a057271c9071c99d
006cc1f4e081e7fd96a50a2171792f21	2	95ec9689a5912256
006cc1f4e081e7fd96a50a2171792f21	4	64e25ef78a64ef6a
006cc1f4e081e7fd96a50a2171792f21	6	6178a5e1f96a0b7a
006cc1f4e081e7fd96a50a2171792f21	10	97439786c6d2342d
006cc1f4e081e7fd96a50a2171792f21	20	bdb155dc34b1f422
006da0e3f4ad5b1ecd3651e66dbea36d	0	a057271c9071c99d
006da0e3f4ad5b1ecd3651e66dbea36d	2	c99807d87df04b89
006da0e3f4ad5b1ecd3651e66dbea36d	4	c70d9ac4c60e166a
006da0e3f4ad5b1ecd3651e66dbea36d	6	3c64b9014d47c263
006da0e3f4ad5b1ecd3651e66dbea36d	10	767ac5da1f4b5f3a
006da0e3f4ad5b1ecd3651e66dbea36d	20	334fcc05348c63fd
006dcf7e3d0fa7c39b0f542ad0ec949e	0	a057271c9071c99d
006dcf7e3d0fa7c39b0f542ad0ec949e	2	6ee813d0ad53bc30
006dcf7e3d0fa7c39b0f542ad0ec949e	4	NA
006dcf7e3d0fa7c39b0f542ad0ec949e	6	NA
006dcf7e3d0fa7c39b0f542ad0ec949e	10	NA
006dcf7e3d0fa7c39b0f542ad0ec949e	20	NA
006e293dfc476b21c246b963c6eb16b7	0	a057271c9071c99d
006e293dfc476b21c246b963c6eb16b7	2	c9531fb9e96271c9
006e293dfc476b21c246b963c6eb16b7	4	3ddad0000c72a1ab
006e293dfc476b21c246b963c6eb16b7	6	4283378ebef8734a
006e293dfc476b21c246b963c6eb16b7	10	e217e1e7b7ef8426
006e293dfc476b21c246b963c6eb16b7	20	0f62c2e053d77ae0
0071b624d91ebe408b0585f8c4e34fd9	0	a057271c9071c99d
0071b624d91ebe408b0585f8c4e34fd9	2	bbc2b272938c8805
0071b624d91ebe408b0585f8c4e34fd9	4	b7d99802776059ab
0071b624d91ebe408b0585f8c4e34fd9	6	a6cc6b999fc482d6
0071b624d91ebe408b0585f8c4e34fd9	10	08ce3526e236d72a
0071b624d91ebe408b0585f8c4e34fd9	20	c052cf1ae26b311e
0072b0ce5c4ab8386763d10ef88f636e	0	a057271c9071c99d
0072b0ce5c4ab8386763d10ef88f636e	2	f80b2a2a61585d21
0072b0ce5c4ab8386763d10ef88f636e	4	07652143548b24dd
0072b0ce5c4ab8386763d10ef88f636e	6	3c179d23ede881b6
0072b0ce5c4ab8386763d10ef88f636e	10	b081c7a0a6ca2bfd
0072b0ce5c4ab8386763d10ef88f636e	20	fb559d1eb7e1bbfa
0072b38614d34eb3c6ffc36aef13ee3a	0	a057271c9071c99d
0072b38614d34eb3c6ffc36aef13ee3a	2	683eaaf007ce8005
0072b38614d34eb3c6ffc36aef13ee3a	4	f379cefaf2239c2e
0072b38614d34eb3c6ffc36aef13ee3a	6	2129245395fc0a79
0072b38614d34eb3c6ffc36aef13ee3a	10	5e81152fc1c82e3b
0072b38614d34eb3c6ffc36aef13ee3a	20	0e7cfeb6c1ce96df
00784e1e1a9ae772aae7f33c1fa5fbe2	0	a057271c9071c99d
00784e1e1a9ae772aae7f33c1fa5fbe2	2	74858bc7e3c71e4e
00784e1e1a9ae772aae7f33c1fa5fbe2	4	d0da09089392127b
00784e1e1a9ae772aae7f33c1fa5fbe2	6	70e54c1b4879f614
00784e1e1a9ae772aae7f33c1fa5fbe2	10	70e54c1b4879f614
00784e1e1a9ae772aae7f33c1fa5fbe2	20	70e54c1b4879f614
00847fca81490df01b9e239fd6027378	0	a057271c9071c99d
00847fca81490df01b9e239fd6027378	2	c2debaf626ee835f
00847fca81490df01b9e239fd6027378	4	7128e07f3aed6b96
00847fca81490df01b9e239fd6027378	6	669d77856d5782d5
00847fca81490df01b9e239fd6027378	10	0e50b8b514bc7191
00847fca81490df01b9e239fd6027378	20	8021b8e9cd89de85
0085c7242003811caf4b7eff64022e55	0	a057271c9071c99d
0085c7242003811caf4b7eff64022e55	2	0284d34bcfd0a989
0085c7242003811caf4b7eff64022e55	4	95b20296d991e880
0085c7242003811caf4b7eff64022e55	6	3b7531a32543a9a6
0085c7242003811caf4b7eff64022e55	10	13227b15b0ab1974
0085c7242003811caf4b7eff64022e55	20	546430d1b8e9394b
008d1f79eec2b7712637e48aec7a63cd	0	a057271c9071c99d
008d1f79eec2b7712637e48aec7a63cd	2	6c695dcd99df06d1
008d1f79eec2b7712637e48aec7a63cd	4	25dd92b4db1d3c82
008d1f79eec2b7712637e48aec7a63cd	6	d6e8fd5a12cfaefe
008d1f79eec2b7712637e48aec7a63cd	10	0fd75fe4cbdd8148
008d1f79eec2b7712637e48aec7a63cd	20	1ffcd15193b96621
008d78352c3d630340e6a3ef0d7242d7	0	a057271c9071c99d
008d78352c3d630340e6a3ef0d7242d7	2	005cf0a7bd58dc0f
008d78352c3d630340e6a3ef0d7242d7	4	4461b6ee7d750a2f
008d78352c3d630340e6a3ef0d7242d7	6	5df329d208e64f33
008d78352c3d630340e6a3ef0d7242d7	10	8ea9053da4551c2a
008d78352c3d630340e6a3ef0d7242d7	20	a69db87ad1a6aa07
008e7716c69009090ff6bd0048dc55f8	0	a057271c9071c99d
008e7716c69009090ff6bd0048dc55f8	2	2b25f2b47499561a
008e7716c69009090ff6bd0048dc55f8	4	fe3951d2c82dac83
008e7716c69009090ff6bd0048dc55f8	6	35fdfb78cd24276a
008e7716c69009090ff6bd0048dc55f8	10	ebe49b7a7d735c03
008e7716c69009090ff6bd0048dc55f8	20	f9accd8c2e59d34d
008fa3f37db9759dee825665e78e2e80	0	a057271c9071c99d
008fa3f37db9759dee825665e78e2e80	2	9471f5145fb262e5
008fa3f37db9759dee825665e78e2e80	4	9aa8b5e2cc6f3894
008fa3f37db9759dee825665e78e2e80	6	9b17a3f8688be691
008fa3f37db9759dee825665e78e2e80	10	74aa7d2207b44a8d
008fa3f37db9759dee825665e78e2e80	20	4516a0505b6ef912
0091ac9434f528a4007d82d2443d2dc9	0	a057271c9071c99d
0091ac9434f528a4007d82d2443d2dc9	2	3f4223e35ec2acc4
0091ac9434f528a4007d82d2443d2dc9	4	497e2ceb64482775
0091ac9434f528a4007d82d2443d2dc9	6	d6a47ba7e4c0533b
0091ac9434f528a4007d82d2443d2dc9	10	47d6f88118d2d303
0091ac9434f528a4007d82d2443d2dc9	20	e741384e9be76727
0092f19206d4641caaa3a638914bee3f	0	a057271c9071c99d
0092f19206d4641caaa3a638914bee3f	2	6f383c332d2f92fb
0092f19206d4641caaa3a638914bee3f	4	ea9fa274b6e02b47
0092f19206d4641caaa3a638914bee3f	6	6c3ec490a339dfe8
0092f19206d4641caaa3a638914bee3f	10	15d4923da3a9fe0f
0092f19206d4641caaa3a638914bee3f	20	58f15e49ada05ce7
0094d44002500c187e3c2d07a13bee7c	0	a057271c9071c99d
0094d44002500c187e3c2d07a13bee7c	2	4894c6d61d913877
0094d44002500c187e3c2d07a13bee7c	4	80ac87976fdc6310
0094d44002500c187e3c2d07a13bee7c	6	376f108457ac0353
0094d44002500c187e3c2d07a13bee7c	10	6a7c62965562d726
0094d44002500c187e3c2d07a13bee7c	20	c780cde4af7a9d0a
009a4a6c23299b864508393ee726625a	0	a057271c9071c99d
009a4a6c23299b864508393ee726625a	2	d41e88b168420fe3
009a4a6c23299b864508393ee726625a	4	07c8e701b55a2c00
009a4a6c23299b864508393ee726625a	6	e3cd5ace2b323c2d
009a4a6c23299b864508393ee726625a	10	308d29fefb171474
009a4a6c23299b864508393ee726625a	20	9bbf5df60675feb8
00a1604721e43896a93b5329e5b38af4	0	a057271c9071c99d
00a1604721e43896a93b5329e5b38af4	2	424c5797c0d16c21
00a1604721e43896a93b5329e5b38af4	4	12dec69dce4b880f
00a1604721e43896a93b5329e5b38af4	6	ff1d48ac992c0015
00a1604721e43896a93b5329e5b38af4	10	c6569454b8707b47
00a1604721e43896a93b5329e5b38af4	20	526d875f75a13768
00a30fb1c0150fe3d6692afd2b220887	0	a057271c9071c99d
00a30fb1c0150fe3d6692afd2b220887	2	d920c47ebda4b685
00a30fb1c0150fe3d6692afd2b220887	4	9cfeccc98b13ea78
00a30fb1c0150fe3d6692afd2b220887	6	4235a04da3bdb9f3
00a30fb1c0150fe3d6692afd2b220887	10	f24fdb60417f1ad5
00a30fb1c0150fe3d6692afd2b220887	20	98381ad93b6d9721
00a62eb89afbf27e1addf8f5c437da9b	0	a057271c9071c99d
00a62eb89afbf27e1addf8f5c437da9b	2	0d6e51018bef411d
00a62eb89afbf27e1addf8f5c437da9b	4	2e17c0c2dc1cd207
00a62eb89afbf27e1addf8f5c437da9b	6	73409ca99b704b9f
00a62eb89afbf27e1addf8f5c437da9b	10	656ef3f8c742f2e9
00a62eb89afbf27e1addf8f5c437da9b	20	0dfc9ad318910e3e
00a981f385cd209d41e1efa1f5f29bac	0	a057271c9071c99d
00a981f385cd209d41e1efa1f5f29bac	2	8d80c7e98477cee4
00a981f385cd209d41e1efa1f5f29bac	4	27e88e6b7c1a6ff0
00a981f385cd209d41e1efa1f5f29bac	6	a66506c886115e61
00a981f385cd209d41e1efa1f5f29bac	10	d14cc5c6da5fde51
00a981f385cd209d41e1efa1f5f29bac	20	6e8156e3cdc1da1a
00ae4072f9b57d5d3cfe8919aff1b776	0	a057271c9071c99d
00ae4072f9b57d5d3cfe8919aff1b776	2	7569c6f5cf7a60dc
00ae4072f9b57d5d3cfe8919aff1b776	4	23a65f4f06b094f7
00ae4072f9b57d5d3cfe8919aff1b776	6	7952e58507e4fe43
00ae4072f9b57d5d3cfe8919aff1b776	10	1a7af818d0b015ac
00ae4072f9b57d5d3cfe8919aff1b776	20	53bf14dbc02a9b76
00aec3b2e38968bf8a922709e2acfccd	0	a057271c9071c99d
00aec3b2e38968bf8a922709e2acfccd	2	60944a53b793f901
00aec3b2e38968bf8a922709e2acfccd	4	027239a0751caa17
00aec3b2e38968bf8a922709e2acfccd	6	5023c6490174ad79
00aec3b2e38968bf8a922709e2acfccd	10	696c7d061eeed843
00aec3b2e38968bf8a922709e2acfccd	20	696c7d061eeed843
00aefd1fc30c425075166ca051e57218	0	a057271c9071c99d
00aefd1fc30c425075166ca051e57218	2	7938ad19255f8f0a
00aefd1fc30c425075166ca051e57218	4	08d397b95d553fa4
00aefd1fc30c425075166ca051e57218	6	69ad59289421e853
00aefd1fc30c425075166ca051e57218	10	0bd4bdb86c672f2b
00aefd1fc30c425075166ca051e57218	20	48497f3a9b14bee6
00b1c27aee52d6dd9e112fa55d4cc1ca	0	a057271c9071c99d
00b1c27aee52d6dd9e112fa55d4cc1ca	2	45a62ab7e4dc6765
00b1c27aee52d6dd9e112fa55d4cc1ca	4	2d87119d931d10e5
00b1c27aee52d6dd9e112fa55d4cc1ca	6	c93e71f64c30d737
00b1c27aee52d6dd9e112fa55d4cc1ca	10	e2aed8ce20e8fa5c
00b1c27aee52d6dd9e112fa55d4cc1ca	20	887671fe44f679a4
00b46ace235e3915a439c77a231a5657	0	a057271c9071c99d
00b46ace235e3915a439c77a231a5657	2	95e59b51140ca546
00b46ace235e3915a439c77a231a5657	4	59dedab2a830a234
00b46ace235e3915a439c77a231a5657	6	5d4b67a025f8825c
00b46ace235e3915a439c77a231a5657	10	a684b4def2144bb6
00b46ace235e3915a439c77a231a5657	20	dcbe630ff0f75a3f
00b9b467c26540853360491401da61a5	0	a057271c9071c99d
00b9b467c26540853360491401da61a5	2	2c59b597fc1a465a
00b9b467c26540853360491401da61a5	4	f47e35d832668c03
00b9b467c26540853360491401da61a5	6	8ed64be5364ea48f
00b9b467c26540853360491401da61a5	10	f9dbed950750e133
00b9b467c26540853360491401da61a5	20	2d281447c994d0ca
00bb0b4ef28ed38c49de4c54b9fabc4d	0	a057271c9071c99d
00bb0b4ef28ed38c49de4c54b9fabc4d	2	1f8ed6de467d8cef
00bb0b4ef28ed38c49de4c54b9fabc4d	4	f38c22cb2585ae13
00bb0b4ef28ed38c49de4c54b9fabc4d	6	25688380924b07fc
00bb0b4ef28ed38c49de4c54b9fabc4d	10	ccfc355d6e963bbb
00bb0b4ef28ed38c49de4c54b9fabc4d	20	644f6b300f95b91a
00bbdbb1bc700e4c4ceb0d6e86e33c23	0	a057271c9071c99d
00bbdbb1bc700e4c4ceb0d6e86e33c23	2	b956aa8b13206af2
00bbdbb1bc700e4c4ceb0d6e86e33c23	4	304a8a9e22e2d63e
00bbdbb1bc700e4c4ceb0d6e86e33c23	6	4528d52e59a11ce6
00bbdbb1bc700e4c4ceb0d6e86e33c23	10	4655a25324299740
00bbdbb1bc700e4c4ceb0d6e86e33c23	20	4655a25324299740
00be4c67683c8edeca138279e13942cb	0	a057271c9071c99d
00be4c67683c8edeca138279e13942cb	2	64aefcd38a3efabb
00be4c67683c8edeca138279e13942cb	4	20017a3e8592aeb9
00be4c67683c8edeca138279e13942cb	6	d95884f2c928def9
00be4c67683c8edeca138279e13942cb	10	55ac77148a18943a
00be4c67683c8edeca138279e13942cb	20	78acc15a03983af3
00be590675417eba2bb2585790ac392d	0	a057271c9071c99d
00be590675417eba2bb2585790ac392d	2	8b497965595928ef
00be590675417eba2bb2585790ac392d	4	0cbbdc141612861d
00be590675417eba2bb2585790ac392d	6	9c4d6c8b91634c73
00be590675417eba2bb2585790ac392d	10	50c2887b86ca34a2
00be590675417eba2bb2585790ac392d	20	017b871ae7d50f5a
00c4c1dfa04e7cd8b7abc80a4a4f7153	0	a057271c9071c99d
00c4c1dfa04e7cd8b7abc80a4a4f7153	2	466363cb01880919
00c4c1dfa04e7cd8b7abc80a4a4f7153	4	d9e7c21f6496fec7
00c4c1dfa04e7cd8b7abc80a4a4f7153	6	f72d6967c45a6d2c
00c4c1dfa04e7cd8b7abc80a4a4f7153	10	13aafd6cd2192508
00c4c1dfa04e7cd8b7abc80a4a4f7153	20	13aafd6cd2192508
00d0eef039aa1f9cf1cf2647a58fe313	0	a057271c9071c99d
00d0eef039aa1f9cf1cf2647a58fe313	2	633047fc452f309c
00d0eef039aa1f9cf1cf2647a58fe313	4	b180e517b5995edb
00d0eef039aa1f9cf1cf2647a58fe313	6	b3ef9556e01111a8
00d0eef039aa1f9cf1cf2647a58fe313	10	8160adeab3b3cf87
00d0eef039aa1f9cf1cf2647a58fe313	20	2eba9df422200413
00d1fe07ab948b348bb3fb423b1ef40d	0	a057271c9071c99d
00d1fe07ab948b348bb3fb423b1ef40d	2	9ff0364405de7ae1
00d1fe07ab948b348bb3fb423b1ef40d	4	2074fe0b0300e868
00d1fe07ab948b348bb3fb423b1ef40d	6	99ee8d0248ea2439
00d1fe07ab948b348bb3fb423b1ef40d	10	86a197e50ae31088
00d1fe07ab948b348bb3fb423b1ef40d	20	3ec8dbb82254b681
00d239e486137a4f7264adb4fb57d5ae	0	a057271c9071c99d
00d239e486137a4f7264adb4fb57d5ae	2	5d02c89de83a806b
00d239e486137a4f7264adb4fb57d5ae	4	043323879f330d4f
00d239e486137a4f7264adb4fb57d5ae	6	1866340f1171f3cc
00d239e486137a4f7264adb4fb57d5ae	10	406c081bc369b14f
00d239e486137a4f7264adb4fb57d5ae	20	10705c548fa8359a
00d25e6106c5c09bb5d8d0f7eae7385a	0	a057271c9071c99d
00d25e6106c5c09bb5d8d0f7eae7385a	2	d6532bb3e05c7839
00d25e6106c5c09bb5d8d0f7eae7385a	4	a88f1309be939f8e
00d25e6106c5c09bb5d8d0f7eae7385a	6	3650598dd39699e9
00d25e6106c5c09bb5d8d0f7eae7385a	10	536e6ef8ce22bad7
00d25e6106c5c09bb5d8d0f7eae7385a	20	eb142d2137cb8654
00d3338cd6cdfa099ff29f036c77d93d	0	a057271c9071c99d
00d3338cd6cdfa099ff29f036c77d93d	2	7f9fd2b1ef2d53a8
00d3338cd6cdfa099ff29f036c77d93d	4	e77640ab4e3407fb
00d3338cd6cdfa099ff29f036c77d93d	6	32d29876410b9f0e
00d3338cd6cdfa099ff29f036c77d93d	10	6e13623d839e1d07
00d3338cd6cdfa099ff29f036c77d93d	20	42465251c20f7df7
00d41fe5805aef9e2e3b63e1d9497edf	0	a057271c9071c99d
00d41fe5805aef9e2e3b63e1d9497edf	2	975f7d2486f43ae4
00d41fe5805aef9e2e3b63e1d9497edf	4	c42634488727bf83
00d41fe5805aef9e2e3b63e1d9497edf	6	e2d8dd58e3c7a062
00d41fe5805aef9e2e3b63e1d9497edf	10	625d528ac2f21fc9
00d41fe5805aef9e2e3b63e1d9497edf	20	45b19ec11314ea8d
00d46b1518fddf95bc8ba424e1b5b77d	0	a057271c9071c99d
00d46b1518fddf95bc8ba424e1b5b77d	2	bd3277a6eba484fb
00d46b1518fddf95bc8ba424e1b5b77d	4	7a40e4fd2a0c109e
00d46b1518fddf95bc8ba424e1b5b77d	6	e19e8cd5e95c3a28
00d46b1518fddf95bc8ba424e1b5b77d	10	a48306ec4e23e12c
00d46b1518fddf95bc8ba424e1b5b77d	20	686da18a1a3892e4
00d5f0932042a96518b03e6fd2feaf48	0	a057271c9071c99d
00d5f0932042a96518b03e6fd2feaf48	2	7e37d69d48f8f5d9
00d5f0932042a96518b03e6fd2feaf48	4	3fb27a6ebbeb6bad
00d5f0932042a96518b03e6fd2feaf48	6	5634b5a9e1a2913e
00d5f0932042a96518b03e6fd2feaf48	10	50d0878889f1d180
00d5f0932042a96518b03e6fd2feaf48	20	867bebf05c4a4231
00d74259dcca2176f1cd561f52bc0326	0	a057271c9071c99d
00d74259dcca2176f1cd561f52bc0326	2	034f221afe364f8b
00d74259dcca2176f1cd561f52bc0326	4	0121b325326dbbb2
00d74259dcca2176f1cd561f52bc0326	6	0121b325326dbbb2
00d74259dcca2176f1cd561f52bc0326	10	0121b325326dbbb2
00d74259dcca2176f1cd561f52bc0326	20	0121b325326dbbb2
00df199d465391a52fc37b87f81a957f	0	a057271c9071c99d
00df199d465391a52fc37b87f81a957f	2	d5b2a830a1c81b0c
00df199d465391a52fc37b87f81a957f	4	b954e2ca69d7827a
00df199d465391a52fc37b87f81a957f	6	5e3f1d2661675dbe
00df199d465391a52fc37b87f81a957f	10	74983703e8af6571
00df199d465391a52fc37b87f81a957f	20	6ee581fbe517375c
00e010712b854966aa56caf9c9dc4696	0	a057271c9071c99d
00e010712b854966aa56caf9c9dc4696	2	bf344df0760b3067
00e010712b854966aa56caf9c9dc4696	4	5d613b33eec36c6c
00e010712b854966aa56caf9c9dc4696	6	24ba6f2505cf231c
00e010712b854966aa56caf9c9dc4696	10	097e7b9ea75545c3
00e010712b854966aa56caf9c9dc4696	20	519a300bdcbf1eba
00e1e5a05ed04bcb437bd7fc57a88b7f	0	a057271c9071c99d
00e1e5a05ed04bcb437bd7fc57a88b7f	2	8ccca08fa477fe43
00e1e5a05ed04bcb437bd7fc57a88b7f	4	54855e075de1fe9b
00e1e5a05ed04bcb437bd7fc57a88b7f	6	ab8bf2a89f937238
00e1e5a05ed04bcb437bd7fc57a88b7f	10	8a5eb134a8cd2364
00e1e5a05ed04bcb437bd7fc57a88b7f	20	8a5eb134a8cd2364
00e289099ea9bcef6a056a8c8ba8a3c0	0	a057271c9071c99d
00e289099ea9bcef6a056a8c8ba8a3c0	2	c3b52bb808951e7b
00e289099ea9bcef6a056a8c8ba8a3c0	4	131ec129b1a89df8
00e289099ea9bcef6a056a8c8ba8a3c0	6	f01cd4e03fca8207
00e289099ea9bcef6a056a8c8ba8a3c0	10	41412b09b49627e5
00e289099ea9bcef6a056a8c8ba8a3c0	20	a3e24703fcf0755a
00e32767bee1894beb0b71867f279d36	0	a057271c9071c99d
00e32767bee1894beb0b71867f279d36	2	f1ea9b2c694fed9f
00e32767bee1894beb0b71867f279d36	4	0c7674c85a5cc8f4
00e32767bee1894beb0b71867f279d36	6	0dfbc98f6484c76a
00e32767bee1894beb0b71867f279d36	10	87e4d001a825160a
00e32767bee1894beb0b71867f279d36	20	8226644782644200
00e45ab8a1baf16155af6e59c3df5dbb	0	a057271c9071c99d
00e45ab8a1baf16155af6e59c3df5dbb	2	b2aa029971dd0bc5
00e45ab8a1baf16155af6e59c3df5dbb	4	89316e5ca020b84a
00e45ab8a1baf16155af6e59c3df5dbb	6	d79fa7d010019a76
00e45ab8a1baf16155af6e59c3df5dbb	10	75a5b2bd1567bf45
00e45ab8a1baf16155af6e59c3df5dbb	20	9269f52fa434c233
00e5aac4701e62ae50c9f1504057fce8	0	a057271c9071c99d
00e5aac4701e62ae50c9f1504057fce8	2	1bc3b6301f055a01
00e5aac4701e62ae50c9f1504057fce8	4	2268ccee50f66bf6
00e5aac4701e62ae50c9f1504057fce8	6	80983db9865638d3
00e5aac4701e62ae50c9f1504057fce8	10	435a33726f15aa0c
00e5aac4701e62ae50c9f1504057fce8	20	a644e666d6b2f91b
00e974264f8f9048b68c983f36643115	0	a057271c9071c99d
00e974264f8f9048b68c983f36643115	2	b838a671603a126b
00e974264f8f9048b68c983f36643115	4	507c51d3eecb886f
00e974264f8f9048b68c983f36643115	6	648d8d5cc127a86d
00e974264f8f9048b68c983f36643115	10	a7237208e2f5ed17
00e974264f8f9048b68c983f36643115	20	db41122ae1c53702
00ec2992d59f85705eb8e1f4f1e01b3d	0	a057271c9071c99d
00ec2992d59f85705eb8e1f4f1e01b3d	2	361e914b66a5a22b
00ec2992d59f85705eb8e1f4f1e01b3d	4	f106fd089cc95477
00ec2992d59f85705eb8e1f4f1e01b3d	6	75a0451b6b5caf05
00ec2992d59f85705eb8e1f4f1e01b3d	10	fd1c0bfe0cb1b6dc
00ec2992d59f85705eb8e1f4f1e01b3d	20	9abcea5cab48ba02
00ecd19c442956ff9a22584fd9bf439e	0	a057271c9071c99d
00ecd19c442956ff9a22584fd9bf439e	2	2947dec509629be3
00ecd19c442956ff9a22584fd9bf439e	4	3c85200ffe970fb0
00ecd19c442956ff9a22584fd9bf439e	6	aebeefb524cdcec3
00ecd19c442956ff9a22584fd9bf439e	10	c76777491c1fc9b6
00ecd19c442956ff9a22584fd9bf439e	20	f56cc956876ecd09
00ee79ac35e86f955a633d339777cfd5	0	a057271c9071c99d
00ee79ac35e86f955a633d339777cfd5	2	cbe707fb8108f62c
00ee79ac35e86f955a633d339777cfd5	4	af3f38eacceea9b1
00ee79ac35e86f955a633d339777cfd5	6	d7dca03ebf0ba037
00ee79ac35e86f955a633d339777cfd5	10	617776f4b69f3dfe
00ee79ac35e86f955a633d339777cfd5	20	14775dc76dd12e9c
00f122e0bb11a9bf197002715699e204	0	a057271c9071c99d
00f122e0bb11a9bf197002715699e204	2	829b81101d363f71
00f122e0bb11a9bf197002715699e204	4	caa14937844f2733
00f122e0bb11a9bf197002715699e204	6	e43c1f718da768c1
00f122e0bb11a9bf197002715699e204	10	ea80942ed5f6e92e
00f122e0bb11a9bf197002715699e204	20	a4473e606f965bee
00f2eb377986e7decbc863931680a3b2	0	a057271c9071c99d
00f2eb377986e7decbc863931680a3b2	2	f27b594448b0d9c5
00f2eb377986e7decbc863931680a3b2	4	740f3e9a39347cb3
00f2eb377986e7decbc863931680a3b2	6	fbe4fc98a483c42e
00f2eb377986e7decbc863931680a3b2	10	4de5dab3d7e12475
00f2eb377986e7decbc863931680a3b2	20	894e444b513b9f05
00f4aca773e5675f35263dcd46b15bde	0	a057271c9071c99d
00f4aca773e5675f35263dcd46b15bde	2	4e61ba126462e4e0
00f4aca773e5675f35263dcd46b15bde	4	65e59a8cd197317f
00f4aca773e5675f35263dcd46b15bde	6	40ac55fc1542d07a
00f4aca773e5675f35263dcd46b15bde	10	3ef27ae25db5a4ab
00f4aca773e5675f35263dcd46b15bde	20	6560c37892141d4a
00f88a15e12e7b364077c33125a35547	0	a057271c9071c99d
00f88a15e12e7b364077c33125a35547	2	2881037a70400e98
00f88a15e12e7b364077c33125a35547	4	8818828bdd03580d
00f88a15e12e7b364077c33125a35547	6	675cb0b6b7c9b431
00f88a15e12e7b364077c33125a35547	10	220b190c483822cf
00f88a15e12e7b364077c33125a35547	20	220b190c483822cf
00f969737ba4338bd233cd3ed249bd55	0	a057271c9071c99d
00f969737ba4338bd233cd3ed249bd55	2	99b8893977d68975
00f969737ba4338bd233cd3ed249bd55	4	4748cf356e411ee5
00f969737ba4338bd233cd3ed249bd55	6	5a5da1503d9b70fd
00f969737ba4338bd233cd3ed249bd55	10	bff6aed05a24a36a
00f969737ba4338bd233cd3ed249bd55	20	bff6aed05a24a36a
00fefbd32304db604a87910d187e8365	0	a057271c9071c99d
00fefbd32304db604a87910d187e8365	2	02acb7570e574c9e
00fefbd32304db604a87910d187e8365	4	ea1a06508d0c8b37
00fefbd32304db604a87910d187e8365	6	c06241b95ba7b94f
00fefbd32304db604a87910d187e8365	10	bda804a12b5d7852
00fefbd32304db604a87910d187e8365	20	1891040d380e9978
0101d013a916d903e8e618d7db1edbb3	0	a057271c9071c99d
0101d013a916d903e8e618d7db1edbb3	2	fa0c523ea0de359a
0101d013a916d903e8e618d7db1edbb3	4	2ace42433de0d9b0
0101d013a916d903e8e618d7db1edbb3	6	f877632a1175fbdc
0101d013a916d903e8e618d7db1edbb3	10	3138edcf9c6b9c8f
0101d013a916d903e8e618d7db1edbb3	20	33f087759e6bb8de
01077fa04638a98befd66bff16f4accd	0	a057271c9071c99d
01077fa04638a98befd66bff16f4accd	2	f76c82d5fc7cb7ea
01077fa04638a98befd66bff16f4accd	4	bed0a903f167184f
01077fa04638a98befd66bff16f4accd	6	6ba8380cfbbf871b
01077fa04638a98befd66bff16f4accd	10	3448ed6962bcdc7d
01077fa04638a98befd66bff16f4accd	20	08e413f5c3d8ad2d
01079ada0aa5a4f3bf4bb131b807eb38	0	a057271c9071c99d
01079ada0aa5a4f3bf4bb131b807eb38	2	60483c64a2c03f91
01079ada0aa5a4f3bf4bb131b807eb38	4	06e9285e81341b04
01079ada0aa5a4f3bf4bb131b807eb38	6	204e80196876955b
01079ada0aa5a4f3bf4bb131b807eb38	10	efcca87cc2524615
01079ada0aa5a4f3bf4bb131b807eb38	20	eb96b68c8e79bc31
0107da33f8475f96dcaa3bd57e3cfb0f	0	a057271c9071c99d
0107da33f8475f96dcaa3bd57e3cfb0f	2	04dcdff77508faf9
0107da33f8475f96dcaa3bd57e3cfb0f	4	69c54a34a3dc896a
0107da33f8475f96dcaa3bd57e3cfb0f	6	dedb342a32950515
0107da33f8475f96dcaa3bd57e3cfb0f	10	b3aa1a28a49ab933
0107da33f8475f96dcaa3bd57e3cfb0f	20	c57de4d58439ee6d
0107f34364dfff8ab062193b2c71b4de	0	a057271c9071c99d
0107f34364dfff8ab062193b2c71b4de	2	9b3cef524ff1d2d4
0107f34364dfff8ab062193b2c71b4de	4	6d5f955b0287bb43
0107f34364dfff8ab062193b2c71b4de	6	d824e578108774d7
0107f34364dfff8ab062193b2c71b4de	10	62ede29a3651b342
0107f34364dfff8ab062193b2c71b4de	20	74212ea2131bf0a4
01092687660de604975b7e75932607b7	0	a057271c9071c99d
01092687660de604975b7e75932607b7	2	5ded72d072af2214
01092687660de604975b7e75932607b7	4	ee54e0d7e465c6bf
01092687660de604975b7e75932607b7	6	177881da2f8bf91f
01092687660de604975b7e75932607b7	10	a53f7a96571fcc46
01092687660de604975b7e75932607b7	20	6b844b6bfa78bdb8
010a035bfd273b17438896d04f47b4be	0	a057271c9071c99d
010a035bfd273b17438896d04f47b4be	2	d205297a6a509421
010a035bfd273b17438896d04f47b4be	4	832705bab8f3bba3
010a035bfd273b17438896d04f47b4be	6	c3d7d9e166c4b329
010a035bfd273b17438896d04f47b4be	10	657b43fabcf22b04
010a035bfd273b17438896d04f47b4be	20	8829108ccc2b32f9
010c2e0ca6399116d206100ca14aa880	0	a057271c9071c99d
010c2e0ca6399116d206100ca14aa880	2	458e993822d5d923
010c2e0ca6399116d206100ca14aa880	4	37efdd9b905edbec
010c2e0ca6399116d206100ca14aa880	6	9bfd283cca5375ed
010c2e0ca6399116d206100ca14aa880	10	4c76021618bc9e88
010c2e0ca6399116d206100ca14aa880	20	c37ea0fc87c7b8b9
010c9d7a6e9e6cac63f110915d9dd56e	0	a057271c9071c99d
010c9d7a6e9e6cac63f110915d9dd56e	2	fb1ad8c43539abb0
010c9d7a6e9e6cac63f110915d9dd56e	4	763c8a04567bd60b
010c9d7a6e9e6cac63f110915d9dd56e	6	4a74ffe367daefcc
010c9d7a6e9e6cac63f110915d9dd56e	10	df47ea10a0ba640f
010c9d7a6e9e6cac63f110915d9dd56e	20	df47ea10a0ba640f
010eb724ccc815100d40bcc948f9c598	0	a057271c9071c99d
010eb724ccc815100d40bcc948f9c598	2	0fb07be476040d5c
010eb724ccc815100d40bcc948f9c598	4	ff1b593fc869d941
010eb724ccc815100d40bcc948f9c598	6	ff1b593fc869d941
010eb724ccc815100d40bcc948f9c598	10	ff1b593fc869d941
010eb724ccc815100d40bcc948f9c598	20	ff1b593fc869d941
01135f7a79d555bd0406f00fac22cbe2	0	a057271c9071c99d
01135f7a79d555bd0406f00fac22cbe2	2	b96628e69019b645
01135f7a79d555bd0406f00fac22cbe2	4	cea2338f4f0485b9
01135f7a79d555bd0406f00fac22cbe2	6	1945af163261cd8c
01135f7a79d555bd0406f00fac22cbe2	10	5849e01e1f885dc7
01135f7a79d555bd0406f00fac22cbe2	20	09a63fe422833880
01136f74588604a67b5e5950a2525129	0	a057271c9071c99d
01136f74588604a67b5e5950a2525129	2	c728e512a0e49464
01136f74588604a67b5e5950a2525129	4	53eab6a277c1589a
01136f74588604a67b5e5950a2525129	6	ba262a1ba4c7c491
01136f74588604a67b5e5950a2525129	10	e5937559ec563ed8
01136f74588604a67b5e5950a2525129	20	3dbe4fc6e2ec91ca
0113bc2aba73927ba3828baab15fb8c6	0	a057271c9071c99d
0113bc2aba73927ba3828baab15fb8c6	2	09becfdfcf4b48dc
0113bc2aba73927ba3828baab15fb8c6	4	4940e16f306a4e78
0113bc2aba73927ba3828baab15fb8c6	6	198b11d72a006639
0113bc2aba73927ba3828baab15fb8c6	10	87a694a32ff8d7c2
0113bc2aba73927ba3828baab15fb8c6	20	c1e98d57cff91220
0114ad337fee86dfb02871d8a971b130	0	a057271c9071c99d
0114ad337fee86dfb02871d8a971b130	2	f1d97266c69d6928
0114ad337fee86dfb02871d8a971b130	4	65d887bebdcf6ae1
0114ad337fee86dfb02871d8a971b130	6	331da5c7f24f065e
0114ad337fee86dfb02871d8a971b130	10	dffb8729b91af8f7
0114ad337fee86dfb02871d8a971b130	20	0c748bdbf0d08f76
0119a8fe54c110d927344cd950a43671	0	a057271c9071c99d
0119a8fe54c110d927344cd950a43671	2	bc68a74fc64508c9
0119a8fe54c110d927344cd950a43671	4	dd1fd40e0ebda3d0
0119a8fe54c110d927344cd950a43671	6	9bebc9f87289c137
0119a8fe54c110d927344cd950a43671	10	1cb7287203add695
0119a8fe54c110d927344cd950a43671	20	4284b0d8947363e4
01209700b6b45ca5fda7fbcb17765db1	0	a057271c9071c99d
01209700b6b45ca5fda7fbcb17765db1	2	ec9136d1b729c8f0
01209700b6b45ca5fda7fbcb17765db1	4	2b7d2e9e3b59e423
01209700b6b45ca5fda7fbcb17765db1	6	42f2b3f25bad5406
01209700b6b45ca5fda7fbcb17765db1	10	55a0e53a9d7706da
01209700b6b45ca5fda7fbcb17765db1	20	e9158bad5859aa7c
0121f7a2adac25bb3f01fb841fdce55f	0	a057271c9071c99d
0121f7a2adac25bb3f01fb841fdce55f	2	68d00998ad228e5b
0121f7a2adac25bb3f01fb841fdce55f	4	7a1eb90aba8fe82b
0121f7a2adac25bb3f01fb841fdce55f	6	71474cd4a58f0af2
0121f7a2adac25bb3f01fb841fdce55f	10	2ab5d42b42d1552d
0121f7a2adac25bb3f01fb841fdce55f	20	2ab5d42b42d1552d
01225987412b6f8423cc68be93385f6e	0	a057271c9071c99d
01225987412b6f8423cc68be93385f6e	2	e7298dd1dfe198b8
01225987412b6f8423cc68be93385f6e	4	7f3a9a282a488e63
01225987412b6f8423cc68be93385f6e	6	cd7e44c9714bcf86
01225987412b6f8423cc68be93385f6e	10	318220121ccf46b3
01225987412b6f8423cc68be93385f6e	20	4f34ae1c1fa3828c
01243b47967a3d012ea22e993355c833	0	a057271c9071c99d
01243b47967a3d012ea22e993355c833	2	791b0f53fe0d2321
01243b47967a3d012ea22e993355c833	4	40df78304d4f98e8
01243b47967a3d012ea22e993355c833	6	a8e175565baae3c8
01243b47967a3d012ea22e993355c833	10	eacb17c0c9454061
01243b47967a3d012ea22e993355c833	20	a85ca39a2898203c
012a40c3c94a3f1701efa5e73611529c	0	a057271c9071c99d
012a40c3c94a3f1701efa5e73611529c	2	3a2011301d81aa47
012a40c3c94a3f1701efa5e73611529c	4	db47fcb251ff62aa
012a40c3c94a3f1701efa5e73611529c	6	04945ad205809804
012a40c3c94a3f1701efa5e73611529c	10	7e3b934b4242a1e5
012a40c3c94a3f1701efa5e73611529c	20	0b8bcce9987f63ad
012e56e8b23c29cb222b64bdeb523409	0	a057271c9071c99d
012e56e8b23c29cb222b64bdeb523409	2	ddde36b4d1d809d5
012e56e8b23c29cb222b64bdeb523409	4	e4ecba3434b47b95
012e56e8b23c29cb222b64bdeb523409	6	6b1eb9d5df63a14e
012e56e8b23c29cb222b64bdeb523409	10	3cb7143a456c8825
012e56e8b23c29cb222b64bdeb523409	20	e24580fed15b4139
01363e6edd7b668dcd8706534c4e1f4f	0	a057271c9071c99d
01363e6edd7b668dcd8706534c4e1f4f	2	2b149b8e67446784
01363e6edd7b668dcd8706534c4e1f4f	4	c1deb0cc3dc376b8
01363e6edd7b668dcd8706534c4e1f4f	6	237a7313ddeb4686
01363e6edd7b668dcd8706534c4e1f4f	10	bbc7526d8d8035cb
01363e6edd7b668dcd8706534c4e1f4f	20	c5a422354acef05c
0136adb99bdca756b28f8aca2bf8a1b3	0	a057271c9071c99d
0136adb99bdca756b28f8aca2bf8a1b3	2	9b380123173ec474
0136adb99bdca756b28f8aca2bf8a1b3	4	b5ddef0e874a2b40
0136adb99bdca756b28f8aca2bf8a1b3	6	93f3936e90f457ec
0136adb99bdca756b28f8aca2bf8a1b3	10	2cc58ef190d73191
0136adb99bdca756b28f8aca2bf8a1b3	20	89289039340d83cd
013a51ccada51812061ed2d6504e23a5	0	a057271c9071c99d
013a51ccada51812061ed2d6504e23a5	2	074a51781c2d52ee
013a51ccada51812061ed2d6504e23a5	4	8c2f1f7dc70fb553
013a51ccada51812061ed2d6504e23a5	6	83b988ec625b1737
013a51ccada51812061ed2d6504e23a5	10	eee7aaa0c1e3f7b5
013a51ccada51812061ed2d6504e23a5	20	01195a25178cf505
013eb6c4963e5a4724c4b34599f0bb64	0	a057271c9071c99d
013eb6c4963e5a4724c4b34599f0bb64	2	9619f566aef94e17
013eb6c4963e5a4724c4b34599f0bb64	4	3df01a8978e3488a
013eb6c4963e5a4724c4b34599f0bb64	6	91693ee91b7a7007
013eb6c4963e5a4724c4b34599f0bb64	10	43ee5cdcb1bf0eb9
013eb6c4963e5a4724c4b34599f0bb64	20	836193a20a1de189
013ed5a359706d5bc4ce7e2dac38bad8	0	a057271c9071c99d
013ed5a359706d5bc4ce7e2dac38bad8	2	482b81d425134ad2
013ed5a359706d5bc4ce7e2dac38bad8	4	20d3452fba290e04
013ed5a359706d5bc4ce7e2dac38bad8	6	2747c32272e52829
013ed5a359706d5bc4ce7e2dac38bad8	10	76740adecef507eb
013ed5a359706d5bc4ce7e2dac38bad8	20	28c4409f0b2b76e3
0141b82b3d2a411d8c2168119e2d7452	0	a057271c9071c99d
0141b82b3d2a411d8c2168119e2d7452	2	8cbd194d531f79f6
0141b82b3d2a411d8c2168119e2d7452	4	08136413dbff5e4d
0141b82b3d2a411d8c2168119e2d7452	6	efd0bb025fd9273c
0141b82b3d2a411d8c2168119e2d7452	10	db421ba6f7790ff5
0141b82b3d2a411d8c2168119e2d7452	20	3fae0c472a0ee04b
014a36afe8dfc0c7cd6098f66fb8756a	0	a057271c9071c99d
014a36afe8dfc0c7cd6098f66fb8756a	2	7efd53a1e7af916d
014a36afe8dfc0c7cd6098f66fb8756a	4	cf59a8546922bfa7
014a36afe8dfc0c7cd6098f66fb8756a	6	7fbe2e4ad900b556
014a36afe8dfc0c7cd6098f66fb8756a	10	7fbe2e4ad900b556
014a36afe8dfc0c7cd6098f66fb8756a	20	7fbe2e4ad900b556
014eb73b695be1a41c61e15ca919f0f8	0	a057271c9071c99d
014eb73b695be1a41c61e15ca919f0f8	2	ffda0b570747bb36
014eb73b695be1a41c61e15ca919f0f8	4	c73af19ac5347efe
014eb73b695be1a41c61e15ca919f0f8	6	01f04fbc79c4bde1
014eb73b695be1a41c61e15ca919f0f8	10	f1035a09c8f8ded1
014eb73b695be1a41c61e15ca919f0f8	20	d3c4ce5aabe6de51
0151782431fa0ec1f855523721c52682	0	a057271c9071c99d
0151782431fa0ec1f855523721c52682	2	1ce1b44470f81b6e
0151782431fa0ec1f855523721c52682	4	0e927b7e215b1fc5
0151782431fa0ec1f855523721c52682	6	e70a0124628a33b4
0151782431fa0ec1f855523721c52682	10	ea67e6feb0fb6cee
0151782431fa0ec1f855523721c52682	20	81cff805c49d0c25
0151bedac526ee195bc52e4134cd80e7	0	a057271c9071c99d
0151bedac526ee195bc52e4134cd80e7	2	20025c2bf2af0861
0151bedac526ee195bc52e4134cd80e7	4	05309a9cd74142e0
0151bedac526ee195bc52e4134cd80e7	6	3fe5657399174abd
0151bedac526ee195bc52e4134cd80e7	10	dcaa81df3c8df866
0151bedac526ee195bc52e4134cd80e7	20	a941c8f2b70abe57
0151ced92d88d7b46424ccf1d26d7716	0	a057271c9071c99d
0151ced92d88d7b46424ccf1d26d7716	2	6de4fe98647cca21
0151ced92d88d7b46424ccf1d26d7716	4	d68dd16eff927681
0151ced92d88d7b46424ccf1d26d7716	6	54c8d125b91daa20
0151ced92d88d7b46424ccf1d26d7716	10	a51faec8a5ad6de6
0151ced92d88d7b46424ccf1d26d7716	20	4196f62fb5d3f9b0
0152ba35c2942027426ebe4a074f5fdf	0	a057271c9071c99d
0152ba35c2942027426ebe4a074f5fdf	2	171eb767899003dc
0152ba35c2942027426ebe4a074f5fdf	4	c2b0fec2c6f763fe
0152ba35c2942027426ebe4a074f5fdf	6	a8094bf42e69f080
0152ba35c2942027426ebe4a074f5fdf	10	e73cd4f486880345
0152ba35c2942027426ebe4a074f5fdf	20	7eedc41b77d579eb
0152d286cde406747d179c36a95c2fdc	0	a057271c9071c99d
0152d286cde406747d179c36a95c2fdc	2	2cc9828422c4b6a7
0152d286cde406747d179c36a95c2fdc	4	702d28db70f78be8
0152d286cde406747d179c36a95c2fdc	6	eae5452ab62da6b9
0152d286cde406747d179c36a95c2fdc	10	3554adb16dea300e
0152d286cde406747d179c36a95c2fdc	20	7e8ded9e2261af04
0154182ac2508df34a7bf7120a368e70	0	a057271c9071c99d
0154182ac2508df34a7bf7120a368e70	2	a15f48fc3d849aa7
0154182ac2508df34a7bf7120a368e70	4	bd3646e78fbc76e0
0154182ac2508df34a7bf7120a368e70	6	a5d3760afd3d03f7
0154182ac2508df34a7bf7120a368e70	10	580027bcad8e13c6
0154182ac2508df34a7bf7120a368e70	20	dbe222f882ed05a9
015a78f0b46546a98970be8f3101443c	0	a057271c9071c99d
015a78f0b46546a98970be8f3101443c	2	b83d686c81c090ce
015a78f0b46546a98970be8f3101443c	4	faa3a3f4910de520
015a78f0b46546a98970be8f3101443c	6	4a84b4a37e1f3f4e
015a78f0b46546a98970be8f3101443c	10	d8151bb2f74abc10
015a78f0b46546a98970be8f3101443c	20	4baadcb50809ad1d
015a8c86d53869abb26f9dbe4a5f1e54	0	a057271c9071c99d
015a8c86d53869abb26f9dbe4a5f1e54	2	eb800f23cc2c57aa
015a8c86d53869abb26f9dbe4a5f1e54	4	f50a6b9e6cd32289
015a8c86d53869abb26f9dbe4a5f1e54	6	1bfece1b50546389
015a8c86d53869abb26f9dbe4a5f1e54	10	1bfece1b50546389
015a8c86d53869abb26f9dbe4a5f1e54	20	1bfece1b50546389
01653db16d6cedc27f5314d680efc055	0	a057271c9071c99d
01653db16d6cedc27f5314d680efc055	2	d858e8eb0a2445fd
01653db16d6cedc27f5314d680efc055	4	ae40df8fdd8afa54
01653db16d6cedc27f5314d680efc055	6	c91a6d9e93d4bb06
01653db16d6cedc27f5314d680efc055	10	2c29df1d6db549aa
01653db16d6cedc27f5314d680efc055	20	2c29df1d6db549aa
01657386753a1369dd286a3fee9062e4	0	a057271c9071c99d
01657386753a1369dd286a3fee9062e4	2	a1b3b4de02fd635b
01657386753a1369dd286a3fee9062e4	4	6550ba80c20f740b
01657386753a1369dd286a3fee9062e4	6	9adfdc692e778a95
01657386753a1369dd286a3fee9062e4	10	9adfdc692e778a95
01657386753a1369dd286a3fee9062e4	20	9adfdc692e778a95
01665130994f549bc94ea4b1e91111cd	0	a057271c9071c99d
01665130994f549bc94ea4b1e91111cd	2	9db9b5101841c0e5
01665130994f549bc94ea4b1e91111cd	4	3a86bc81853a4c55
01665130994f549bc94ea4b1e91111cd	6	52afb7070a61f487
01665130994f549bc94ea4b1e91111cd	10	a82177860f6c1c26
01665130994f549bc94ea4b1e91111cd	20	64fff2bc79774fa7
0167ead7da1e981805564ca981f64bea	0	a057271c9071c99d
0167ead7da1e981805564ca981f64bea	2	236ce2d0b29403b9
0167ead7da1e981805564ca981f64bea	4	275aa2626f26e0cb
0167ead7da1e981805564ca981f64bea	6	d02d24272e2cc67f
0167ead7da1e981805564ca981f64bea	10	52da2d3e6827576f
0167ead7da1e981805564ca981f64bea	20	c054db88269ec0fb
016ad2dcc5ac2bb3eb555f2a8a6e412b	0	a057271c9071c99d
016ad2dcc5ac2bb3eb555f2a8a6e412b	2	0f1f0e1a14ff5d74
016ad2dcc5ac2bb3eb555f2a8a6e412b	4	d18ee77a48133c0f
016ad2dcc5ac2bb3eb555f2a8a6e412b	6	3d0cf709fea35184
016ad2dcc5ac2bb3eb555f2a8a6e412b	10	8866389c7e53e648
016ad2dcc5ac2bb3eb555f2a8a6e412b	20	0470b67282a2373a
016c52d4105ea384ade3644ab71415c4	0	a057271c9071c99d
016c52d4105ea384ade3644ab71415c4	2	05f5dcd58fc758bf
016c52d4105ea384ade3644ab71415c4	4	266bddb13bd48fd5
016c52d4105ea384ade3644ab71415c4	6	42bc68fe8ce046d9
016c52d4105ea384ade3644ab71415c4	10	57bba629172bc7ad
016c52d4105ea384ade3644ab71415c4	20	2533eaf095bef8e6
016fa607917cff1ece5bd5c624a49491	0	a057271c9071c99d
016fa607917cff1ece5bd5c624a49491	2	b130702df6d1e01d
016fa607917cff1ece5bd5c624a49491	4	b6226b2656f51c80
016fa607917cff1ece5bd5c624a49491	6	eeaf93b2dff2d63c
016fa607917cff1ece5bd5c624a49491	10	78ca1339164fbf79
016fa607917cff1ece5bd5c624a49491	20	242cd95210c3e97b
0174593b6652936010405e3f4b6799c1	0	a057271c9071c99d
0174593b6652936010405e3f4b6799c1	2	5a0e886c1b2ccea0
0174593b6652936010405e3f4b6799c1	4	c12cb2320b4d36a9
0174593b6652936010405e3f4b6799c1	6	0e2cf31db124f982
0174593b6652936010405e3f4b6799c1	10	c83a49a4ab093b98
0174593b6652936010405e3f4b6799c1	20	1680670a8cd9ff5b
0176764afff2ea9f16a90fec9a516ed2	0	a057271c9071c99d
0176764afff2ea9f16a90fec9a516ed2	2	b23d708722a9cda0
0176764afff2ea9f16a90fec9a516ed2	4	0df0f2191ad8d25b
0176764afff2ea9f16a90fec9a516ed2	6	9b5da5a3bee17b3e
0176764afff2ea9f16a90fec9a516ed2	10	b5e64ce1708b3e74
0176764afff2ea9f16a90fec9a516ed2	20	743c2647b5733363
0177419016ca9d3abad0c15998bdf72f	0	a057271c9071c99d
0177419016ca9d3abad0c15998bdf72f	2	c107ea3c4f5f7e80
0177419016ca9d3abad0c15998bdf72f	4	77fe27db8a1ab7b6
0177419016ca9d3abad0c15998bdf72f	6	a2e24ddd59f324e4
0177419016ca9d3abad0c15998bdf72f	10	c974bc4fd9f2727e
0177419016ca9d3abad0c15998bdf72f	20	e2350306437727d1
01796eb1fc5b82e2d36e60dacb631250	0	a057271c9071c99d
01796eb1fc5b82e2d36e60dacb631250	2	f90748cacf9c4b71
01796eb1fc5b82e2d36e60dacb631250	4	d49f58f7988e8343
01796eb1fc5b82e2d36e60dacb631250	6	118b2ce6a6b7c4a5
01796eb1fc5b82e2d36e60dacb631250	10	83c6b7047ac5d2ac
01796eb1fc5b82e2d36e60dacb631250	20	c32ccfc8fe584f04
017ba03ed108f492c9293c7c95e5cae9	0	a057271c9071c99d
017ba03ed108f492c9293c7c95e5cae9	2	d58afa883c60c228
017ba03ed108f492c9293c7c95e5cae9	4	9486496b3e29ca6e
017ba03ed108f492c9293c7c95e5cae9	6	f75a74acccbf958f
017ba03ed108f492c9293c7c95e5cae9	10	f368d7ca51d0997d
017ba03ed108f492c9293c7c95e5cae9	20	6f10be428c9ddf5a
017bba0f995e6d9921253e5a59521435	0	a057271c9071c99d
017bba0f995e6d9921253e5a59521435	2	0efdd89682de5b03
017bba0f995e6d9921253e5a59521435	4	9a3750a4c0b61f8f
017bba0f995e6d9921253e5a59521435	6	667e40069461d06d
017bba0f995e6d9921253e5a59521435	10	e533ab7d98931fca
017bba0f995e6d9921253e5a59521435	20	2a3c90eec8a8bd9d
017d217fc0568c83c47f2c35bb685481	0	a057271c9071c99d
017d217fc0568c83c47f2c35bb685481	2	307a0ab0bba123e9
017d217fc0568c83c47f2c35bb685481	4	ef4b37399588b326
017d217fc0568c83c47f2c35bb685481	6	f470073bae0424e3
017d217fc0568c83c47f2c35bb685481	10	a531710fffd8cd9c
017d217fc0568c83c47f2c35bb685481	20	82d2e4a58869c55d
017fe0fa773f3213acb3fc70d12a0d5f	0	a057271c9071c99d
017fe0fa773f3213acb3fc70d12a0d5f	2	c9067afb5047c634
017fe0fa773f3213acb3fc70d12a0d5f	4	c411f94886b25302
017fe0fa773f3213acb3fc70d12a0d5f	6	0af9fe93d2d0fcfc
017fe0fa773f3213acb3fc70d12a0d5f	10	2cb30b55d2818240
017fe0fa773f3213acb3fc70d12a0d5f	20	636972e83dca1118
01813075a2ddb68ae1fc655ca003437e	0	a057271c9071c99d
01813075a2ddb68ae1fc655ca003437e	2	f7701d4e454f6f8e
01813075a2ddb68ae1fc655ca003437e	4	5cc368c933c841fb
01813075a2ddb68ae1fc655ca003437e	6	c37a7109d195fa29
01813075a2ddb68ae1fc655ca003437e	10	9a4e79ed8db236e0
01813075a2ddb68ae1fc655ca003437e	20	db5098324177a770
01843a0195183ca14246a88bf7bad482	0	a057271c9071c99d
01843a0195183ca14246a88bf7bad482	2	428b7e3be1a69f69
01843a0195183ca14246a88bf7bad482	4	abaf1cfc95ace65c
01843a0195183ca14246a88bf7bad482	6	cc55939d7b32aedd
01843a0195183ca14246a88bf7bad482	10	b515e78e5cbf0920
01843a0195183ca14246a88bf7bad482	20	ef3cad5a5a312839
0184fc46a3e15163bf4f114a2689fe5c	0	a057271c9071c99d
0184fc46a3e15163bf4f114a2689fe5c	2	bbf2bc6fc791d899
0184fc46a3e15163bf4f114a2689fe5c	4	ae439f3e0d9ba338
0184fc46a3e15163bf4f114a2689fe5c	6	ef36c8dc7712fbdb
0184fc46a3e15163bf4f114a2689fe5c	10	82eff67fd162b7bb
0184fc46a3e15163bf4f114a2689fe5c	20	4f2df0ee3420f96f
018b45eea6e1db3dc076ce5650c1b33a	0	a057271c9071c99d
018b45eea6e1db3dc076ce5650c1b33a	2	f5fe3c288efd97b6
018b45eea6e1db3dc076ce5650c1b33a	4	95377cbb9dce3892
018b45eea6e1db3dc076ce5650c1b33a	6	6202924c7fe5f25d
018b45eea6e1db3dc076ce5650c1b33a	10	b4325f57e4872d71
018b45eea6e1db3dc076ce5650c1b33a	20	3279d2dfd2314906
018baa8023b064875f9459bb4b164239	0	a057271c9071c99d
018baa8023b064875f9459bb4b164239	2	ceb0471c6fbded80
018baa8023b064875f9459bb4b164239	4	4adbb5d84c939632
018baa8023b064875f9459bb4b164239	6	24ea83147e01f112
018baa8023b064875f9459bb4b164239	10	aeff7f1620f47c7a
018baa8023b064875f9459bb4b164239	20	a67bdaeb1e8d6072
018e0d55855905e9914c4c1af52eea55	0	a057271c9071c99d
018e0d55855905e9914c4c1af52eea55	2	6575ee327e2fdf00
018e0d55855905e9914c4c1af52eea55	4	f8a85c55f33e2124
018e0d55855905e9914c4c1af52eea55	6	d80f1b8464c000ab
018e0d55855905e9914c4c1af52eea55	10	3f9899d136ec0cdd
018e0d55855905e9914c4c1af52eea55	20	ad20cefd7b5e848b
019044d2c20a2f868da3325a8392ae49	0	a057271c9071c99d
019044d2c20a2f868da3325a8392ae49	2	32852f65ff05352d
019044d2c20a2f868da3325a8392ae49	4	1c79aa9484674f20
019044d2c20a2f868da3325a8392ae49	6	9352ebdd82130d1c
019044d2c20a2f868da3325a8392ae49	10	c28a248b6aaa76cf
019044d2c20a2f868da3325a8392ae49	20	b5b43f4c7308c380
0191a0bf3412ed407ba669f8d69081ee	0	a057271c9071c99d
0191a0bf3412ed407ba669f8d69081ee	2	ff3bb61cc108b90a
0191a0bf3412ed407ba669f8d69081ee	4	4548a155355ea03c
0191a0bf3412ed407ba669f8d69081ee	6	b451cbc8c6bebcda
0191a0bf3412ed407ba669f8d69081ee	10	f648ed9954be8687
0191a0bf3412ed407ba669f8d69081ee	20	1ef907169bfcf759
019312023ae44dd892cd3f62550aea6e	0	a057271c9071c99d
019312023ae44dd892cd3f62550aea6e	2	933e95cef9fb72b2
019312023ae44dd892cd3f62550aea6e	4	1621f85d604e66ac
019312023ae44dd892cd3f62550aea6e	6	88f43339bf4287c1
019312023ae44dd892cd3f62550aea6e	10	01cda039ccf72d94
019312023ae44dd892cd3f62550aea6e	20	01cda039ccf72d94
01933666e24a4fcb6240ce46b6160380	0	a057271c9071c99d
01933666e24a4fcb6240ce46b6160380	2	8188f9d3a79f2552
01933666e24a4fcb6240ce46b6160380	4	9048111b1d0f8b2b
01933666e24a4fcb6240ce46b6160380	6	ffa113cb10ff4112
01933666e24a4fcb6240ce46b6160380	10	fd8653b41960f60a
01933666e24a4fcb6240ce46b6160380	20	fd8653b41960f60a
0193bb2b5b7c07ad179001c34a885f6c	0	a057271c9071c99d
0193bb2b5b7c07ad179001c34a885f6c	2	e7ecf3cd9e3f301f
0193bb2b5b7c07ad179001c34a885f6c	4	0847adb94953e8a1
0193bb2b5b7c07ad179001c34a885f6c	6	ecf7645391d52cae
0193bb2b5b7c07ad179001c34a885f6c	10	8e6ea99cd86e9659
0193bb2b5b7c07ad179001c34a885f6c	20	387e8e5c6d301659
01943b1d6f8e65a44e99f97da3236241	0	a057271c9071c99d
01943b1d6f8e65a44e99f97da3236241	2	579d8efb1cf6ec8e
01943b1d6f8e65a44e99f97da3236241	4	545ba3c1c45a8730
01943b1d6f8e65a44e99f97da3236241	6	be7679203e3a3a81
01943b1d6f8e65a44e99f97da3236241	10	dd9ef5c07853e4c5
01943b1d6f8e65a44e99f97da3236241	20	4740d975896d0ada
0194a15658e15953f779d436681f1199	0	a057271c9071c99d
0194a15658e15953f779d436681f1199	2	4e39de178b6c66b6
0194a15658e15953f779d436681f1199	4	e0074b80570c4557
0194a15658e15953f779d436681f1199	6	0112dc7a3341f441
0194a15658e15953f779d436681f1199	10	8dc0f6c459eb4f6b
0194a15658e15953f779d436681f1199	20	85f8d7e9cf0e95e2
01950351dd73990085d75e125b1551de	0	a057271c9071c99d
01950351dd73990085d75e125b1551de	2	0b972a7b0098a6f5
01950351dd73990085d75e125b1551de	4	b6603df34a897966
01950351dd73990085d75e125b1551de	6	8bc187fdf51731b0
01950351dd73990085d75e125b1551de	10	d53c5c99fd1d9a93
01950351dd73990085d75e125b1551de	20	4ea5224b14e6bab5
0195cb8a6b36b6e6fe6b23365828e198	0	a057271c9071c99d
0195cb8a6b36b6e6fe6b23365828e198	2	eccacbdc07f85d0b
0195cb8a6b36b6e6fe6b23365828e198	4	c6b9645147028d22
0195cb8a6b36b6e6fe6b23365828e198	6	9deda6a11a2970be
0195cb8a6b36b6e6fe6b23365828e198	10	0bb2f67100d2dc9d
0195cb8a6b36b6e6fe6b23365828e198	20	d70735de9005ae7c
01966a0fc52b2200a13f5f835275a919	0	a057271c9071c99d
01966a0fc52b2200a13f5f835275a919	2	59cc90584856b3be
01966a0fc52b2200a13f5f835275a919	4	3360c422118e32e2
01966a0fc52b2200a13f5f835275a919	6	a0a59e9a4ed7e192
01966a0fc52b2200a13f5f835275a919	10	e213ae4245d9ad91
01966a0fc52b2200a13f5f835275a919	20	e213ae4245d9ad91
01979ca4966cc363ec3caeebd8d3fc31	0	a057271c9071c99d
01979ca4966cc363ec3caeebd8d3fc31	2	e2ce4ed83e8c3eba
01979ca4966cc363ec3caeebd8d3fc31	4	2cab868e947eb80e
01979ca4966cc363ec3caeebd8d3fc31	6	360d8ea379f46c9f
01979ca4966cc363ec3caeebd8d3fc31	10	9d3d5394ac5af54b
01979ca4966cc363ec3caeebd8d3fc31	20	8c29d515f0bbc02d
019dc69c96737c3d62696c9acf3edf1b	0	a057271c9071c99d
019dc69c96737c3d62696c9acf3edf1b	2	7904869b1a540100
019dc69c96737c3d62696c9acf3edf1b	4	4b94d8ecac84a2f3
019dc69c96737c3d62696c9acf3edf1b	6	8ab4dbb9d1854a96
019dc69c96737c3d62696c9acf3edf1b	10	5ac3ebeda683a088
019dc69c96737c3d62696c9acf3edf1b	20	a72115e0ceec0614
01a160920ac2891c97339805cb3093b1	0	a057271c9071c99d
01a160920ac2891c97339805cb3093b1	2	e7552f1c1a419fe5
01a160920ac2891c97339805cb3093b1	4	b22ec3061912cb18
01a160920ac2891c97339805cb3093b1	6	f39c45fe79eaed10
01a160920ac2891c97339805cb3093b1	10	e0b400ee623c85a9
01a160920ac2891c97339805cb3093b1	20	15619d257ff1deb3
01a2e098e96522a52a76c783a5b0b587	0	a057271c9071c99d
01a2e098e96522a52a76c783a5b0b587	2	68d5211c94e59bbe
01a2e098e96522a52a76c783a5b0b587	4	724a7c4321af7ee5
01a2e098e96522a52a76c783a5b0b587	6	8141539cadcf7e79
01a2e098e96522a52a76c783a5b0b587	10	f8a1b1abc13e920f
01a2e098e96522a52a76c783a5b0b587	20	8a4732490e5081a0
01a74343f618546e9ad2a60849140317	0	a057271c9071c99d
01a74343f618546e9ad2a60849140317	2	9a647fcdc81ee827
01a74343f618546e9ad2a60849140317	4	49acd277f7b9d8d0
01a74343f618546e9ad2a60849140317	6	4df165264d5dc7e9
01a74343f618546e9ad2a60849140317	10	0e9636154b9c7525
01a74343f618546e9ad2a60849140317	20	a55e5fb99bb3a42f
01a7a38902771cf5e7f37b7e0275b0fb	0	a057271c9071c99d
01a7a38902771cf5e7f37b7e0275b0fb	2	cef23403111d035c
01a7a38902771cf5e7f37b7e0275b0fb	4	c7b86166fb233b7a
01a7a38902771cf5e7f37b7e0275b0fb	6	973f03036ff2c527
01a7a38902771cf5e7f37b7e0275b0fb	10	7a7934a2817251d8
01a7a38902771cf5e7f37b7e0275b0fb	20	5edd45039ca0c9d9
01a82297e8d8f68eeeb26329d1bf26c2	0	a057271c9071c99d
01a82297e8d8f68eeeb26329d1bf26c2	2	cfbf23052b1a2ef5
01a82297e8d8f68eeeb26329d1bf26c2	4	d4dacdf167318b50
01a82297e8d8f68eeeb26329d1bf26c2	6	aff1844ba59efa15
01a82297e8d8f68eeeb26329d1bf26c2	10	f86d3ab4e17cec03
01a82297e8d8f68eeeb26329d1bf26c2	20	4797ddf359b2674b
01af042093bf36119811b6e658e7a231	0	a057271c9071c99d
01af042093bf36119811b6e658e7a231	2	fdceec7f3faeeb28
01af042093bf36119811b6e658e7a231	4	0d8340a0c94d8561
01af042093bf36119811b6e658e7a231	6	3c9c1a99acae9273
01af042093bf36119811b6e658e7a231	10	2946b236a68daaa8
01af042093bf36119811b6e658e7a231	20	20e06fb21b0457bd
01b105afb0dcb7a28cfe775c98b6ee00	0	a057271c9071c99d
01b105afb0dcb7a28cfe775c98b6ee00	2	1e7c0a8f070da3ed
01b105afb0dcb7a28cfe775c98b6ee00	4	6ecceef8fb2b564d
01b105afb0dcb7a28cfe775c98b6ee00	6	dd5e43130d35184c
01b105afb0dcb7a28cfe775c98b6ee00	10	b6f69b55d08be662
01b105afb0dcb7a28cfe775c98b6ee00	20	3c669f70d0a045bb
01b4cb9b343aef8334f5d22e4d8f0380	0	a057271c9071c99d
01b4cb9b343aef8334f5d22e4d8f0380	2	1603ce007f1976c7
01b4cb9b343aef8334f5d22e4d8f0380	4	1a49df4370eb3584
01b4cb9b343aef8334f5d22e4d8f0380	6	0a4a8840d0d7aff1
01b4cb9b343aef8334f5d22e4d8f0380	10	b1e12d0e26c2da38
01b4cb9b343aef8334f5d22e4d8f0380	20	ceb7364d87f31897
01bc467c0134087a88cb308e5fb259ec	0	a057271c9071c99d
01bc467c0134087a88cb308e5fb259ec	2	66a469818c490b44
01bc467c0134087a88cb308e5fb259ec	4	2cfaa17e56f3c142
01bc467c0134087a88cb308e5fb259ec	6	3c1acc435ece0f3b
01bc467c0134087a88cb308e5fb259ec	10	7f5847ae4c82330d
01bc467c0134087a88cb308e5fb259ec	20	42ad5b57e25b0aa4
01bc4d75a43a8293132d0be627341207	0	a057271c9071c99d
01bc4d75a43a8293132d0be627341207	2	5bdd791ed637ea88
01bc4d75a43a8293132d0be627341207	4	e6c87eb29aed1925
01bc4d75a43a8293132d0be627341207	6	e357a9e6b06b7818
01bc4d75a43a8293132d0be627341207	10	dabc12103cc4b03a
01bc4d75a43a8293132d0be627341207	20	580a49c405d356cf
01bd0865ab694bc71d80b7d285d5777d	0	a057271c9071c99d
01bd0865ab694bc71d80b7d285d5777d	2	0d1be02941bb7bae
01bd0865ab694bc71d80b7d285d5777d	4	b7eb88b3da5df83f
01bd0865ab694bc71d80b7d285d5777d	6	f88f9228e97ceefc
01bd0865ab694bc71d80b7d285d5777d	10	f0016400400a8cbd
01bd0865ab694bc71d80b7d285d5777d	20	8f4291ccb7b3ccbe
01c09bcfbd1f9c2cf781d37abdfc7473	0	a057271c9071c99d
01c09bcfbd1f9c2cf781d37abdfc7473	2	1b2ad266f4f4d55e
01c09bcfbd1f9c2cf781d37abdfc7473	4	93cf0d5199ef43a7
01c09bcfbd1f9c2cf781d37abdfc7473	6	20a23b03890164d2
01c09bcfbd1f9c2cf781d37abdfc7473	10	600a700ca863e842
01c09bcfbd1f9c2cf781d37abdfc7473	20	2d89b434d07268cb
01c48559d4870a5f3216291060fbeb39	0	a057271c9071c99d
01c48559d4870a5f3216291060fbeb39	2	b4b2697bbb873c08
01c48559d4870a5f3216291060fbeb39	4	1e1165555bb0d5c8
01c48559d4870a5f3216291060fbeb39	6	fcc9f6b5588828d2
01c48559d4870a5f3216291060fbeb39	10	6c2e31ebec154e01
01c48559d4870a5f3216291060fbeb39	20	925f10b8054148a3
01c64036a1e08f96e79e92d72cb8626c	0	a057271c9071c99d
01c64036a1e08f96e79e92d72cb8626c	2	3e98c593e93d2a1e
01c64036a1e08f96e79e92d72cb8626c	4	1a73f5ef2c44f16d
01c64036a1e08f96e79e92d72cb8626c	6	bd8b3d3b65036131
01c64036a1e08f96e79e92d72cb8626c	10	000754b34c08371b
01c64036a1e08f96e79e92d72cb8626c	20	a8e76cc19b6fef0f
01cced75cb378574bc849f76e909c94f	0	a057271c9071c99d
01cced75cb378574bc849f76e909c94f	2	5098d73b5ca82897
01cced75cb378574bc849f76e909c94f	4	812f7506c1967490
01cced75cb378574bc849f76e909c94f	6	18e01d199211e946
01cced75cb378574bc849f76e909c94f	10	b343c519097a6e11
01cced75cb378574bc849f76e909c94f	20	d650a9cbd7183879
01cf0326d2ab46b71fe4e2eac97b2b18	0	a057271c9071c99d
01cf0326d2ab46b71fe4e2eac97b2b18	2	8332a5cc219312b6
01cf0326d2ab46b71fe4e2eac97b2b18	4	4d14bae881ef2b0a
01cf0326d2ab46b71fe4e2eac97b2b18	6	152956ea1f247936
01cf0326d2ab46b71fe4e2eac97b2b18	10	4f1526a0f28c959b
01cf0326d2ab46b71fe4e2eac97b2b18	20	4f1526a0f28c959b
01d037bf22a943430790eedd667f415e	0	a057271c9071c99d
01d037bf22a943430790eedd667f415e	2	f878e4deb9cfa23c
01d037bf22a943430790eedd667f415e	4	fdfd52ae542b5c21
01d037bf22a943430790eedd667f415e	6	c9cd61960352c68b
01d037bf22a943430790eedd667f415e	10	4688645656957a6b
01d037bf22a943430790eedd667f415e	20	039741efd6621544
01d12e6a44b845def1455663b490d7cc	0	a057271c9071c99d
01d12e6a44b845def1455663b490d7cc	2	122b4d0be9a1e5e8
01d12e6a44b845def1455663b490d7cc	4	16c11b3d1d2e837a
01d12e6a44b845def1455663b490d7cc	6	4baf732ddd49c0a8
01d12e6a44b845def1455663b490d7cc	10	4baf732ddd49c0a8
01d12e6a44b845def1455663b490d7cc	20	4baf732ddd49c0a8
01d142c43f3ce9a8c5ef7a1ecdbb6cba	0	a057271c9071c99d
01d142c43f3ce9a8c5ef7a1ecdbb6cba	2	d827ff2657f21615
01d142c43f3ce9a8c5ef7a1ecdbb6cba	4	870c094fd0ff7435
01d142c43f3ce9a8c5ef7a1ecdbb6cba	6	c84e79064fcd63f3
01d142c43f3ce9a8c5ef7a1ecdbb6cba	10	ece5d602362c24fa
01d142c43f3ce9a8c5ef7a1ecdbb6cba	20	475e927c506d1c2e
01d494c2afa4960a236bf8412e2bd08a	0	a057271c9071c99d
01d494c2afa4960a236bf8412e2bd08a	2	cdfa91d216617b57
01d494c2afa4960a236bf8412e2bd08a	4	de259656282f781f
01d494c2afa4960a236bf8412e2bd08a	6	3d1a4a1a70c065fb
01d494c2afa4960a236bf8412e2bd08a	10	c83c0c1381b8f44b
01d494c2afa4960a236bf8412e2bd08a	20	1443ece3e42af753
01d55a3ba267f6b2a2911c9239f2bd31	0	a057271c9071c99d
01d55a3ba267f6b2a2911c9239f2bd31	2	5ab8b3c2e42158d4
01d55a3ba267f6b2a2911c9239f2bd31	4	27ea1a874187d531
01d55a3ba267f6b2a2911c9239f2bd31	6	2b7ee9d39f378868
01d55a3ba267f6b2a2911c9239f2bd31	10	3291f5eaa7c6c0b3
01d55a3ba267f6b2a2911c9239f2bd31	20	bbd1bfdf906b93de
01d7029fd605b0f8aa31ce2260b9f874	0	a057271c9071c99d
01d7029fd605b0f8aa31ce2260b9f874	2	435daaa5f74f6785
01d7029fd605b0f8aa31ce2260b9f874	4	b5ded17ecb917c24
01d7029fd605b0f8aa31ce2260b9f874	6	4843b9b8f69f6d90
01d7029fd605b0f8aa31ce2260b9f874	10	e0612cec16068d86
01d7029fd605b0f8aa31ce2260b9f874	20	27cfd96a76d75e6f
01da0d23a7273b00c0252c1ca964444f	0	a057271c9071c99d
01da0d23a7273b00c0252c1ca964444f	2	7d5536d56c58f8a6
01da0d23a7273b00c0252c1ca964444f	4	9aa6792aa3563f9e
01da0d23a7273b00c0252c1ca964444f	6	9aa6792aa3563f9e
01da0d23a7273b00c0252c1ca964444f	10	9aa6792aa3563f9e
01da0d23a7273b00c0252c1ca964444f	20	9aa6792aa3563f9e
01db0170c4c634550cc710a645093cfb	0	a057271c9071c99d
01db0170c4c634550cc710a645093cfb	2	c6dceb9564beca4c
01db0170c4c634550cc710a645093cfb	4	c491c6bf30fed03b
01db0170c4c634550cc710a645093cfb	6	a734e9f8f355c48b
01db0170c4c634550cc710a645093cfb	10	a734e9f8f355c48b
01db0170c4c634550cc710a645093cfb	20	a734e9f8f355c48b
01dd5feb463fa80f73809718f6ff735b	0	a057271c9071c99d
01dd5feb463fa80f73809718f6ff735b	2	8f1dea450e56a595
01dd5feb463fa80f73809718f6ff735b	4	aca39f8355e38a93
01dd5feb463fa80f73809718f6ff735b	6	22b77793bc45cd32
01dd5feb463fa80f73809718f6ff735b	10	0735873cf546a7ac
01dd5feb463fa80f73809718f6ff735b	20	689da407ed64092f
01df60e0a1690421fa6d8e73358af751	0	a057271c9071c99d
01df60e0a1690421fa6d8e73358af751	2	9f64e894257a34ec
01df60e0a1690421fa6d8e73358af751	4	edf37f855941df6f
01df60e0a1690421fa6d8e73358af751	6	f3170570510975a7
01df60e0a1690421fa6d8e73358af751	10	e7e8500074a1511a
01df60e0a1690421fa6d8e73358af751	20	545ff8fc6eb07a49
01e407c1be777e7a6bff6f69c871191e	0	a057271c9071c99d
01e407c1be777e7a6bff6f69c871191e	2	58f52c2b151c6b20
01e407c1be777e7a6bff6f69c871191e	4	1f0bb1453cf98f30
01e407c1be777e7a6bff6f69c871191e	6	1accfabaff3f64b3
01e407c1be777e7a6bff6f69c871191e	10	69e5ba27c35485f7
01e407c1be777e7a6bff6f69c871191e	20	02383d2aea5c18b0
01e457295031b531787c8f092a9487f1	0	a057271c9071c99d
01e457295031b531787c8f092a9487f1	2	c5c85b822d7abacc
01e457295031b531787c8f092a9487f1	4	3269ed2dbf7b7598
01e457295031b531787c8f092a9487f1	6	d66c444fb0a23ed7
01e457295031b531787c8f092a9487f1	10	60c78fffe36149fb
01e457295031b531787c8f092a9487f1	20	3b1b48aaa6a37271
01e460fb1710367a663ab3f7274270db	0	a057271c9071c99d
01e460fb1710367a663ab3f7274270db	2	44f9928d40fa0375
01e460fb1710367a663ab3f7274270db	4	3774efd00e28628f
01e460fb1710367a663ab3f7274270db	6	a8ed7a605165c4dc
01e460fb1710367a663ab3f7274270db	10	84251257d6075d0c
01e460fb1710367a663ab3f7274270db	20	c8e418f36e5e3f85
01e6b02d61a5105f4cc4d1275e4ee626	0	a057271c9071c99d
01e6b02d61a5105f4cc4d1275e4ee626	2	5aa25ea98ad2de0f
01e6b02d61a5105f4cc4d1275e4ee626	4	00a82c6be58e0752
01e6b02d61a5105f4cc4d1275e4ee626	6	f6e2134554952a34
01e6b02d61a5105f4cc4d1275e4ee626	10	f6e2134554952a34
01e6b02d61a5105f4cc4d1275e4ee626	20	f6e2134554952a34
01e7e51d745a9ffd5d8c0d4be157a6ea	0	a057271c9071c99d
01e7e51d745a9ffd5d8c0d4be157a6ea	2	27f75b379cd1e289
01e7e51d745a9ffd5d8c0d4be157a6ea	4	b3db43f7ec99f79a
01e7e51d745a9ffd5d8c0d4be157a6ea	6	56ccede822211ac2
01e7e51d745a9ffd5d8c0d4be157a6ea	10	bb993f258a41e208
01e7e51d745a9ffd5d8c0d4be157a6ea	20	8eaa5df105ba94af
01efd93e498fa0aa8b15a225c0222824	0	a057271c9071c99d
01efd93e498fa0aa8b15a225c0222824	2	5a28c3e856e874e0
01efd93e498fa0aa8b15a225c0222824	4	6566e0db30aa0a09
01efd93e498fa0aa8b15a225c0222824	6	07d1507dfcb1c4fe
01efd93e498fa0aa8b15a225c0222824	10	0dfc1b9c7bedfb16
01efd93e498fa0aa8b15a225c0222824	20	8b456115a5984da2
01f6f378126fba702bfdca976b9ae406	0	a057271c9071c99d
01f6f378126fba702bfdca976b9ae406	2	c21c201b40e92954
01f6f378126fba702bfdca976b9ae406	4	fd67f939e661cd43
01f6f378126fba702bfdca976b9ae406	6	7e7c7cb53d02b49e
01f6f378126fba702bfdca976b9ae406	10	b2bf8d106f494287
01f6f378126fba702bfdca976b9ae406	20	78a0c88dc00985a4
01fb606163f23f52d676aa4f46b4381a	0	a057271c9071c99d
01fb606163f23f52d676aa4f46b4381a	2	8c93a39c43c1378c
01fb606163f23f52d676aa4f46b4381a	4	c85bc873a0757ee0
01fb606163f23f52d676aa4f46b4381a	6	a66c92ddffa6ff04
01fb606163f23f52d676aa4f46b4381a	10	4cfc9a69b5310330
01fb606163f23f52d676aa4f46b4381a	20	16abc8c1f0cf37ec
02009b14e291072e12a5b27dffdf5a7b	0	a057271c9071c99d
02009b14e291072e12a5b27dffdf5a7b	2	e2e9bab08eb958e8
02009b14e291072e12a5b27dffdf5a7b	4	6e0293e66257dd82
02009b14e291072e12a5b27dffdf5a7b	6	5eaf186ccbc52822
02009b14e291072e12a5b27dffdf5a7b	10	26f0ed8b60857f00
02009b14e291072e12a5b27dffdf5a7b	20	d249b074435db9c9
0202cc5d16223bceb61e66cc4d7168f7	0	a057271c9071c99d
0202cc5d16223bceb61e66cc4d7168f7	2	a82350dc80f22625
0202cc5d16223bceb61e66cc4d7168f7	4	89a3b8abbdec94fe
0202cc5d16223bceb61e66cc4d7168f7	6	826e3cd8564d8014
0202cc5d16223bceb61e66cc4d7168f7	10	6e350dccd8ffa1c6
0202cc5d16223bceb61e66cc4d7168f7	20	056e41c9d2e705bf
0202d973562cc1efd380b93faf711df3	0	a057271c9071c99d
0202d973562cc1efd380b93faf711df3	2	4eafd07c0ef1c091
0202d973562cc1efd380b93faf711df3	4	4f667ef13af9d31e
0202d973562cc1efd380b93faf711df3	6	79fbb02276b1d5c0
0202d973562cc1efd380b93faf711df3	10	f87ec9a1f2a1245d
0202d973562cc1efd380b93faf711df3	20	86f8e9a59abcde3c
02039a75cd47093fce9f1af3ab61a5e8	0	a057271c9071c99d
02039a75cd47093fce9f1af3ab61a5e8	2	d10933daaa9ce520
02039a75cd47093fce9f1af3ab61a5e8	4	389ed96ca5c3dca5
02039a75cd47093fce9f1af3ab61a5e8	6	4088c055544ea741
02039a75cd47093fce9f1af3ab61a5e8	10	5bccb0390c238380
02039a75cd47093fce9f1af3ab61a5e8	20	f4f29dc7d611d5eb
0205c97b33f228ca830b36156eae9bc9	0	a057271c9071c99d
0205c97b33f228ca830b36156eae9bc9	2	33702f19b3b6a230
0205c97b33f228ca830b36156eae9bc9	4	271c2df9bff86c1a
0205c97b33f228ca830b36156eae9bc9	6	2891b153cb84a1c4
0205c97b33f228ca830b36156eae9bc9	10	8e4f89eafed568de
0205c97b33f228ca830b36156eae9bc9	20	8e4f89eafed568de
0205e0724a8a912dde9ad7dfba2aee0b	0	a057271c9071c99d
0205e0724a8a912dde9ad7dfba2aee0b	2	a86cf2e513bb63e8
0205e0724a8a912dde9ad7dfba2aee0b	4	3eedc1e3a7b76f8b
0205e0724a8a912dde9ad7dfba2aee0b	6	e93084ad6011b256
0205e0724a8a912dde9ad7dfba2aee0b	10	d7d4db4218212863
0205e0724a8a912dde9ad7dfba2aee0b	20	5257d6d588eee003
02066c116dbacc40ec5cca2067db26c0	0	a057271c9071c99d
02066c116dbacc40ec5cca2067db26c0	2	1199163d538b71ca
02066c116dbacc40ec5cca2067db26c0	4	f819339bd7b69aa2
02066c116dbacc40ec5cca2067db26c0	6	87138a50cb7370f3
02066c116dbacc40ec5cca2067db26c0	10	6cb37576a3f66aa1
02066c116dbacc40ec5cca2067db26c0	20	4f00cbce1c91e06a
020bb8e3ad83c3e377648b6103c6fb4a	0	a057271c9071c99d
020bb8e3ad83c3e377648b6103c6fb4a	2	38db232bbab358ca
020bb8e3ad83c3e377648b6103c6fb4a	4	d825dd3251dac136
020bb8e3ad83c3e377648b6103c6fb4a	6	a14f77d2532d3d07
020bb8e3ad83c3e377648b6103c6fb4a	10	0b318c0e21f14ef8
020bb8e3ad83c3e377648b6103c6fb4a	20	5b1ee8102dc811b5
020c63aa1ae5c6fe7aeb8e2fbef99a3c	0	a057271c9071c99d
020c63aa1ae5c6fe7aeb8e2fbef99a3c	2	d9b25a1dbd883b5c
020c63aa1ae5c6fe7aeb8e2fbef99a3c	4	63b040df07467299
020c63aa1ae5c6fe7aeb8e2fbef99a3c	6	6c2649b259f56f0a
020c63aa1ae5c6fe7aeb8e2fbef99a3c	10	f59caf064a561f9a
020c63aa1ae5c6fe7aeb8e2fbef99a3c	20	cd28bf1db077ec84
021331d523ad3092616ff99cf0c6c355	0	a057271c9071c99d
021331d523ad3092616ff99cf0c6c355	2	7a0512ad63663fa1
021331d523ad3092616ff99cf0c6c355	4	4aa6715902b20abf
021331d523ad3092616ff99cf0c6c355	6	f016cb7386f8113a
021331d523ad3092616ff99cf0c6c355	10	97a940c609ab4bf1
021331d523ad3092616ff99cf0c6c355	20	76765a6c07cdaecf
021686368317a35103f1f671f783d958	0	a057271c9071c99d
021686368317a35103f1f671f783d958	2	882c4fb0b5bb3ca8
021686368317a35103f1f671f783d958	4	32561fecc128be02
021686368317a35103f1f671f783d958	6	ede623554cace632
021686368317a35103f1f671f783d958	10	7e9f3b01e1596970
021686368317a35103f1f671f783d958	20	513be999c726c301
0216f9d35f2b695b904fffb312e3e611	0	a057271c9071c99d
0216f9d35f2b695b904fffb312e3e611	2	c91ccbfa6e07690f
0216f9d35f2b695b904fffb312e3e611	4	05ded487a43ec5f3
0216f9d35f2b695b904fffb312e3e611	6	06b9abf3aa7fc61a
0216f9d35f2b695b904fffb312e3e611	10	dcaa9b583e74582a
0216f9d35f2b695b904fffb312e3e611	20	81056c5f82fee7fd
02189c82c0395b9968ecb32895bc73c2	0	a057271c9071c99d
02189c82c0395b9968ecb32895bc73c2	2	baae3209a765eb71
02189c82c0395b9968ecb32895bc73c2	4	bbb88f7c8023bd23
02189c82c0395b9968ecb32895bc73c2	6	1e97f861927955f7
02189c82c0395b9968ecb32895bc73c2	10	1e97f861927955f7
02189c82c0395b9968ecb32895bc73c2	20	1e97f861927955f7
02197ec055ea06c347bf1c6ceb6facf7	0	a057271c9071c99d
02197ec055ea06c347bf1c6ceb6facf7	2	ebec8551942045f2
02197ec055ea06c347bf1c6ceb6facf7	4	1657e6470b880f77
02197ec055ea06c347bf1c6ceb6facf7	6	9103fb1a0e886201
02197ec055ea06c347bf1c6ceb6facf7	10	26f0292b8e7e16b1
02197ec055ea06c347bf1c6ceb6facf7	20	faa5322f57530cdc
02223564bd2f5c20768e63cf28c785e3	0	a057271c9071c99d
02223564bd2f5c20768e63cf28c785e3	2	f719f4a23d6c25d0
02223564bd2f5c20768e63cf28c785e3	4	36f5fa561330168a
02223564bd2f5c20768e63cf28c785e3	6	b94e8edb9a7ee206
02223564bd2f5c20768e63cf28c785e3	10	ec06c5adcfd1bdee
02223564bd2f5c20768e63cf28c785e3	20	99d39f6bc8072ca3
02257f12aa71e6622d2bf4d0f7111ebf	0	a057271c9071c99d
02257f12aa71e6622d2bf4d0f7111ebf	2	92517b3d30731671
02257f12aa71e6622d2bf4d0f7111ebf	4	ba476d4d8bd22af6
02257f12aa71e6622d2bf4d0f7111ebf	6	4478325df1ecf30b
02257f12aa71e6622d2bf4d0f7111ebf	10	44f0a1a1edf33c70
02257f12aa71e6622d2bf4d0f7111ebf	20	e6daf885fa008713
0225fa9581c622e5abbc8497a97edf4e	0	a057271c9071c99d
0225fa9581c622e5abbc8497a97edf4e	2	cf05537643a868b8
0225fa9581c622e5abbc8497a97edf4e	4	fb16d108b3e0f293
0225fa9581c622e5abbc8497a97edf4e	6	cc279de67b39fc31
0225fa9581c622e5abbc8497a97edf4e	10	e52af1974aa2bbfb
0225fa9581c622e5abbc8497a97edf4e	20	e52af1974aa2bbfb
0227c865edaeda75e13eea36d57b7eed	0	a057271c9071c99d
0227c865edaeda75e13eea36d57b7eed	2	c7de5517468bbcfe
0227c865edaeda75e13eea36d57b7eed	4	4865912d1efb37d4
0227c865edaeda75e13eea36d57b7eed	6	1eeee800a1c11dfc
0227c865edaeda75e13eea36d57b7eed	10	e4f762c89d38c7a3
0227c865edaeda75e13eea36d57b7eed	20	a1040d72a154ab51
022b841952d37f0d6a0d050c9b4b0071	0	a057271c9071c99d
022b841952d37f0d6a0d050c9b4b0071	2	b601cb23d0f439fa
022b841952d37f0d6a0d050c9b4b0071	4	59b47e82d6c1e603
022b841952d37f0d6a0d050c9b4b0071	6	a2dab5897f230bd4
022b841952d37f0d6a0d050c9b4b0071	10	5d1abd15e99a13b2
022b841952d37f0d6a0d050c9b4b0071	20	da9f2095500fb666
022d902dc901cc9dbcb9e9af8b6728e2	0	a057271c9071c99d
022d902dc901cc9dbcb9e9af8b6728e2	2	300a84cddcc44a7b
022d902dc901cc9dbcb9e9af8b6728e2	4	27615e9f3cce3feb
022d902dc901cc9dbcb9e9af8b6728e2	6	d107d4358582f4ff
022d902dc901cc9dbcb9e9af8b6728e2	10	712d788739a38bc1
022d902dc901cc9dbcb9e9af8b6728e2	20	c24c197c99eb715d
022d99ed11a6bbad03a8d07be558411b	0	a057271c9071c99d
022d99ed11a6bbad03a8d07be558411b	2	28bd63dd7eacfd6e
022d99ed11a6bbad03a8d07be558411b	4	81f9f84e84f0a4f7
022d99ed11a6bbad03a8d07be558411b	6	eb872b003f464a60
022d99ed11a6bbad03a8d07be558411b	10	9dc7f1542222a6ee
022d99ed11a6bbad03a8d07be558411b	20	3ffab9e4532c645e
022dc7e9935f3570c088db58bd84b2c6	0	a057271c9071c99d
022dc7e9935f3570c088db58bd84b2c6	2	2df68c5bc4bdc516
022dc7e9935f3570c088db58bd84b2c6	4	ec12dd76eb76c295
022dc7e9935f3570c088db58bd84b2c6	6	8121c471edb1cdd2
022dc7e9935f3570c088db58bd84b2c6	10	0922fbc35d039465
022dc7e9935f3570c088db58bd84b2c6	20	2d0b4d8c0dd72802
022e05157f3057a9888a85eb94a26d3a	0	a057271c9071c99d
022e05157f3057a9888a85eb94a26d3a	2	85ee995c012f55f4
022e05157f3057a9888a85eb94a26d3a	4	534d8280d3edc39f
022e05157f3057a9888a85eb94a26d3a	6	456c55a063eebfaa
022e05157f3057a9888a85eb94a26d3a	10	c8d91c24546ae73e
022e05157f3057a9888a85eb94a26d3a	20	18ac675033834c69
022fd6b1d5a66e11de5fdb58d51db99c	0	a057271c9071c99d
022fd6b1d5a66e11de5fdb58d51db99c	2	6dff89d99fea6713
022fd6b1d5a66e11de5fdb58d51db99c	4	409fe8b8a5d92f41
022fd6b1d5a66e11de5fdb58d51db99c	6	61514e4ef67d0984
022fd6b1d5a66e11de5fdb58d51db99c	10	3bab36252517d6b8
022fd6b1d5a66e11de5fdb58d51db99c	20	3bab36252517d6b8
0230774d18baa0fb8e3267dcac0014f3	0	a057271c9071c99d
0230774d18baa0fb8e3267dcac0014f3	2	bb6ac53c02eba054
0230774d18baa0fb8e3267dcac0014f3	4	78cdddb786683aa3
0230774d18baa0fb8e3267dcac0014f3	6	ef159d7ee86a7d86
0230774d18baa0fb8e3267dcac0014f3	10	f264c2c128106da0
0230774d18baa0fb8e3267dcac0014f3	20	5c60e74d71e80833
0232a4f59601e7a78fa29e06d5091764	0	a057271c9071c99d
0232a4f59601e7a78fa29e06d5091764	2	0113fc2bd9c6e957
0232a4f59601e7a78fa29e06d5091764	4	fa9bfcd87a841829
0232a4f59601e7a78fa29e06d5091764	6	fb896875af67659a
0232a4f59601e7a78fa29e06d5091764	10	cafe614ff743ec6e
0232a4f59601e7a78fa29e06d5091764	20	66e33c051d044d77
02393be00525d205cbe0b6ca8ed22f48	0	a057271c9071c99d
02393be00525d205cbe0b6ca8ed22f48	2	2dd6d09d26f05560
02393be00525d205cbe0b6ca8ed22f48	4	d5578804f594d0ee
02393be00525d205cbe0b6ca8ed22f48	6	88e32edd63fd1271
02393be00525d205cbe0b6ca8ed22f48	10	b36a8bf7b5e18c07
02393be00525d205cbe0b6ca8ed22f48	20	d5ddfed1bf557caf
023e522c9160d4d1584c5ce1a6ce48d1	0	a057271c9071c99d
023e522c9160d4d1584c5ce1a6ce48d1	2	74737cf0bf823dcb
023e522c9160d4d1584c5ce1a6ce48d1	4	d554e3d18ea083e1
023e522c9160d4d1584c5ce1a6ce48d1	6	4f9b1c947c91999d
023e522c9160d4d1584c5ce1a6ce48d1	10	6951c0cd8c33728d
023e522c9160d4d1584c5ce1a6ce48d1	20	3f044bdccf38cb88
02404a08ea36dd43362bbddc578c839d	0	a057271c9071c99d
02404a08ea36dd43362bbddc578c839d	2	effaf31a49d6ddae
02404a08ea36dd43362bbddc578c839d	4	4bc8dbf325e602ee
02404a08ea36dd43362bbddc578c839d	6	8dfcd4dce1788b28
02404a08ea36dd43362bbddc578c839d	10	d7b353ba28f367fc
02404a08ea36dd43362bbddc578c839d	20	ae9659004ba56177
0240f5bddc39ad2f0a786c811fc434a8	0	a057271c9071c99d
0240f5bddc39ad2f0a786c811fc434a8	2	86149e0666c2d3a0
0240f5bddc39ad2f0a786c811fc434a8	4	dd08f21094676412
0240f5bddc39ad2f0a786c811fc434a8	6	3b9b04aa4b2d191e
0240f5bddc39ad2f0a786c811fc434a8	10	6689ee65530ede90
0240f5bddc39ad2f0a786c811fc434a8	20	1c570e827feaed69
0241f35c5752768d2b0580533d143a14	0	a057271c9071c99d
0241f35c5752768d2b0580533d143a14	2	18f9f3f7d2a97115
0241f35c5752768d2b0580533d143a14	4	f8b9ee55abeee354
0241f35c5752768d2b0580533d143a14	6	ea06ee0ffa1a6004
0241f35c5752768d2b0580533d143a14	10	9b954c00ec33b2a7
0241f35c5752768d2b0580533d143a14	20	8fd82d3b31902ea2
0246c609c3a0f893028313b2291dac7c	0	a057271c9071c99d
0246c609c3a0f893028313b2291dac7c	2	30cb21bddf8a1cd5
0246c609c3a0f893028313b2291dac7c	4	77bcce8f0e401b04
0246c609c3a0f893028313b2291dac7c	6	7baf3640c274de3e
0246c609c3a0f893028313b2291dac7c	10	a14d7a97ae39d6df
0246c609c3a0f893028313b2291dac7c	20	738a458643f001fe
024750eb1d45dbe3c081ff3372fff5be	0	a057271c9071c99d
024750eb1d45dbe3c081ff3372fff5be	2	bdf7ad46e1affaa4
024750eb1d45dbe3c081ff3372fff5be	4	8c582551d1fd9c0c
024750eb1d45dbe3c081ff3372fff5be	6	24a22b3042cddfce
024750eb1d45dbe3c081ff3372fff5be	10	4e5095fc1559f5d6
024750eb1d45dbe3c081ff3372fff5be	20	b69288679a454273
024af9416f8c1dad1b4f974757e38d51	0	a057271c9071c99d
024af9416f8c1dad1b4f974757e38d51	2	fc09813870a80a76
024af9416f8c1dad1b4f974757e38d51	4	ee414b332811ef70
024af9416f8c1dad1b4f974757e38d51	6	e06bc5825c749c1c
024af9416f8c1dad1b4f974757e38d51	10	f8ffd9d80cf02cdf
024af9416f8c1dad1b4f974757e38d51	20	772f705edc7e542f
024bff5f92c610e530b3756f2ccb037d	0	a057271c9071c99d
024bff5f92c610e530b3756f2ccb037d	2	03631654e2b9ed8a
024bff5f92c610e530b3756f2ccb037d	4	9fbc875165b6b36a
024bff5f92c610e530b3756f2ccb037d	6	6ea41fda3d794ba5
024bff5f92c610e530b3756f2ccb037d	10	e8405774dc5526a4
024bff5f92c610e530b3756f2ccb037d	20	31809ff2505335bc
024d71cebfe2f5c3b574e2482b2c7b66	0	a057271c9071c99d
024d71cebfe2f5c3b574e2482b2c7b66	2	b750dfb47f0df359
024d71cebfe2f5c3b574e2482b2c7b66	4	c0decb61c43fea23
024d71cebfe2f5c3b574e2482b2c7b66	6	f151b77829b737ed
024d71cebfe2f5c3b574e2482b2c7b66	10	8313744cf89cf78d
024d71cebfe2f5c3b574e2482b2c7b66	20	9a70b40e55b0bdd6
024ea469a7c368eadf441544cae9f90c	0	a057271c9071c99d
024ea469a7c368eadf441544cae9f90c	2	be691c2f4ccf6328
024ea469a7c368eadf441544cae9f90c	4	9d2020f39d69856e
024ea469a7c368eadf441544cae9f90c	6	63a4ca6ee1b114a4
024ea469a7c368eadf441544cae9f90c	10	476c5195a1f7d4c3
024ea469a7c368eadf441544cae9f90c	20	848d4c11ac39c981
02505bcdae17368b0b44efe673160eda	0	a057271c9071c99d
02505bcdae17368b0b44efe673160eda	2	fbbc386f3a8e5bef
02505bcdae17368b0b44efe673160eda	4	cbb14c892b718867
02505bcdae17368b0b44efe673160eda	6	61ed54bca05e04dd
02505bcdae17368b0b44efe673160eda	10	6d014e024d4584fa
02505bcdae17368b0b44efe673160eda	20	8bceaff5f7e07c3b
0257941d88a81ef2839a94587d03e87f	0	a057271c9071c99d
0257941d88a81ef2839a94587d03e87f	2	f5dcc6b5171f15ec
0257941d88a81ef2839a94587d03e87f	4	103ff630c1a62872
0257941d88a81ef2839a94587d03e87f	6	3671e0b7d3871dd7
0257941d88a81ef2839a94587d03e87f	10	02bcfef0b4bd0af7
0257941d88a81ef2839a94587d03e87f	20	c4af16e0e9c25f00
025890af6c6f91ea4e405dbccab6be90	0	a057271c9071c99d
025890af6c6f91ea4e405dbccab6be90	2	7175b7595eca5314
025890af6c6f91ea4e405dbccab6be90	4	6aaabb6985fdaa62
025890af6c6f91ea4e405dbccab6be90	6	450f8d7fe2dec758
025890af6c6f91ea4e405dbccab6be90	10	502cdfa4b68bf133
025890af6c6f91ea4e405dbccab6be90	20	ff08769db40de61c
025b05bcc900fa8e2675ba23c6e6d454	0	a057271c9071c99d
025b05bcc900fa8e2675ba23c6e6d454	2	ebb8738c3526d41b
025b05bcc900fa8e2675ba23c6e6d454	4	73778043def7118b
025b05bcc900fa8e2675ba23c6e6d454	6	0e53c4c797dee4fb
025b05bcc900fa8e2675ba23c6e6d454	10	b5d5683c316580c0
025b05bcc900fa8e2675ba23c6e6d454	20	b5d5683c316580c0
025b4355cf82995a0c901b109bb2be55	0	a057271c9071c99d
025b4355cf82995a0c901b109bb2be55	2	fb9a6417d89f78a3
025b4355cf82995a0c901b109bb2be55	4	29048ff1c354fcc5
025b4355cf82995a0c901b109bb2be55	6	14ef9170303e8873
025b4355cf82995a0c901b109bb2be55	10	93a46a6e1c1c093a
025b4355cf82995a0c901b109bb2be55	20	c8b3b0d4047dc865
025fe6b9b2e74c53011badb9f2c79976	0	a057271c9071c99d
025fe6b9b2e74c53011badb9f2c79976	2	b650eef4690718a3
025fe6b9b2e74c53011badb9f2c79976	4	9d9c401770d5117c
025fe6b9b2e74c53011badb9f2c79976	6	9865a92de4d54f97
025fe6b9b2e74c53011badb9f2c79976	10	383ac9df363577f4
025fe6b9b2e74c53011badb9f2c79976	20	7fe12cff7a8b1c3f
02609dfe236c0c2beeac79e61cbe6151	0	a057271c9071c99d
02609dfe236c0c2beeac79e61cbe6151	2	f18fed06b4a21f53
02609dfe236c0c2beeac79e61cbe6151	4	98bcf1c49f99d42e
02609dfe236c0c2beeac79e61cbe6151	6	4bc6274a06efee8a
02609dfe236c0c2beeac79e61cbe6151	10	d4e53e80105b02f9
02609dfe236c0c2beeac79e61cbe6151	20	1fc70573a6e21ae7
0261b44c278c36459061c368aa00575a	0	a057271c9071c99d
0261b44c278c36459061c368aa00575a	2	cdde0e2997ff4d2a
0261b44c278c36459061c368aa00575a	4	4ffffa83762e9124
0261b44c278c36459061c368aa00575a	6	1f2b107259ed6143
0261b44c278c36459061c368aa00575a	10	1ae892b7fc7f1f8b
0261b44c278c36459061c368aa00575a	20	676d453bf4129796
02627689047d06fbb642eef14768d751	0	a057271c9071c99d
02627689047d06fbb642eef14768d751	2	07fae4dd81ace03a
02627689047d06fbb642eef14768d751	4	c5dfd4fd3803213a
02627689047d06fbb642eef14768d751	6	3e5820646c3febe6
02627689047d06fbb642eef14768d751	10	592c89dabc461dde
02627689047d06fbb642eef14768d751	20	b706e2001983cf44
0262e0507796703aeed95b8eb6346828	0	a057271c9071c99d
0262e0507796703aeed95b8eb6346828	2	4331026d8e0367cb
0262e0507796703aeed95b8eb6346828	4	b8d424251fe6ef74
0262e0507796703aeed95b8eb6346828	6	306187f3bca5a4f0
0262e0507796703aeed95b8eb6346828	10	d580b1565483479b
0262e0507796703aeed95b8eb6346828	20	f0fe951608e8e1ee
0265448c232e3a25aa5bcd29b1b14567	0	a057271c9071c99d
0265448c232e3a25aa5bcd29b1b14567	2	588d2a6d7def48dd
0265448c232e3a25aa5bcd29b1b14567	4	eb42bbb0d88a226d
0265448c232e3a25aa5bcd29b1b14567	6	9d825a864df9960c
0265448c232e3a25aa5bcd29b1b14567	10	287b0deb383476e2
0265448c232e3a25aa5bcd29b1b14567	20	c24bcd522c0f396e
026697efcbda72c2263c11b12cd22677	0	a057271c9071c99d
026697efcbda72c2263c11b12cd22677	2	a7a38e64502b1443
026697efcbda72c2263c11b12cd22677	4	25fdf2ab36c8ec5a
026697efcbda72c2263c11b12cd22677	6	236606bb3b9a6617
026697efcbda72c2263c11b12cd22677	10	1faf38e224ff3457
026697efcbda72c2263c11b12cd22677	20	6c6e54788c9e3811
026c28cff76457b2fa8eba99520a0f9a	0	a057271c9071c99d
026c28cff76457b2fa8eba99520a0f9a	2	22e8614026c46fe6
026c28cff76457b2fa8eba99520a0f9a	4	5252742dcbd14dba
026c28cff76457b2fa8eba99520a0f9a	6	99147f2b0714894c
026c28cff76457b2fa8eba99520a0f9a	10	2eee1ddba68b6d0d
026c28cff76457b2fa8eba99520a0f9a	20	587a8767fbcf3c76
026d5d5889dc62956ad30fa3a6ed61e4	0	a057271c9071c99d
026d5d5889dc62956ad30fa3a6ed61e4	2	d5e539fb1433d85e
026d5d5889dc62956ad30fa3a6ed61e4	4	eea99ac8541bef91
026d5d5889dc62956ad30fa3a6ed61e4	6	d1c8b4d7d4040db2
026d5d5889dc62956ad30fa3a6ed61e4	10	4c7b1318d5c86097
026d5d5889dc62956ad30fa3a6ed61e4	20	bf7d7380199f8df6
0272edf70e38a36b32b924ceb16c7156	0	a057271c9071c99d
0272edf70e38a36b32b924ceb16c7156	2	87505bb83c72fc53
0272edf70e38a36b32b924ceb16c7156	4	e262ca3b2e5e1219
0272edf70e38a36b32b924ceb16c7156	6	77e888be2e13edc2
0272edf70e38a36b32b924ceb16c7156	10	2be817d495324880
0272edf70e38a36b32b924ceb16c7156	20	7542743989a1926e
027330866147a897c5c9b5d4d47d28cb	0	a057271c9071c99d
027330866147a897c5c9b5d4d47d28cb	2	c3f5c55fea84f161
027330866147a897c5c9b5d4d47d28cb	4	69b5e38a34d0ff7a
027330866147a897c5c9b5d4d47d28cb	6	b366190c6c3542e7
027330866147a897c5c9b5d4d47d28cb	10	c6d90df831122249
027330866147a897c5c9b5d4d47d28cb	20	9ef698611cf97c0d
0275407378707ad9eed2f8b30386a789	0	a057271c9071c99d
0275407378707ad9eed2f8b30386a789	2	211ce8faada8ffae
0275407378707ad9eed2f8b30386a789	4	1d3104da85968606
0275407378707ad9eed2f8b30386a789	6	076d608b4de833fd
0275407378707ad9eed2f8b30386a789	10	48ef11f1d8eb93a1
0275407378707ad9eed2f8b30386a789	20	24fda9f230dba3ee
027761d107a7927810afd569bfd81a4e	0	a057271c9071c99d
027761d107a7927810afd569bfd81a4e	2	c05a4e734f4d6d9e
027761d107a7927810afd569bfd81a4e	4	761c0d805fffad6b
027761d107a7927810afd569bfd81a4e	6	79a8c8685eeea8a3
027761d107a7927810afd569bfd81a4e	10	da3dc67d578ca0d9
027761d107a7927810afd569bfd81a4e	20	da3dc67d578ca0d9
0278eee117c3821771e2d18d710a89ad	0	a057271c9071c99d
0278eee117c3821771e2d18d710a89ad	2	db9801ec1331e415
0278eee117c3821771e2d18d710a89ad	4	c5293469afba781c
0278eee117c3821771e2d18d710a89ad	6	6cd442b8fc748ff3
0278eee117c3821771e2d18d710a89ad	10	aa8a169686fecdc9
0278eee117c3821771e2d18d710a89ad	20	825f04a057bf7c13
027b35979bc619b89cad395d958b3270	0	a057271c9071c99d
027b35979bc619b89cad395d958b3270	2	9444e4a79c9c74bf
027b35979bc619b89cad395d958b3270	4	f5d8f42d0067f8b1
027b35979bc619b89cad395d958b3270	6	5e1002ce99d1ca7e
027b35979bc619b89cad395d958b3270	10	2af01497bf9ad40f
027b35979bc619b89cad395d958b3270	20	03736eca89a85ea5
027dd75e80e8fd4374ed8eec187f956a	0	a057271c9071c99d
027dd75e80e8fd4374ed8eec187f956a	2	c36531e3c7079406
027dd75e80e8fd4374ed8eec187f956a	4	b8c1a13d5c6cc64d
027dd75e80e8fd4374ed8eec187f956a	6	e3be8d74706e9fcd
027dd75e80e8fd4374ed8eec187f956a	10	471adb1f76febc23
027dd75e80e8fd4374ed8eec187f956a	20	9fd9f9dfdeeda418
0286e90d6f0176c6f49ca4b6d0c08dff	0	a057271c9071c99d
0286e90d6f0176c6f49ca4b6d0c08dff	2	285443e9c75f9b99
0286e90d6f0176c6f49ca4b6d0c08dff	4	8bafc0d9a0e45395
0286e90d6f0176c6f49ca4b6d0c08dff	6	3dbc5e3c3524c1b6
0286e90d6f0176c6f49ca4b6d0c08dff	10	592c197e8f93df5a
0286e90d6f0176c6f49ca4b6d0c08dff	20	7e07b979025c4028
028d0cc7af63e9bba5795f20e24db4f6	0	a057271c9071c99d
028d0cc7af63e9bba5795f20e24db4f6	2	05150c63ffd36a1f
028d0cc7af63e9bba5795f20e24db4f6	4	0933ee8620760be1
028d0cc7af63e9bba5795f20e24db4f6	6	c346db600fe7e503
028d0cc7af63e9bba5795f20e24db4f6	10	f66f0bc05227ad80
028d0cc7af63e9bba5795f20e24db4f6	20	2b972552bf948060
028d1cef617dc62904ce9a7718081d4b	0	a057271c9071c99d
028d1cef617dc62904ce9a7718081d4b	2	9312bce0c6c993b0
028d1cef617dc62904ce9a7718081d4b	4	9b3801a063e23389
028d1cef617dc62904ce9a7718081d4b	6	39f91278919f217b
028d1cef617dc62904ce9a7718081d4b	10	bc49419e656a2900
028d1cef617dc62904ce9a7718081d4b	20	6222e3325aab3c1f
0291268a34c2d681dbed04f2c169fa9f	0	a057271c9071c99d
0291268a34c2d681dbed04f2c169fa9f	2	713f08ac328b1abd
0291268a34c2d681dbed04f2c169fa9f	4	47af9b5c395935a0
0291268a34c2d681dbed04f2c169fa9f	6	NA
0291268a34c2d681dbed04f2c169fa9f	10	NA
0291268a34c2d681dbed04f2c169fa9f	20	NA
0294158664d9ada36bd23fbb652cb823	0	a057271c9071c99d
0294158664d9ada36bd23fbb652cb823	2	59b20d3de62a82bf
0294158664d9ada36bd23fbb652cb823	4	7af3071874f86516
0294158664d9ada36bd23fbb652cb823	6	e4ecbaa9999845e6
0294158664d9ada36bd23fbb652cb823	10	a25623eaf01840e9
0294158664d9ada36bd23fbb652cb823	20	b5af39a546709088
029769d31380aed4e9915d27c73d18d6	0	a057271c9071c99d
029769d31380aed4e9915d27c73d18d6	2	4a2cdd2b644f3e7f
029769d31380aed4e9915d27c73d18d6	4	eb1a7a252e94041d
029769d31380aed4e9915d27c73d18d6	6	dc4c8a1020f31cd6
029769d31380aed4e9915d27c73d18d6	10	45567a2e425ae341
029769d31380aed4e9915d27c73d18d6	20	0239d660bd513a23
0297c2a35f116ffd5382aea5b421e6df	0	a057271c9071c99d
0297c2a35f116ffd5382aea5b421e6df	2	e298f6d4a8b5b452
0297c2a35f116ffd5382aea5b421e6df	4	fba97cc8548f3ba1
0297c2a35f116ffd5382aea5b421e6df	6	37f06f92231b82a4
0297c2a35f116ffd5382aea5b421e6df	10	693a813218d9867d
0297c2a35f116ffd5382aea5b421e6df	20	693a813218d9867d
0299da6b2088736e46a6ebf067804596	0	a057271c9071c99d
0299da6b2088736e46a6ebf067804596	2	03ce7b5a5e67be15
0299da6b2088736e46a6ebf067804596	4	bc0991d0386341da
0299da6b2088736e46a6ebf067804596	6	915f713c0cf7805a
0299da6b2088736e46a6ebf067804596	10	b8122947c00f4b81
0299da6b2088736e46a6ebf067804596	20	b8122947c00f4b81
029a78f54a28bab5de0ac9ea07823e74	0	a057271c9071c99d
029a78f54a28bab5de0ac9ea07823e74	2	50151c46b8c85b67
029a78f54a28bab5de0ac9ea07823e74	4	168af2def5054a94
029a78f54a28bab5de0ac9ea07823e74	6	6e052e0177942b7f
029a78f54a28bab5de0ac9ea07823e74	10	8c458480da6f8f2c
029a78f54a28bab5de0ac9ea07823e74	20	05256a9ca17b1713
029cf5345cbde37e75d11fe7c9f07ded	0	a057271c9071c99d
029cf5345cbde37e75d11fe7c9f07ded	2	cd41c118f8b6c1ce
029cf5345cbde37e75d11fe7c9f07ded	4	a0fcfc9be4705ca1
029cf5345cbde37e75d11fe7c9f07ded	6	2c48d4ed11d03785
029cf5345cbde37e75d11fe7c9f07ded	10	7cdecc5028497367
029cf5345cbde37e75d11fe7c9f07ded	20	3a5b31153ac92254
029ef821bff942b1be483e35b4256d79	0	a057271c9071c99d
029ef821bff942b1be483e35b4256d79	2	5f38d603d4ca2c86
029ef821bff942b1be483e35b4256d79	4	e7bff9e0259107a9
029ef821bff942b1be483e35b4256d79	6	f7f5228892b976c1
029ef821bff942b1be483e35b4256d79	10	3e394c7181ef1d2d
029ef821bff942b1be483e35b4256d79	20	3e394c7181ef1d2d
029f943a34e4b12fa59c6a3664e481bb	0	a057271c9071c99d
029f943a34e4b12fa59c6a3664e481bb	2	c6922e04ac117cf6
029f943a34e4b12fa59c6a3664e481bb	4	140093949fd3226e
029f943a34e4b12fa59c6a3664e481bb	6	046daa08e575396f
029f943a34e4b12fa59c6a3664e481bb	10	9ce19def415588d0
029f943a34e4b12fa59c6a3664e481bb	20	55923582fdcc3965
02a5d44d0559dc046e591dd8c10f2c10	0	a057271c9071c99d
02a5d44d0559dc046e591dd8c10f2c10	2	c22f7fbe49511fd4
02a5d44d0559dc046e591dd8c10f2c10	4	9771c73756d90da6
02a5d44d0559dc046e591dd8c10f2c10	6	522d54beb55c8455
02a5d44d0559dc046e591dd8c10f2c10	10	6bced50f8b4ed3c5
02a5d44d0559dc046e591dd8c10f2c10	20	6bced50f8b4ed3c5
02aa8df7d5f231c1fa8c138bf71881b8	0	a057271c9071c99d
02aa8df7d5f231c1fa8c138bf71881b8	2	27338c0e69000695
02aa8df7d5f231c1fa8c138bf71881b8	4	1395b5e06e659e6e
02aa8df7d5f231c1fa8c138bf71881b8	6	77fdd8582fdd2959
02aa8df7d5f231c1fa8c138bf71881b8	10	b05abfa524ffa415
02aa8df7d5f231c1fa8c138bf71881b8	20	b5c3bbda5176a039
02aab5b634bc3b1de8567a15f468dd53	0	a057271c9071c99d
02aab5b634bc3b1de8567a15f468dd53	2	e153bbf5f82a36da
02aab5b634bc3b1de8567a15f468dd53	4	5f7519ba26b389ec
02aab5b634bc3b1de8567a15f468dd53	6	077c9e0c183510d3
02aab5b634bc3b1de8567a15f468dd53	10	b8fea0e85aa1f25a
02aab5b634bc3b1de8567a15f468dd53	20	18955d4610229d15
02abb73bd8e7095a9f18f82d8239eb97	0	a057271c9071c99d
02abb73bd8e7095a9f18f82d8239eb97	2	861e9f726338bd4e
02abb73bd8e7095a9f18f82d8239eb97	4	00bfa3cae499283c
02abb73bd8e7095a9f18f82d8239eb97	6	4d359b7263ad5588
02abb73bd8e7095a9f18f82d8239eb97	10	c4824c98cc136d56
02abb73bd8e7095a9f18f82d8239eb97	20	a7013bd841a6ba21
02ad1665470545464a4d28a0d4b94570	0	a057271c9071c99d
02ad1665470545464a4d28a0d4b94570	2	983e26818e9309a6
02ad1665470545464a4d28a0d4b94570	4	7667f9cb145e99cf
02ad1665470545464a4d28a0d4b94570	6	6ebce79faa64777a
02ad1665470545464a4d28a0d4b94570	10	0de5b0882946a35d
02ad1665470545464a4d28a0d4b94570	20	f7b5f970c549be96
02ad294c09a41578dac649a64b6aadd6	0	a057271c9071c99d
02ad294c09a41578dac649a64b6aadd6	2	7185ee0ab6efe83d
02ad294c09a41578dac649a64b6aadd6	4	c4d231bbc1ade101
02ad294c09a41578dac649a64b6aadd6	6	662e687c77819a7e
02ad294c09a41578dac649a64b6aadd6	10	b839a72beffcffb0
02ad294c09a41578dac649a64b6aadd6	20	0b0a4c27313c95e0
02ae49a7f45355f52f90208a8ba5164d	0	a057271c9071c99d
02ae49a7f45355f52f90208a8ba5164d	2	d996906a3f48922f
02ae49a7f45355f52f90208a8ba5164d	4	06c99079ce6307ca
02ae49a7f45355f52f90208a8ba5164d	6	6e3a02e94c78db0f
02ae49a7f45355f52f90208a8ba5164d	10	8ce4f161cd3456cc
02ae49a7f45355f52f90208a8ba5164d	20	65a0cf236cdb5c93
02ae8832f0c2821eef1e72d3df540a22	0	a057271c9071c99d
02ae8832f0c2821eef1e72d3df540a22	2	2df431fef94ecaa1
02ae8832f0c2821eef1e72d3df540a22	4	54db64785e3af888
02ae8832f0c2821eef1e72d3df540a22	6	f949840ab1f78006
02ae8832f0c2821eef1e72d3df540a22	10	3242f717e6be0935
02ae8832f0c2821eef1e72d3df540a22	20	ab7aca515080c7d7
02b0ba33fc854c843c151f951be44010	0	a057271c9071c99d
02b0ba33fc854c843c151f951be44010	2	6afa3ac054593148
02b0ba33fc854c843c151f951be44010	4	3d0902b7b2e1eec2
02b0ba33fc854c843c151f951be44010	6	ddc82e0d7f4d3d6a
02b0ba33fc854c843c151f951be44010	10	a034e8b64d09efc1
02b0ba33fc854c843c151f951be44010	20	402faeba8708d45d
02b385a378c232c0671c7ccae533ddfb	0	a057271c9071c99d
02b385a378c232c0671c7ccae533ddfb	2	8f1f4807d9971019
02b385a378c232c0671c7ccae533ddfb	4	9b83a3720d02fb55
02b385a378c232c0671c7ccae533ddfb	6	e9958a057921b24a
02b385a378c232c0671c7ccae533ddfb	10	09493af76fbb1834
02b385a378c232c0671c7ccae533ddfb	20	6195934c57153230
02b3ef3c69fd77ed8ef830f4256b0022	0	a057271c9071c99d
02b3ef3c69fd77ed8ef830f4256b0022	2	af10819bd5cdbf97
02b3ef3c69fd77ed8ef830f4256b0022	4	8d83b667ba5fd050
02b3ef3c69fd77ed8ef830f4256b0022	6	e30655cd86efa4eb
02b3ef3c69fd77ed8ef830f4256b0022	10	b630a92606cca4c8
02b3ef3c69fd77ed8ef830f4256b0022	20	04a81e57b001b8d1
02b60dfe8004125530bfd1b4d055dc6b	0	a057271c9071c99d
02b60dfe8004125530bfd1b4d055dc6b	2	281252d79093eb76
02b60dfe8004125530bfd1b4d055dc6b	4	83a2dabeb9a3bf93
02b60dfe8004125530bfd1b4d055dc6b	6	489f69c0df57e62c
02b60dfe8004125530bfd1b4d055dc6b	10	e91da0de0f0c4ebf
02b60dfe8004125530bfd1b4d055dc6b	20	3022467ae65bbe28
02b69d0e5c2b68d5c3d650164b6c277d	0	a057271c9071c99d
02b69d0e5c2b68d5c3d650164b6c277d	2	ecf5e89154aadf63
02b69d0e5c2b68d5c3d650164b6c277d	4	35589d5ae11d1504
02b69d0e5c2b68d5c3d650164b6c277d	6	75163d0e21fa4673
02b69d0e5c2b68d5c3d650164b6c277d	10	07688861fe93f1a3
02b69d0e5c2b68d5c3d650164b6c277d	20	07688861fe93f1a3
02bc149bbe801807912f651c7bad3e74	0	a057271c9071c99d
02bc149bbe801807912f651c7bad3e74	2	cc19432b99526106
02bc149bbe801807912f651c7bad3e74	4	9948a0779aa3a1b0
02bc149bbe801807912f651c7bad3e74	6	f4cbe7241ff296f5
02bc149bbe801807912f651c7bad3e74	10	1b3fc96017b7d357
02bc149bbe801807912f651c7bad3e74	20	4cf81f0e299c12dd
02c18b0862662b066404f55c815e459b	0	a057271c9071c99d
02c18b0862662b066404f55c815e459b	2	2b42f1e0656b34e0
02c18b0862662b066404f55c815e459b	4	5a0586d210efeb21
02c18b0862662b066404f55c815e459b	6	359b30d0512ecda8
02c18b0862662b066404f55c815e459b	10	5734a7bac216e24d
02c18b0862662b066404f55c815e459b	20	5a9dae77a96da220
02c1c6307289afd9f6ac81979b251df2	0	a057271c9071c99d
02c1c6307289afd9f6ac81979b251df2	2	d8500a61655cb0f4
02c1c6307289afd9f6ac81979b251df2	4	5317eb882da2d603
02c1c6307289afd9f6ac81979b251df2	6	176e6bad916a43f9
02c1c6307289afd9f6ac81979b251df2	10	605ea7343082fff2
02c1c6307289afd9f6ac81979b251df2	20	75d9988fee14e90f
02c1d1c6fb0c6558032f7b5f115702cf	0	a057271c9071c99d
02c1d1c6fb0c6558032f7b5f115702cf	2	6ab54ec1a5811f15
02c1d1c6fb0c6558032f7b5f115702cf	4	f23fb106396e3e6d
02c1d1c6fb0c6558032f7b5f115702cf	6	a5e05834974edd23
02c1d1c6fb0c6558032f7b5f115702cf	10	37ea7235fc412de3
02c1d1c6fb0c6558032f7b5f115702cf	20	57976c115d5d4f6a
02c23ebafea72bcb7135ab806aa3e1a6	0	a057271c9071c99d
02c23ebafea72bcb7135ab806aa3e1a6	2	d13a05c314da2f58
02c23ebafea72bcb7135ab806aa3e1a6	4	934f28c3cabb0f32
02c23ebafea72bcb7135ab806aa3e1a6	6	3f79b3a8032caaa0
02c23ebafea72bcb7135ab806aa3e1a6	10	7a84384e0ced5e5d
02c23ebafea72bcb7135ab806aa3e1a6	20	d004bd70d4581496
02c3dfc0e9c16c69a66b5b7412e512ef	0	a057271c9071c99d
02c3dfc0e9c16c69a66b5b7412e512ef	2	cfe90e8bb0219a05
02c3dfc0e9c16c69a66b5b7412e512ef	4	52b9cd37248511ce
02c3dfc0e9c16c69a66b5b7412e512ef	6	78948cd1d393b37f
02c3dfc0e9c16c69a66b5b7412e512ef	10	2014ab518e289d59
02c3dfc0e9c16c69a66b5b7412e512ef	20	3544844b152b4186
02c3f1d24074cba45a64d0b4b5aa0238	0	a057271c9071c99d
02c3f1d24074cba45a64d0b4b5aa0238	2	ee66f97623550c8f
02c3f1d24074cba45a64d0b4b5aa0238	4	b1d4c9006b695546
02c3f1d24074cba45a64d0b4b5aa0238	6	0e7237e3a91e727a
02c3f1d24074cba45a64d0b4b5aa0238	10	df8da30db5a5a30c
02c3f1d24074cba45a64d0b4b5aa0238	20	36f2c3a5770c0f58
02c6fe8483e4f4474b7ac9731772535d	0	a057271c9071c99d
02c6fe8483e4f4474b7ac9731772535d	2	fd26569ec5aead8f
02c6fe8483e4f4474b7ac9731772535d	4	d76f9a7c43cebc80
02c6fe8483e4f4474b7ac9731772535d	6	d8ebb10a146fb101
02c6fe8483e4f4474b7ac9731772535d	10	777c0dc512bc28c0
02c6fe8483e4f4474b7ac9731772535d	20	c189210b9662bc33
02cba4bd89eb7ecbf0f063c4c4fef7d6	0	a057271c9071c99d
02cba4bd89eb7ecbf0f063c4c4fef7d6	2	bdd76434475baf27
02cba4bd89eb7ecbf0f063c4c4fef7d6	4	5620a846976e1026
02cba4bd89eb7ecbf0f063c4c4fef7d6	6	53ca7982b28b3c38
02cba4bd89eb7ecbf0f063c4c4fef7d6	10	53ca7982b28b3c38
02cba4bd89eb7ecbf0f063c4c4fef7d6	20	53ca7982b28b3c38
02ce47de081045ece3d651b805235346	0	a057271c9071c99d
02ce47de081045ece3d651b805235346	2	52e40cf38873bbda
02ce47de081045ece3d651b805235346	4	35d29e5796c6cda5
02ce47de081045ece3d651b805235346	6	9347f0a72c69075b
02ce47de081045ece3d651b805235346	10	66b3ec228ff971dc
02ce47de081045ece3d651b805235346	20	48601144c7e2a9c2
02cf287a41c2cc7a79c682495df002d4	0	a057271c9071c99d
02cf287a41c2cc7a79c682495df002d4	2	5605c0506b8f4b30
02cf287a41c2cc7a79c682495df002d4	4	0f575b7ae629d713
02cf287a41c2cc7a79c682495df002d4	6	b1d041d4481a7895
02cf287a41c2cc7a79c682495df002d4	10	2cf7fe7cc99e9744
02cf287a41c2cc7a79c682495df002d4	20	1da04b38b8e4eedf
02cf500db31aa951989bf4947d9165e5	0	a057271c9071c99d
02cf500db31aa951989bf4947d9165e5	2	44febfeb0205d853
02cf500db31aa951989bf4947d9165e5	4	0c6a537d28b5221d
02cf500db31aa951989bf4947d9165e5	6	8cd54c475a58020e
02cf500db31aa951989bf4947d9165e5	10	950239bfc3142918
02cf500db31aa951989bf4947d9165e5	20	ac0db775b911a663
02cfa5a71b5c89a1b10b5f5a5221ed05	0	a057271c9071c99d
02cfa5a71b5c89a1b10b5f5a5221ed05	2	41e5e621963dd696
02cfa5a71b5c89a1b10b5f5a5221ed05	4	148c301bf7876286
02cfa5a71b5c89a1b10b5f5a5221ed05	6	ba5952d066845f09
02cfa5a71b5c89a1b10b5f5a5221ed05	10	4ba7c7a4f6522cba
02cfa5a71b5c89a1b10b5f5a5221ed05	20	1ef248f0c9384b3e
02cff9bea08ed95b701d23e743e2ce13	0	a057271c9071c99d
02cff9bea08ed95b701d23e743e2ce13	2	fd1854b99c3b9bf3
02cff9bea08ed95b701d23e743e2ce13	4	49103c3450097d15
02cff9bea08ed95b701d23e743e2ce13	6	657735c254f33336
02cff9bea08ed95b701d23e743e2ce13	10	657735c254f33336
02cff9bea08ed95b701d23e743e2ce13	20	657735c254f33336
02d15c71f00ba4808c8efff0ed6d71ce	0	a057271c9071c99d
02d15c71f00ba4808c8efff0ed6d71ce	2	d45d88a83dae4353
02d15c71f00ba4808c8efff0ed6d71ce	4	70c9f335cae9c48c
02d15c71f00ba4808c8efff0ed6d71ce	6	0b3b2e4c021f716d
02d15c71f00ba4808c8efff0ed6d71ce	10	9d8738d74eb90bb7
02d15c71f00ba4808c8efff0ed6d71ce	20	d49e498a31efb10a
02d4f72ae5dd9be8edcd3bff7e63f8ad	0	a057271c9071c99d
02d4f72ae5dd9be8edcd3bff7e63f8ad	2	4d6ac6d94a25eac3
02d4f72ae5dd9be8edcd3bff7e63f8ad	4	f50d993fec76c990
02d4f72ae5dd9be8edcd3bff7e63f8ad	6	e23b76f272e3b9e5
02d4f72ae5dd9be8edcd3bff7e63f8ad	10	18f041b8f8f78c2c
02d4f72ae5dd9be8edcd3bff7e63f8ad	20	23fb00e8cda727e5
02d8847ee38504792705d794eb93e9a7	0	a057271c9071c99d
02d8847ee38504792705d794eb93e9a7	2	5a923e3a16d25389
02d8847ee38504792705d794eb93e9a7	4	c8bb017e49272cbd
02d8847ee38504792705d794eb93e9a7	6	eb610479f29c37df
02d8847ee38504792705d794eb93e9a7	10	56b5e83716652f49
02d8847ee38504792705d794eb93e9a7	20	3402c93acaffad45
02d8ce98d8be14b6cb115dd4752d7c09	0	a057271c9071c99d
02d8ce98d8be14b6cb115dd4752d7c09	2	4a395a6ca0485706
02d8ce98d8be14b6cb115dd4752d7c09	4	6d4e5362c11e521a
02d8ce98d8be14b6cb115dd4752d7c09	6	f07a3eaae6b6cdc0
02d8ce98d8be14b6cb115dd4752d7c09	10	f07a3eaae6b6cdc0
02d8ce98d8be14b6cb115dd4752d7c09	20	f07a3eaae6b6cdc0
02da8e9305ee7b4ad33c348f46afebea	0	a057271c9071c99d
02da8e9305ee7b4ad33c348f46afebea	2	e0e8b21dc3311379
02da8e9305ee7b4ad33c348f46afebea	4	0b303643ae3b0f70
02da8e9305ee7b4ad33c348f46afebea	6	f0b355e06357cafd
02da8e9305ee7b4ad33c348f46afebea	10	909bad3000f1e94b
02da8e9305ee7b4ad33c348f46afebea	20	ed27466fa5f6caaf
02de69784e1bd36ed3ac1a0a7371fad0	0	a057271c9071c99d
02de69784e1bd36ed3ac1a0a7371fad0	2	34cdd8f97ba2d17e
02de69784e1bd36ed3ac1a0a7371fad0	4	9aed85d0c0d1e886
02de69784e1bd36ed3ac1a0a7371fad0	6	e0913884d04830f6
02de69784e1bd36ed3ac1a0a7371fad0	10	a9d033e97cea0254
02de69784e1bd36ed3ac1a0a7371fad0	20	82714a62a3d6a0d2
02e336c79a69ddf2e868232321abd154	0	a057271c9071c99d
02e336c79a69ddf2e868232321abd154	2	c1259455d3a1853f
02e336c79a69ddf2e868232321abd154	4	22ae72ab2d9acada
02e336c79a69ddf2e868232321abd154	6	5a45b2aa513b905e
02e336c79a69ddf2e868232321abd154	10	db2bbc85e9e071e2
02e336c79a69ddf2e868232321abd154	20	bfde24b4d9206538
02e4f23ed59566d343b605dc2cc30a01	0	a057271c9071c99d
02e4f23ed59566d343b605dc2cc30a01	2	e860ab3cf750e55e
02e4f23ed59566d343b605dc2cc30a01	4	eb7d2892677c2464
02e4f23ed59566d343b605dc2cc30a01	6	9bceb9b2306e9d63
02e4f23ed59566d343b605dc2cc30a01	10	31c215c8d7abc7f3
02e4f23ed59566d343b605dc2cc30a01	20	6cda154a91720cbe
02e781d6f1761a8135a599de8c34bc88	0	a057271c9071c99d
02e781d6f1761a8135a599de8c34bc88	2	dcb1dfc25087bcca
02e781d6f1761a8135a599de8c34bc88	4	36f17dce63cbaa5a
02e781d6f1761a8135a599de8c34bc88	6	0775e2cbd1e3fe37
02e781d6f1761a8135a599de8c34bc88	10	d8aab4b10eeb4d0f
02e781d6f1761a8135a599de8c34bc88	20	330525f367947c06
02ee4550987a8545d00d0ad14d4b215c	0	a057271c9071c99d
02ee4550987a8545d00d0ad14d4b215c	2	f0c6056fad8210be
02ee4550987a8545d00d0ad14d4b215c	4	1c6e9d011773b462
02ee4550987a8545d00d0ad14d4b215c	6	2883863fbf039e0e
02ee4550987a8545d00d0ad14d4b215c	10	ad156b930db6611b
02ee4550987a8545d00d0ad14d4b215c	20	d5f6cc0b1e915550
02eef920cd1aab9ef3492fe27bf515c4	0	a057271c9071c99d
02eef920cd1aab9ef3492fe27bf515c4	2	4bfe86ee010230ad
02eef920cd1aab9ef3492fe27bf515c4	4	08a8aa730fecfa24
02eef920cd1aab9ef3492fe27bf515c4	6	e1793d262388bc3f
02eef920cd1aab9ef3492fe27bf515c4	10	ce69c1b908b79fe4
02eef920cd1aab9ef3492fe27bf515c4	20	ce69c1b908b79fe4
02eff2cc9db1e6abe53e55e9e3f5277f	0	a057271c9071c99d
02eff2cc9db1e6abe53e55e9e3f5277f	2	9984038eb3c4abb7
02eff2cc9db1e6abe53e55e9e3f5277f	4	67c71e0fa4a9dd31
02eff2cc9db1e6abe53e55e9e3f5277f	6	9ca01350e41d17f5
02eff2cc9db1e6abe53e55e9e3f5277f	10	750ddf081bb9935c
02eff2cc9db1e6abe53e55e9e3f5277f	20	2249c6ebea4baad3
02f019f0a4040c0f9b52cd910997a362	0	a057271c9071c99d
02f019f0a4040c0f9b52cd910997a362	2	e6128d31dd5d774f
02f019f0a4040c0f9b52cd910997a362	4	b96a11e306f82809
02f019f0a4040c0f9b52cd910997a362	6	2dbfadecc0cf5318
02f019f0a4040c0f9b52cd910997a362	10	75d2e18ade06b040
02f019f0a4040c0f9b52cd910997a362	20	0808377984e80fbf
02f2343e32f9070f149708d77556b4aa	0	a057271c9071c99d
02f2343e32f9070f149708d77556b4aa	2	ed9807055dc66223
02f2343e32f9070f149708d77556b4aa	4	2b28aea0742e6e81
02f2343e32f9070f149708d77556b4aa	6	b8f2ea11f5b8a7f3
02f2343e32f9070f149708d77556b4aa	10	173ab8492ef1909a
02f2343e32f9070f149708d77556b4aa	20	60e42b3d92f0dc9a
02f3a178829aa3838b2ad9a14f986913	0	a057271c9071c99d
02f3a178829aa3838b2ad9a14f986913	2	02e31dce6b38c1ed
02f3a178829aa3838b2ad9a14f986913	4	e58ba555fb4712d7
02f3a178829aa3838b2ad9a14f986913	6	be1ecdfa4a4095f9
02f3a178829aa3838b2ad9a14f986913	10	b7f1b76b0ea4a712
02f3a178829aa3838b2ad9a14f986913	20	b86bd7a10183d4c0
02f3e7cd5ffb56be6f619896a40fd628	0	a057271c9071c99d
02f3e7cd5ffb56be6f619896a40fd628	2	abe2f24a79a41fa6
02f3e7cd5ffb56be6f619896a40fd628	4	eac9fa68e932786c
02f3e7cd5ffb56be6f619896a40fd628	6	fd8e612b16347055
02f3e7cd5ffb56be6f619896a40fd628	10	c568158e1ff020f8
02f3e7cd5ffb56be6f619896a40fd628	20	e5852811f66e7ff9
02f6ca52f1ada872d82035088701b66a	0	a057271c9071c99d
02f6ca52f1ada872d82035088701b66a	2	b5775f8e01ebc20a
02f6ca52f1ada872d82035088701b66a	4	4a799d83b5024560
02f6ca52f1ada872d82035088701b66a	6	66e6565a91691f2b
02f6ca52f1ada872d82035088701b66a	10	45f82f3bec88dbab
02f6ca52f1ada872d82035088701b66a	20	5cdbe6ac45949c27
02fe323166b147f507e045f04062854d	0	a057271c9071c99d
02fe323166b147f507e045f04062854d	2	c085200fc2f54579
02fe323166b147f507e045f04062854d	4	07a5c7d4e5426f79
02fe323166b147f507e045f04062854d	6	2f40696064ed9e9a
02fe323166b147f507e045f04062854d	10	d55f2ff2e42db306
02fe323166b147f507e045f04062854d	20	6305a5b5b402e602
02ff9a8d99be52af14523c433e6caff4	0	a057271c9071c99d
02ff9a8d99be52af14523c433e6caff4	2	0e36b1202dee6e12
02ff9a8d99be52af14523c433e6caff4	4	f896246727c7c687
02ff9a8d99be52af14523c433e6caff4	6	8b3e1cabc8fd4aee
02ff9a8d99be52af14523c433e6caff4	10	c4d0ffb15f37aa2f
02ff9a8d99be52af14523c433e6caff4	20	c4d0ffb15f37aa2f
0300d80a6c897c389a07ee4bcf3e926c	0	a057271c9071c99d
0300d80a6c897c389a07ee4bcf3e926c	2	7d81403a73996efd
0300d80a6c897c389a07ee4bcf3e926c	4	d8cd13405cb5bcc7
0300d80a6c897c389a07ee4bcf3e926c	6	d8cd13405cb5bcc7
0300d80a6c897c389a07ee4bcf3e926c	10	d8cd13405cb5bcc7
0300d80a6c897c389a07ee4bcf3e926c	20	d8cd13405cb5bcc7
03041657b7177746724b819433c83b20	0	a057271c9071c99d
03041657b7177746724b819433c83b20	2	41ee95e4d523649a
03041657b7177746724b819433c83b20	4	5eba6d9240785792
03041657b7177746724b819433c83b20	6	d0503707e1864fa7
03041657b7177746724b819433c83b20	10	e30fdabc69babd71
03041657b7177746724b819433c83b20	20	1dce9af2a1905416
03083b81684212efcf3f415df0127130	0	a057271c9071c99d
03083b81684212efcf3f415df0127130	2	45696713b645fef2
03083b81684212efcf3f415df0127130	4	d6896d69fdc6b1d8
03083b81684212efcf3f415df0127130	6	6491cfef95d5ca93
03083b81684212efcf3f415df0127130	10	df774cc78389d935
03083b81684212efcf3f415df0127130	20	421dad7cb81b13ed
0309535f129965796de4193e1605bfa9	0	a057271c9071c99d
0309535f129965796de4193e1605bfa9	2	7a9200fae0baaf6f
0309535f129965796de4193e1605bfa9	4	2a6435eac1fe9e11
0309535f129965796de4193e1605bfa9	6	d01d16134c4612da
0309535f129965796de4193e1605bfa9	10	81ec9719338a887e
0309535f129965796de4193e1605bfa9	20	cae352ba2400cebc
0309ea422084568c2b4df13b32094380	0	a057271c9071c99d
0309ea422084568c2b4df13b32094380	2	c507c7e8aec22c04
0309ea422084568c2b4df13b32094380	4	deb685c4e802cac4
0309ea422084568c2b4df13b32094380	6	bcd0333e59cb3cb6
0309ea422084568c2b4df13b32094380	10	bcd0333e59cb3cb6
0309ea422084568c2b4df13b32094380	20	bcd0333e59cb3cb6
030ae49b1ccd2bdce8a35ae95997bdca	0	a057271c9071c99d
030ae49b1ccd2bdce8a35ae95997bdca	2	7adfe220b854c442
030ae49b1ccd2bdce8a35ae95997bdca	4	567093b45da559e2
030ae49b1ccd2bdce8a35ae95997bdca	6	6fd2c7c03b77961b
030ae49b1ccd2bdce8a35ae95997bdca	10	87aa8c6e656ac3d1
030ae49b1ccd2bdce8a35ae95997bdca	20	75cafed5cbf284d7
030f36e3ef0e56533706d6c1b4fd31e1	0	a057271c9071c99d
030f36e3ef0e56533706d6c1b4fd31e1	2	0fbe0985e49bd5f9
030f36e3ef0e56533706d6c1b4fd31e1	4	1946acb1897c633d
030f36e3ef0e56533706d6c1b4fd31e1	6	4444f6ee82e1e72e
030f36e3ef0e56533706d6c1b4fd31e1	10	2c5cdd7778bd9d5e
030f36e3ef0e56533706d6c1b4fd31e1	20	4242e34bf199261f
0313ef9736992ac0bef42713aedf8a1f	0	a057271c9071c99d
0313ef9736992ac0bef42713aedf8a1f	2	157be27586d5fd5e
0313ef9736992ac0bef42713aedf8a1f	4	61b3dd33530bac64
0313ef9736992ac0bef42713aedf8a1f	6	df1a30aa0558faa6
0313ef9736992ac0bef42713aedf8a1f	10	df1a30aa0558faa6
0313ef9736992ac0bef42713aedf8a1f	20	df1a30aa0558faa6
0316093cadcfd18a4e30b7974e62fecd	0	a057271c9071c99d
0316093cadcfd18a4e30b7974e62fecd	2	214cf1ddf7c34f26
0316093cadcfd18a4e30b7974e62fecd	4	809f0876e705d2b5
0316093cadcfd18a4e30b7974e62fecd	6	6c1f8ead1fb21144
0316093cadcfd18a4e30b7974e62fecd	10	d1958015b27b3434
0316093cadcfd18a4e30b7974e62fecd	20	d1958015b27b3434
031757c0a6797eddf3e84bcefbbdb753	0	a057271c9071c99d
031757c0a6797eddf3e84bcefbbdb753	2	afa5e0407c38cb5a
031757c0a6797eddf3e84bcefbbdb753	4	bbf5bcf14ddaf8aa
031757c0a6797eddf3e84bcefbbdb753	6	ad059b630de29e0c
031757c0a6797eddf3e84bcefbbdb753	10	55cb00df99c481f3
031757c0a6797eddf3e84bcefbbdb753	20	6f4bbc3cc990d927
031a9d2143b30c6682f1f8fe23526804	0	a057271c9071c99d
031a9d2143b30c6682f1f8fe23526804	2	763e96338f02854c
031a9d2143b30c6682f1f8fe23526804	4	8575b51a512a5e7a
031a9d2143b30c6682f1f8fe23526804	6	31ff0d69fc52a243
031a9d2143b30c6682f1f8fe23526804	10	293adca2f4396a99
031a9d2143b30c6682f1f8fe23526804	20	b1cbf2c609b83ce9
031c116d206f65d7c267d30108cd00a0	0	a057271c9071c99d
031c116d206f65d7c267d30108cd00a0	2	19a12ff034c333f1
031c116d206f65d7c267d30108cd00a0	4	0bce33ef2c44541d
031c116d206f65d7c267d30108cd00a0	6	8179883683117649
031c116d206f65d7c267d30108cd00a0	10	21b65bd2a8b4f20b
031c116d206f65d7c267d30108cd00a0	20	7837a8e6f5dd0251
031c99d72be38eedacc8b402784e9821	0	a057271c9071c99d
031c99d72be38eedacc8b402784e9821	2	7dd640e47fdd37b6
031c99d72be38eedacc8b402784e9821	4	ac61be4003388126
031c99d72be38eedacc8b402784e9821	6	61d1dddd3dcc4dab
031c99d72be38eedacc8b402784e9821	10	5bb602771c6b84ed
031c99d72be38eedacc8b402784e9821	20	df380fbd8fc83e53
031daf860acbce867db7559c74bb1c60	0	a057271c9071c99d
031daf860acbce867db7559c74bb1c60	2	d6da4b142ffd8a4f
031daf860acbce867db7559c74bb1c60	4	3c933dc8ede09904
031daf860acbce867db7559c74bb1c60	6	0b2901cabf17888f
031daf860acbce867db7559c74bb1c60	10	a244d79bf6377998
031daf860acbce867db7559c74bb1c60	20	82d1d79a71c570f8
031f2533749fafff58983d342f8c7ee3	0	a057271c9071c99d
031f2533749fafff58983d342f8c7ee3	2	aec5a740938a0c71
031f2533749fafff58983d342f8c7ee3	4	60a6793139bc62a7
031f2533749fafff58983d342f8c7ee3	6	2e35373ce38001c7
031f2533749fafff58983d342f8c7ee3	10	de059f25d65b7dcb
031f2533749fafff58983d342f8c7ee3	20	2c6f03eb18c94fed
0320af21bba8b8cd940a95277377803d	0	a057271c9071c99d
0320af21bba8b8cd940a95277377803d	2	781f56c8a1a3f896
0320af21bba8b8cd940a95277377803d	4	8593a0dfdea4c92e
0320af21bba8b8cd940a95277377803d	6	1e95f57fd28d92ee
0320af21bba8b8cd940a95277377803d	10	23f73c83ec92571e
0320af21bba8b8cd940a95277377803d	20	23f73c83ec92571e
032117a0ac42531420174f9b1234b6de	0	a057271c9071c99d
032117a0ac42531420174f9b1234b6de	2	d0e8ee8cb8915a01
032117a0ac42531420174f9b1234b6de	4	2067f396f2f7cfbc
032117a0ac42531420174f9b1234b6de	6	88a2b08db2a32bcc
032117a0ac42531420174f9b1234b6de	10	e49d3906e1f24cc0
032117a0ac42531420174f9b1234b6de	20	b91a2bbe51feccfa
0321654854668173ef9983b879622722	0	a057271c9071c99d
0321654854668173ef9983b879622722	2	9812e11978eaae0e
0321654854668173ef9983b879622722	4	4b83a33e345653ea
0321654854668173ef9983b879622722	6	4232deb629a0bde0
0321654854668173ef9983b879622722	10	ed0524b128257f00
0321654854668173ef9983b879622722	20	f99d2026611ec81e
032172c44f98289cf10e06ffeaf7745b	0	a057271c9071c99d
032172c44f98289cf10e06ffeaf7745b	2	8da1ecee0435c435
032172c44f98289cf10e06ffeaf7745b	4	e38b7f6e7f1029e6
032172c44f98289cf10e06ffeaf7745b	6	425e2040aeb5924a
032172c44f98289cf10e06ffeaf7745b	10	80c6ed378f802741
032172c44f98289cf10e06ffeaf7745b	20	09f5fffa498b3943
0325f5bdfff16d1756f786bfdccd2d26	0	a057271c9071c99d
0325f5bdfff16d1756f786bfdccd2d26	2	dd459f5255439998
0325f5bdfff16d1756f786bfdccd2d26	4	79cbbabe9aea2720
0325f5bdfff16d1756f786bfdccd2d26	6	596b5a692e0abf22
0325f5bdfff16d1756f786bfdccd2d26	10	33768b322e2f3e2e
0325f5bdfff16d1756f786bfdccd2d26	20	c7be55b6a8c31d32
0327aa4bd6b07b94d14e53efc57d0d00	0	a057271c9071c99d
0327aa4bd6b07b94d14e53efc57d0d00	2	a666948eaee6d227
0327aa4bd6b07b94d14e53efc57d0d00	4	5ac26a222adfd8db
0327aa4bd6b07b94d14e53efc57d0d00	6	02d878a8b6dc91da
0327aa4bd6b07b94d14e53efc57d0d00	10	bc560285c82006ca
0327aa4bd6b07b94d14e53efc57d0d00	20	b03764e99a5f1c2e
032941f5f28c9ac53fa1c80d35f3206f	0	a057271c9071c99d
032941f5f28c9ac53fa1c80d35f3206f	2	89ef4a92f8d89623
032941f5f28c9ac53fa1c80d35f3206f	4	2be9dd11be5881b2
032941f5f28c9ac53fa1c80d35f3206f	6	4ff931609a9a5b27
032941f5f28c9ac53fa1c80d35f3206f	10	0382d1bc787b6e43
032941f5f28c9ac53fa1c80d35f3206f	20	NA
03332c1d032fcd09f91254199387215a	0	a057271c9071c99d
03332c1d032fcd09f91254199387215a	2	5578209eece515d8
03332c1d032fcd09f91254199387215a	4	39e30f3370f99fd7
03332c1d032fcd09f91254199387215a	6	e1b25523db919a6a
03332c1d032fcd09f91254199387215a	10	99c0b0b768f07c7c
03332c1d032fcd09f91254199387215a	20	c30ecf5111b03b36
033560dbd1b4d3545b4b40ef90aaaa29	0	a057271c9071c99d
033560dbd1b4d3545b4b40ef90aaaa29	2	75e13795abcd98ad
033560dbd1b4d3545b4b40ef90aaaa29	4	4d0d02d8dfe52816
033560dbd1b4d3545b4b40ef90aaaa29	6	8e5058f263b12ee4
033560dbd1b4d3545b4b40ef90aaaa29	10	26a718e372500904
033560dbd1b4d3545b4b40ef90aaaa29	20	a647380808ffee55
0336f81b60baac5b8f481dd3c32861a5	0	a057271c9071c99d
0336f81b60baac5b8f481dd3c32861a5	2	edebd1a754e988ff
0336f81b60baac5b8f481dd3c32861a5	4	6cf956e0198bcb89
0336f81b60baac5b8f481dd3c32861a5	6	511323a15c8b70fb
0336f81b60baac5b8f481dd3c32861a5	10	c0259eceb38968b8
0336f81b60baac5b8f481dd3c32861a5	20	608cf2e9dde88e6c
033743e540b7f6e2114a3e6981558795	0	a057271c9071c99d
033743e540b7f6e2114a3e6981558795	2	48093ee6776105e4
033743e540b7f6e2114a3e6981558795	4	b3457aeffd19c5f2
033743e540b7f6e2114a3e6981558795	6	c4097405025e664b
033743e540b7f6e2114a3e6981558795	10	6b47a8f86f69417b
033743e540b7f6e2114a3e6981558795	20	1ce7840b4a68829f
03385e315b37cbb189ab45f90acf5af0	0	a057271c9071c99d
03385e315b37cbb189ab45f90acf5af0	2	4b7a0a3dee4c48f2
03385e315b37cbb189ab45f90acf5af0	4	f2a25940654cc7a9
03385e315b37cbb189ab45f90acf5af0	6	f2a25940654cc7a9
03385e315b37cbb189ab45f90acf5af0	10	f2a25940654cc7a9
03385e315b37cbb189ab45f90acf5af0	20	f2a25940654cc7a9
033b0be3724bb9a94ffbce3d0901db59	0	a057271c9071c99d
033b0be3724bb9a94ffbce3d0901db59	2	853eaecb6a590eda
033b0be3724bb9a94ffbce3d0901db59	4	4d75c71db5e2c7f8
033b0be3724bb9a94ffbce3d0901db59	6	7ba127df3e155268
033b0be3724bb9a94ffbce3d0901db59	10	3c25a27b54b98940
033b0be3724bb9a94ffbce3d0901db59	20	d0dd5cfc6e332bb8
033bdaf71d51a1645014a54ea614312f	0	a057271c9071c99d
033bdaf71d51a1645014a54ea614312f	2	335620c0cc38c3c4
033bdaf71d51a1645014a54ea614312f	4	f423f31f50182b1a
033bdaf71d51a1645014a54ea614312f	6	74b3682c88f591c3
033bdaf71d51a1645014a54ea614312f	10	ccf806986fb5c18a
033bdaf71d51a1645014a54ea614312f	20	573d833f2a730d20
033d611722714d5206cc0184479e92e2	0	a057271c9071c99d
033d611722714d5206cc0184479e92e2	2	3a0e048be8eb3eb9
033d611722714d5206cc0184479e92e2	4	5f86e711b3e511a2
033d611722714d5206cc0184479e92e2	6	c1cb34ee93b40e27
033d611722714d5206cc0184479e92e2	10	31b4684c7f39435d
033d611722714d5206cc0184479e92e2	20	31b4684c7f39435d
033f38da07bdbbad4763eaf1fe97ce37	0	a057271c9071c99d
033f38da07bdbbad4763eaf1fe97ce37	2	4910effbfb07242b
033f38da07bdbbad4763eaf1fe97ce37	4	4ba8f6db3a3f581e
033f38da07bdbbad4763eaf1fe97ce37	6	3d6d15081992e565
033f38da07bdbbad4763eaf1fe97ce37	10	e4ee67dc12289134
033f38da07bdbbad4763eaf1fe97ce37	20	aae82269b782854a
034619cf0ad20017ed9dd5f88caacae6	0	a057271c9071c99d
034619cf0ad20017ed9dd5f88caacae6	2	e669f2c7ecd4d51f
034619cf0ad20017ed9dd5f88caacae6	4	88cb2c2a669dc1ce
034619cf0ad20017ed9dd5f88caacae6	6	6bd37a5b7baa1eab
034619cf0ad20017ed9dd5f88caacae6	10	c2c087f7949deaa9
034619cf0ad20017ed9dd5f88caacae6	20	7a0926d2fc6f1849
0346be00d2d7d3393d134d8be1138c45	0	a057271c9071c99d
0346be00d2d7d3393d134d8be1138c45	2	2c18935cde8ba2c8
0346be00d2d7d3393d134d8be1138c45	4	e20f140d6d39a92b
0346be00d2d7d3393d134d8be1138c45	6	711ff4fab1b481bc
0346be00d2d7d3393d134d8be1138c45	10	834fdfc3083b80a9
0346be00d2d7d3393d134d8be1138c45	20	834fdfc3083b80a9
03475e329b9fbc8246a09a4f888f9023	0	a057271c9071c99d
03475e329b9fbc8246a09a4f888f9023	2	9ae874bf50329f84
03475e329b9fbc8246a09a4f888f9023	4	9dd1180d9e70f01f
03475e329b9fbc8246a09a4f888f9023	6	c13ecf6ac0da775a
03475e329b9fbc8246a09a4f888f9023	10	6e5de867c0060bc1
03475e329b9fbc8246a09a4f888f9023	20	1a04c1cedf9c0d5f
0350d0a0f0922b1184d3183ae3d58f4b	0	a057271c9071c99d
0350d0a0f0922b1184d3183ae3d58f4b	2	a8c20b26c6644d9d
0350d0a0f0922b1184d3183ae3d58f4b	4	a6cd962face38543
0350d0a0f0922b1184d3183ae3d58f4b	6	dd7887b453590003
0350d0a0f0922b1184d3183ae3d58f4b	10	065ef6ac5b866f92
0350d0a0f0922b1184d3183ae3d58f4b	20	9916cc15c313f033
0358188e041daccdd2fad07e1188f28c	0	a057271c9071c99d
0358188e041daccdd2fad07e1188f28c	2	eedf845fffce1177
0358188e041daccdd2fad07e1188f28c	4	21f69b18aa5387cf
0358188e041daccdd2fad07e1188f28c	6	381d00dd91eaf2a9
0358188e041daccdd2fad07e1188f28c	10	381d00dd91eaf2a9
0358188e041daccdd2fad07e1188f28c	20	381d00dd91eaf2a9
0359596347daa117da50950748bc06d1	0	a057271c9071c99d
0359596347daa117da50950748bc06d1	2	48229152c7a90c29
0359596347daa117da50950748bc06d1	4	e2bd16ae297367c6
0359596347daa117da50950748bc06d1	6	4a0914f9080cf2e1
0359596347daa117da50950748bc06d1	10	5b796a4a03ee4fff
0359596347daa117da50950748bc06d1	20	7e955f4536b3f274
035c200bbf0a783e4ec9656cfa9b2f68	0	a057271c9071c99d
035c200bbf0a783e4ec9656cfa9b2f68	2	af0930f01137011a
035c200bbf0a783e4ec9656cfa9b2f68	4	be3189252e61666e
035c200bbf0a783e4ec9656cfa9b2f68	6	c666485bd11111b1
035c200bbf0a783e4ec9656cfa9b2f68	10	2cc5c1713d0452a5
035c200bbf0a783e4ec9656cfa9b2f68	20	3689a9fe212f8079
035c23ef8339c6d16ecd45601af8a589	0	a057271c9071c99d
035c23ef8339c6d16ecd45601af8a589	2	4596bb36ac24dfa1
035c23ef8339c6d16ecd45601af8a589	4	93acf66237043452
035c23ef8339c6d16ecd45601af8a589	6	4fd85e870ba0c54a
035c23ef8339c6d16ecd45601af8a589	10	eff5248ee63527ea
035c23ef8339c6d16ecd45601af8a589	20	8d857d110ad8cab7
036126151ea302c37e340f6552777678	0	a057271c9071c99d
036126151ea302c37e340f6552777678	2	297b35ee72b7637b
036126151ea302c37e340f6552777678	4	cc1ab0d04ef0a228
036126151ea302c37e340f6552777678	6	caae0399eb9eb364
036126151ea302c37e340f6552777678	10	05565a6fcfecab8b
036126151ea302c37e340f6552777678	20	c7c740282bcc9b3e
03645a35cda06bab02dd280017fa8c3f	0	a057271c9071c99d
03645a35cda06bab02dd280017fa8c3f	2	ddf6b802110cf1d6
03645a35cda06bab02dd280017fa8c3f	4	bc2af8426d7509df
03645a35cda06bab02dd280017fa8c3f	6	9c840f67503e8bd3
03645a35cda06bab02dd280017fa8c3f	10	1c8b79b8e24b90a1
03645a35cda06bab02dd280017fa8c3f	20	1c8b79b8e24b90a1
0365db8065a89550e1ba73d86ec48cc2	0	a057271c9071c99d
0365db8065a89550e1ba73d86ec48cc2	2	88c44c45b502ab76
0365db8065a89550e1ba73d86ec48cc2	4	979ec4aa5257e6db
0365db8065a89550e1ba73d86ec48cc2	6	d1b3bcb3df75e0de
0365db8065a89550e1ba73d86ec48cc2	10	52244c1bad914d4d
0365db8065a89550e1ba73d86ec48cc2	20	f848b68590fb97a1
0369497a41c3914b796cb81e64dd2e55	0	a057271c9071c99d
0369497a41c3914b796cb81e64dd2e55	2	01f5311012f03e5d
0369497a41c3914b796cb81e64dd2e55	4	5f827f710497d701
0369497a41c3914b796cb81e64dd2e55	6	76806c13ed2f5571
0369497a41c3914b796cb81e64dd2e55	10	763545a09ea3750a
0369497a41c3914b796cb81e64dd2e55	20	b117487750e2d493
0369d8788498fe92e8337f326a929367	0	a057271c9071c99d
0369d8788498fe92e8337f326a929367	2	1708708e6fd12e3b
0369d8788498fe92e8337f326a929367	4	5ce6dff5531a57eb
0369d8788498fe92e8337f326a929367	6	cd29b10285e90aed
0369d8788498fe92e8337f326a929367	10	96bf322a05f0e55a
0369d8788498fe92e8337f326a929367	20	96bf322a05f0e55a
036b541db9d0839b0591d408ff4f77ae	0	a057271c9071c99d
036b541db9d0839b0591d408ff4f77ae	2	af832062f139e0f4
036b541db9d0839b0591d408ff4f77ae	4	aaf5cb3162e2b947
036b541db9d0839b0591d408ff4f77ae	6	c45d502b2aba75e6
036b541db9d0839b0591d408ff4f77ae	10	e4a8b6fe0a08da66
036b541db9d0839b0591d408ff4f77ae	20	ce93cb426c1396eb
036bb9f40335cf9c6bb167e8c3703926	0	a057271c9071c99d
036bb9f40335cf9c6bb167e8c3703926	2	2f30c63e464ac95e
036bb9f40335cf9c6bb167e8c3703926	4	90a7f1f1fa2d2196
036bb9f40335cf9c6bb167e8c3703926	6	90a7f1f1fa2d2196
036bb9f40335cf9c6bb167e8c3703926	10	90a7f1f1fa2d2196
036bb9f40335cf9c6bb167e8c3703926	20	90a7f1f1fa2d2196
036bbc647cdc27d4ca455cd3cf311262	0	a057271c9071c99d
036bbc647cdc27d4ca455cd3cf311262	2	85bdb3ecd5fbb50f
036bbc647cdc27d4ca455cd3cf311262	4	244acaaabecfa9d4
036bbc647cdc27d4ca455cd3cf311262	6	72d1cac767dff614
036bbc647cdc27d4ca455cd3cf311262	10	b7732464a1e214bf
036bbc647cdc27d4ca455cd3cf311262	20	f30a3e35b0e66494
037030471a83c04cf17c7cdbc8236e83	0	a057271c9071c99d
037030471a83c04cf17c7cdbc8236e83	2	9a3a9e25914e8f3d
037030471a83c04cf17c7cdbc8236e83	4	898cf3a6e3df095d
037030471a83c04cf17c7cdbc8236e83	6	44d4e5a4a96a863a
037030471a83c04cf17c7cdbc8236e83	10	44d4e5a4a96a863a
037030471a83c04cf17c7cdbc8236e83	20	44d4e5a4a96a863a
0379936c75c225f1a9a113762b019da6	0	a057271c9071c99d
0379936c75c225f1a9a113762b019da6	2	ee34037c263ac2a4
0379936c75c225f1a9a113762b019da6	4	d21a2b98a3a19c92
0379936c75c225f1a9a113762b019da6	6	3a7ca1ffce590232
0379936c75c225f1a9a113762b019da6	10	bf1cc1d6b296d4c1
0379936c75c225f1a9a113762b019da6	20	facfed4051f5af11
037a2d470c1c9727d55d5d947dd8394c	0	a057271c9071c99d
037a2d470c1c9727d55d5d947dd8394c	2	741192012a546561
037a2d470c1c9727d55d5d947dd8394c	4	7926e90e58080a79
037a2d470c1c9727d55d5d947dd8394c	6	ad6df93fc0828b76
037a2d470c1c9727d55d5d947dd8394c	10	6d9e9c32a856da14
037a2d470c1c9727d55d5d947dd8394c	20	23533e27b8258831
037a652d6e4bea27881073be25176934	0	a057271c9071c99d
037a652d6e4bea27881073be25176934	2	e011c9f9670df666
037a652d6e4bea27881073be25176934	4	6b584792ce927a65
037a652d6e4bea27881073be25176934	6	adff24c6a1fa9cd7
037a652d6e4bea27881073be25176934	10	9a10c4e4e467e971
037a652d6e4bea27881073be25176934	20	de469592ee00affa
037c423f56548082b1935e88c48ffdda	0	a057271c9071c99d
037c423f56548082b1935e88c48ffdda	2	192e6761d966ca3a
037c423f56548082b1935e88c48ffdda	4	d8132bd2894d5fce
037c423f56548082b1935e88c48ffdda	6	1bb56772b77df829
037c423f56548082b1935e88c48ffdda	10	2e4eb9ded7582dbc
037c423f56548082b1935e88c48ffdda	20	2e4eb9ded7582dbc
037cdc23d5ce303ee466680f4fdfe1fc	0	a057271c9071c99d
037cdc23d5ce303ee466680f4fdfe1fc	2	db54fa0aa6b2725a
037cdc23d5ce303ee466680f4fdfe1fc	4	92f1c4d61694e0f7
037cdc23d5ce303ee466680f4fdfe1fc	6	cc0e933637fdd23d
037cdc23d5ce303ee466680f4fdfe1fc	10	d254541b1eb360d2
037cdc23d5ce303ee466680f4fdfe1fc	20	8e756bf7ff1bf188
037d21e060a2e3eab8b080aa84ceee75	0	a057271c9071c99d
037d21e060a2e3eab8b080aa84ceee75	2	aebcdebc55de6f97
037d21e060a2e3eab8b080aa84ceee75	4	d5185c039d6c661d
037d21e060a2e3eab8b080aa84ceee75	6	45bd592b88aa1854
037d21e060a2e3eab8b080aa84ceee75	10	10d638752aa49baa
037d21e060a2e3eab8b080aa84ceee75	20	cd73cee8da8de174
0380d80ca292251e5afcf16c65707eb5	0	a057271c9071c99d
0380d80ca292251e5afcf16c65707eb5	2	41e1ffd081d0d222
0380d80ca292251e5afcf16c65707eb5	4	96338cfc00039a33
0380d80ca292251e5afcf16c65707eb5	6	9c024c626f5a310e
0380d80ca292251e5afcf16c65707eb5	10	b8b6c9292a5ab78c
0380d80ca292251e5afcf16c65707eb5	20	f7d14a5196888686
0381d8662f1fbc50581c54921a178b0a	0	a057271c9071c99d
0381d8662f1fbc50581c54921a178b0a	2	409a82f2134f965b
0381d8662f1fbc50581c54921a178b0a	4	b7720df190092793
0381d8662f1fbc50581c54921a178b0a	6	f60245116c19e8ea
0381d8662f1fbc50581c54921a178b0a	10	7e6aa704bdffba04
0381d8662f1fbc50581c54921a178b0a	20	af94af4637472ed8
03873e44115e30db6c3ccc2941c14101	0	a057271c9071c99d
03873e44115e30db6c3ccc2941c14101	2	04b1b862f2ef287a
03873e44115e30db6c3ccc2941c14101	4	b84718a0940675b1
03873e44115e30db6c3ccc2941c14101	6	78a1998b938b4fe5
03873e44115e30db6c3ccc2941c14101	10	b5fcaf88b23b42f2
03873e44115e30db6c3ccc2941c14101	20	5d4db5ffbef1d7b3
0389d1800e05f1ef2e60e640b86279d9	0	a057271c9071c99d
0389d1800e05f1ef2e60e640b86279d9	2	ae2368cecc15fe90
0389d1800e05f1ef2e60e640b86279d9	4	48ddebc65d4a9a22
0389d1800e05f1ef2e60e640b86279d9	6	02349eb26de0a676
0389d1800e05f1ef2e60e640b86279d9	10	bc69499057fa9202
0389d1800e05f1ef2e60e640b86279d9	20	0b0337e768621126
038b307ca27d32bbf2535bc7fbae82b3	0	a057271c9071c99d
038b307ca27d32bbf2535bc7fbae82b3	2	6cc3fb0b2bf79225
038b307ca27d32bbf2535bc7fbae82b3	4	50c3cf3cd1f41750
038b307ca27d32bbf2535bc7fbae82b3	6	dc88636d1e562ceb
038b307ca27d32bbf2535bc7fbae82b3	10	832ab21db0089eb9
038b307ca27d32bbf2535bc7fbae82b3	20	c1c0a95c146a698b
0391a7be47a1d4f1bf2180cffea667b1	0	a057271c9071c99d
0391a7be47a1d4f1bf2180cffea667b1	2	121d242ea24ea455
0391a7be47a1d4f1bf2180cffea667b1	4	a994a8d9d8e0572b
0391a7be47a1d4f1bf2180cffea667b1	6	d7a76ba61753ae3d
0391a7be47a1d4f1bf2180cffea667b1	10	d7a76ba61753ae3d
0391a7be47a1d4f1bf2180cffea667b1	20	d7a76ba61753ae3d
039378621dce8907fe5286ce965cce5c	0	a057271c9071c99d
039378621dce8907fe5286ce965cce5c	2	63966a8bc94d612e
039378621dce8907fe5286ce965cce5c	4	bb77488a4a7db330
039378621dce8907fe5286ce965cce5c	6	e23e7f34b20e28d9
039378621dce8907fe5286ce965cce5c	10	bd463503e796fe40
039378621dce8907fe5286ce965cce5c	20	33ce174d4d19d46e
0393ff33cb3cade4b83e0b5bd60996a4	0	a057271c9071c99d
0393ff33cb3cade4b83e0b5bd60996a4	2	c3e55b969440670e
0393ff33cb3cade4b83e0b5bd60996a4	4	4dd4b508ffc4cb3c
0393ff33cb3cade4b83e0b5bd60996a4	6	2391386f77932233
0393ff33cb3cade4b83e0b5bd60996a4	10	23f77664de953b63
0393ff33cb3cade4b83e0b5bd60996a4	20	aa7134cf9f8ea554
03942ae21753e7dead072ab1f6c1c3b1	0	a057271c9071c99d
03942ae21753e7dead072ab1f6c1c3b1	2	74802c2da0c8cb66
03942ae21753e7dead072ab1f6c1c3b1	4	a0cec6ecbdca07aa
03942ae21753e7dead072ab1f6c1c3b1	6	cc3369cca9067e63
03942ae21753e7dead072ab1f6c1c3b1	10	ec842d8ec478c6d1
03942ae21753e7dead072ab1f6c1c3b1	20	b19496ffab27bece
03980ada4055f6198fcd7ee52bb220f1	0	a057271c9071c99d
03980ada4055f6198fcd7ee52bb220f1	2	5696e4133455d3fd
03980ada4055f6198fcd7ee52bb220f1	4	b85320e8dd5dfb24
03980ada4055f6198fcd7ee52bb220f1	6	833b5518dce11c09
03980ada4055f6198fcd7ee52bb220f1	10	2923765f47e83ba6
03980ada4055f6198fcd7ee52bb220f1	20	b1fcfe7971561593
0398e6b20de133ba8b49c74b67dad7b7	0	a057271c9071c99d
0398e6b20de133ba8b49c74b67dad7b7	2	2e62e3067589279f
0398e6b20de133ba8b49c74b67dad7b7	4	6fa61aad84768c94
0398e6b20de133ba8b49c74b67dad7b7	6	2275c61f6f65d7ad
0398e6b20de133ba8b49c74b67dad7b7	10	fd693a16cf0dd7c3
0398e6b20de133ba8b49c74b67dad7b7	20	a9a83f6e38bcae5c
039b45f4a3979c9176b115bb8e88342f	0	a057271c9071c99d
039b45f4a3979c9176b115bb8e88342f	2	6ff0dd5532000a03
039b45f4a3979c9176b115bb8e88342f	4	aa7037c4df86acf9
039b45f4a3979c9176b115bb8e88342f	6	3dd33c189c802857
039b45f4a3979c9176b115bb8e88342f	10	322b3fc24fad8e34
039b45f4a3979c9176b115bb8e88342f	20	321e3ed230e712da
039c2bf64eab47d423b7740f3863bc49	0	a057271c9071c99d
039c2bf64eab47d423b7740f3863bc49	2	af73f0f5adfb424e
039c2bf64eab47d423b7740f3863bc49	4	5a0c77dbeed1db02
039c2bf64eab47d423b7740f3863bc49	6	b6b236bb15d4b796
039c2bf64eab47d423b7740f3863bc49	10	27f634fa74686257
039c2bf64eab47d423b7740f3863bc49	20	8517779441654ee5
039d09672019a346c710ba7d49c4f91b	0	a057271c9071c99d
039d09672019a346c710ba7d49c4f91b	2	65007c9d00f6822b
039d09672019a346c710ba7d49c4f91b	4	96130198ce790e3b
039d09672019a346c710ba7d49c4f91b	6	b2b9ac918e0267f6
039d09672019a346c710ba7d49c4f91b	10	5febf02db612f948
039d09672019a346c710ba7d49c4f91b	20	fe172ff97eba2f32
039f5e361b0d24319e37e08dbc07e50d	0	a057271c9071c99d
039f5e361b0d24319e37e08dbc07e50d	2	438a8374f71a0f56
039f5e361b0d24319e37e08dbc07e50d	4	b3c5ed6329752068
039f5e361b0d24319e37e08dbc07e50d	6	be07348cfa478c38
039f5e361b0d24319e37e08dbc07e50d	10	15d4ef0d2b3c733f
039f5e361b0d24319e37e08dbc07e50d	20	fe59dbf0a8ea8157
03a1a18521814692f56a8ecbea0031d4	0	a057271c9071c99d
03a1a18521814692f56a8ecbea0031d4	2	cbb449da53d3eee4
03a1a18521814692f56a8ecbea0031d4	4	3e7619fc5851bb3a
03a1a18521814692f56a8ecbea0031d4	6	dbcebebc131db6c5
03a1a18521814692f56a8ecbea0031d4	10	aaafa009f8cf62e9
03a1a18521814692f56a8ecbea0031d4	20	905621cffeba0c5c
03a1ada3e778fcec8a7ee0c9e685d4be	0	a057271c9071c99d
03a1ada3e778fcec8a7ee0c9e685d4be	2	e95016a30a0fc716
03a1ada3e778fcec8a7ee0c9e685d4be	4	7cf6029234f0aa12
03a1ada3e778fcec8a7ee0c9e685d4be	6	a2faaf6d19c363a4
03a1ada3e778fcec8a7ee0c9e685d4be	10	1a96c3a1677732a1
03a1ada3e778fcec8a7ee0c9e685d4be	20	1e6198813a3b6e9f
03a43a7ea55217f53542ed3f029963af	0	a057271c9071c99d
03a43a7ea55217f53542ed3f029963af	2	736dcb00e7f8e62d
03a43a7ea55217f53542ed3f029963af	4	4b488352abed028d
03a43a7ea55217f53542ed3f029963af	6	09b326102bd96889
03a43a7ea55217f53542ed3f029963af	10	8e78c81ced6c88e6
03a43a7ea55217f53542ed3f029963af	20	2124b99b08f706ca
03a4cfbba1ef7eafe2b4f01e444c411f	0	a057271c9071c99d
03a4cfbba1ef7eafe2b4f01e444c411f	2	4953a2e4e39e9994
03a4cfbba1ef7eafe2b4f01e444c411f	4	0a03b8929e7cc155
03a4cfbba1ef7eafe2b4f01e444c411f	6	cfb0f5f00e721adf
03a4cfbba1ef7eafe2b4f01e444c411f	10	1930c3223d8284ae
03a4cfbba1ef7eafe2b4f01e444c411f	20	ef52d6324409c703
03a6f26e998c764c46c97dd9778036a1	0	a057271c9071c99d
03a6f26e998c764c46c97dd9778036a1	2	92f509f64fd13700
03a6f26e998c764c46c97dd9778036a1	4	a5b8a687500ce73e
03a6f26e998c764c46c97dd9778036a1	6	b44351c063d96a93
03a6f26e998c764c46c97dd9778036a1	10	391cbeed1e261f13
03a6f26e998c764c46c97dd9778036a1	20	40a60a9af148a2db
03ae7447931228f49a3eec4f2f8fe9a9	0	a057271c9071c99d
03ae7447931228f49a3eec4f2f8fe9a9	2	711711efa1c8c2e4
03ae7447931228f49a3eec4f2f8fe9a9	4	b1ec7f651c837f7d
03ae7447931228f49a3eec4f2f8fe9a9	6	8fb39cb7ffbb4428
03ae7447931228f49a3eec4f2f8fe9a9	10	b0d24490875952ec
03ae7447931228f49a3eec4f2f8fe9a9	20	6d57f640c987e88e
03b08ff6f932aa7c6597059061c5fc6c	0	a057271c9071c99d
03b08ff6f932aa7c6597059061c5fc6c	2	55be681808813ce9
03b08ff6f932aa7c6597059061c5fc6c	4	c2e94fd9ec8cc18f
03b08ff6f932aa7c6597059061c5fc6c	6	c6ee7e12170fb47c
03b08ff6f932aa7c6597059061c5fc6c	10	cb2fd6952e4b141b
03b08ff6f932aa7c6597059061c5fc6c	20	94befc0583d5c6fe
03b0e7b608a5f1052c1cdb58ffc69262	0	a057271c9071c99d
03b0e7b608a5f1052c1cdb58ffc69262	2	36502d0ebb882ad3
03b0e7b608a5f1052c1cdb58ffc69262	4	8c2bbe727b82a1b2
03b0e7b608a5f1052c1cdb58ffc69262	6	040307631f68c909
03b0e7b608a5f1052c1cdb58ffc69262	10	480abdfe689f4738
03b0e7b608a5f1052c1cdb58ffc69262	20	2180c25e8a444914
03b297cfd24f7fffb743780ef9578886	0	a057271c9071c99d
03b297cfd24f7fffb743780ef9578886	2	f15f5192cc72e2e4
03b297cfd24f7fffb743780ef9578886	4	32d54be8307bb7d3
03b297cfd24f7fffb743780ef9578886	6	d2b914ec3ae59bbf
03b297cfd24f7fffb743780ef9578886	10	ee4def7ab602c1a2
03b297cfd24f7fffb743780ef9578886	20	12a3c5f2f7ddb259
03b75ba4f3a1bdcc58c89e6846eecaab	0	a057271c9071c99d
03b75ba4f3a1bdcc58c89e6846eecaab	2	d474cdb51d3b5a6f
03b75ba4f3a1bdcc58c89e6846eecaab	4	badac058b1f45f8a
03b75ba4f3a1bdcc58c89e6846eecaab	6	c8bbdb607bfd4efb
03b75ba4f3a1bdcc58c89e6846eecaab	10	c36d503446287a18
03b75ba4f3a1bdcc58c89e6846eecaab	20	aa50f045357b3e6e
03ba29d5cb38d345357a74a7b5ccd759	0	a057271c9071c99d
03ba29d5cb38d345357a74a7b5ccd759	2	c5d7c87dacb781cc
03ba29d5cb38d345357a74a7b5ccd759	4	62107b2c6326831d
03ba29d5cb38d345357a74a7b5ccd759	6	49b40d3f3d8b5b65
03ba29d5cb38d345357a74a7b5ccd759	10	93b4ad7fb0bce104
03ba29d5cb38d345357a74a7b5ccd759	20	774f8aed47e18302
03bb7baaa45980753a0e7050ae44755d	0	a057271c9071c99d
03bb7baaa45980753a0e7050ae44755d	2	64a798c47fe07303
03bb7baaa45980753a0e7050ae44755d	4	122f0601f0cf2833
03bb7baaa45980753a0e7050ae44755d	6	fed40244c56d1c6a
03bb7baaa45980753a0e7050ae44755d	10	f67a8082b9cea1a5
03bb7baaa45980753a0e7050ae44755d	20	836dfdd4aea44d08
03c41956324a467d4f265ee58af51f25	0	a057271c9071c99d
03c41956324a467d4f265ee58af51f25	2	4c407c3233208055
03c41956324a467d4f265ee58af51f25	4	bf3a66c44b8d777f
03c41956324a467d4f265ee58af51f25	6	532571c6050d39af
03c41956324a467d4f265ee58af51f25	10	696852dd908eb906
03c41956324a467d4f265ee58af51f25	20	899f7c56b87e418d
03c44a93577c98119dc498053888937a	0	a057271c9071c99d
03c44a93577c98119dc498053888937a	2	5e209dff4641dd3a
03c44a93577c98119dc498053888937a	4	70c870b01e65fa54
03c44a93577c98119dc498053888937a	6	f921b37cb2f5841b
03c44a93577c98119dc498053888937a	10	e76f5ade202e3d2c
03c44a93577c98119dc498053888937a	20	671fbdf82d47f1fd
03c5fef8cb8957ecf687548c8d504d10	0	a057271c9071c99d
03c5fef8cb8957ecf687548c8d504d10	2	facf594c9e806382
03c5fef8cb8957ecf687548c8d504d10	4	dd41640687296b1a
03c5fef8cb8957ecf687548c8d504d10	6	ba4f997a64e02dd0
03c5fef8cb8957ecf687548c8d504d10	10	ba4f997a64e02dd0
03c5fef8cb8957ecf687548c8d504d10	20	ba4f997a64e02dd0
03c6170c9b8917706b0ad0a28400d195	0	a057271c9071c99d
03c6170c9b8917706b0ad0a28400d195	2	75d2e1fd6bdc425c
03c6170c9b8917706b0ad0a28400d195	4	b505c04d2d440662
03c6170c9b8917706b0ad0a28400d195	6	cb4078c6f0655d18
03c6170c9b8917706b0ad0a28400d195	10	ff5edad9d48005a4
03c6170c9b8917706b0ad0a28400d195	20	56be46e9db4a7396
03c7c131fc68f902620c24f5f28cd179	0	a057271c9071c99d
03c7c131fc68f902620c24f5f28cd179	2	bed2af9c46ec4b0a
03c7c131fc68f902620c24f5f28cd179	4	b9fc093b332b2296
03c7c131fc68f902620c24f5f28cd179	6	3646d5d94f4e881f
03c7c131fc68f902620c24f5f28cd179	10	f3538fe2f7fc2e8c
03c7c131fc68f902620c24f5f28cd179	20	f3538fe2f7fc2e8c
03c8a9ffce923a8cb3452f18d371eacf	0	a057271c9071c99d
03c8a9ffce923a8cb3452f18d371eacf	2	1271c057130f7813
03c8a9ffce923a8cb3452f18d371eacf	4	6598ac5a0e8644e6
03c8a9ffce923a8cb3452f18d371eacf	6	8889b6133f0e802d
03c8a9ffce923a8cb3452f18d371eacf	10	05b908f481b56bd8
03c8a9ffce923a8cb3452f18d371eacf	20	3cbb85d8e12c994c
03cb9868146a1c420ba8e3b1b08865b8	0	a057271c9071c99d
03cb9868146a1c420ba8e3b1b08865b8	2	92c962906d54339f
03cb9868146a1c420ba8e3b1b08865b8	4	ae9c5d94a8ee0f25
03cb9868146a1c420ba8e3b1b08865b8	6	848452676ac3dc6f
03cb9868146a1c420ba8e3b1b08865b8	10	e44c3ac487364bba
03cb9868146a1c420ba8e3b1b08865b8	20	81467b83993807f4
03cd587fe1f5eb6c6c10ede767571241	0	a057271c9071c99d
03cd587fe1f5eb6c6c10ede767571241	2	4f8234888896a624
03cd587fe1f5eb6c6c10ede767571241	4	04d0884795a872b8
03cd587fe1f5eb6c6c10ede767571241	6	0e1a961dc31ed383
03cd587fe1f5eb6c6c10ede767571241	10	e4e8eac9c5228c4e
03cd587fe1f5eb6c6c10ede767571241	20	d8bf4c64523d9f90
03cf322e6530ef37b455bafbf451bd77	0	a057271c9071c99d
03cf322e6530ef37b455bafbf451bd77	2	ce1ef1892023bdab
03cf322e6530ef37b455bafbf451bd77	4	87c8f2174f82b274
03cf322e6530ef37b455bafbf451bd77	6	6038e313e9e5ccd7
03cf322e6530ef37b455bafbf451bd77	10	427067321458f745
03cf322e6530ef37b455bafbf451bd77	20	db414f8c383e6ff3
03d1940f76051f548ee86eb71a38ff14	0	a057271c9071c99d
03d1940f76051f548ee86eb71a38ff14	2	61aefab5487e1c6a
03d1940f76051f548ee86eb71a38ff14	4	1d95e3f9a3b8f4f3
03d1940f76051f548ee86eb71a38ff14	6	b1a8c25a821cc72c
03d1940f76051f548ee86eb71a38ff14	10	4ed9855acb198119
03d1940f76051f548ee86eb71a38ff14	20	52ebd0b55fdce648
03d1d6df36fdec5be7b60e6f0cd382f7	0	a057271c9071c99d
03d1d6df36fdec5be7b60e6f0cd382f7	2	0ab77cc018f76b64
03d1d6df36fdec5be7b60e6f0cd382f7	4	e23a6a55bf964ace
03d1d6df36fdec5be7b60e6f0cd382f7	6	122bc10e694f070f
03d1d6df36fdec5be7b60e6f0cd382f7	10	a69457ca6fa7c93f
03d1d6df36fdec5be7b60e6f0cd382f7	20	a28037dd3464805a
03d74bc7a2c848e5f834eb31bc6c839e	0	a057271c9071c99d
03d74bc7a2c848e5f834eb31bc6c839e	2	41cc55e27e0bf29b
03d74bc7a2c848e5f834eb31bc6c839e	4	5b1cecbb68e3eba8
03d74bc7a2c848e5f834eb31bc6c839e	6	95c2ab6e03c3ae2f
03d74bc7a2c848e5f834eb31bc6c839e	10	015abe8fa32b64de
03d74bc7a2c848e5f834eb31bc6c839e	20	3993d9bc2de851bd
03d8064f3be30daecf2ffe4c54361e61	0	a057271c9071c99d
03d8064f3be30daecf2ffe4c54361e61	2	4d70b61390871001
03d8064f3be30daecf2ffe4c54361e61	4	8ba4e88d4b1ca769
03d8064f3be30daecf2ffe4c54361e61	6	876ffda0a036c379
03d8064f3be30daecf2ffe4c54361e61	10	47c120904983b718
03d8064f3be30daecf2ffe4c54361e61	20	878eb6d70bc93d2b
03d93f5c0378205e17260e16e463ac67	0	a057271c9071c99d
03d93f5c0378205e17260e16e463ac67	2	9295038a27ea71d4
03d93f5c0378205e17260e16e463ac67	4	b0e2f001960530f2
03d93f5c0378205e17260e16e463ac67	6	fe100c65458faffe
03d93f5c0378205e17260e16e463ac67	10	547c8941077c8ffe
03d93f5c0378205e17260e16e463ac67	20	484070d1024312ae
03d9b7f7c619fdf000a1ba5eab146379	0	a057271c9071c99d
03d9b7f7c619fdf000a1ba5eab146379	2	168367352ad8a350
03d9b7f7c619fdf000a1ba5eab146379	4	5ec26666e9e1d48b
03d9b7f7c619fdf000a1ba5eab146379	6	dad7fd9d962909c8
03d9b7f7c619fdf000a1ba5eab146379	10	841b1a2ecc53a254
03d9b7f7c619fdf000a1ba5eab146379	20	841b1a2ecc53a254
03de316ba1e90305471a3b8620cb9cd7	0	a057271c9071c99d
03de316ba1e90305471a3b8620cb9cd7	2	124ce1e09857dce3
03de316ba1e90305471a3b8620cb9cd7	4	f5ca6ea579288b0f
03de316ba1e90305471a3b8620cb9cd7	6	612e73108beaa768
03de316ba1e90305471a3b8620cb9cd7	10	e5f184fb9c247bd3
03de316ba1e90305471a3b8620cb9cd7	20	e5f184fb9c247bd3
03deea471ff6f90e6b7519407f8b2056	0	a057271c9071c99d
03deea471ff6f90e6b7519407f8b2056	2	a00f471f15bd6161
03deea471ff6f90e6b7519407f8b2056	4	9c1afedbf1692d5f
03deea471ff6f90e6b7519407f8b2056	6	82b34a6e4821cea2
03deea471ff6f90e6b7519407f8b2056	10	b560d1a27d37b925
03deea471ff6f90e6b7519407f8b2056	20	d424b79344d92ce3
03e1a95e608657462464d0a748428d34	0	a057271c9071c99d
03e1a95e608657462464d0a748428d34	2	276ac77ef89def27
03e1a95e608657462464d0a748428d34	4	dca478d914683633
03e1a95e608657462464d0a748428d34	6	fff0555ff89a6484
03e1a95e608657462464d0a748428d34	10	ac7b6d62e476c0fc
03e1a95e608657462464d0a748428d34	20	a8bd7e525c84f3e8
03e399326b5d3dc202cdc3a9fb1b71f0	0	a057271c9071c99d
03e399326b5d3dc202cdc3a9fb1b71f0	2	6a99ed93e8f4a6f9
03e399326b5d3dc202cdc3a9fb1b71f0	4	5855299c1879fce5
03e399326b5d3dc202cdc3a9fb1b71f0	6	7abed20188fbac95
03e399326b5d3dc202cdc3a9fb1b71f0	10	ccfbbc8d051a8ef1
03e399326b5d3dc202cdc3a9fb1b71f0	20	256dc37862423013
03e3afdc2972da43f4549ba405ff2da4	0	a057271c9071c99d
03e3afdc2972da43f4549ba405ff2da4	2	50ac5163161c5778
03e3afdc2972da43f4549ba405ff2da4	4	6ad230aff9ec6bae
03e3afdc2972da43f4549ba405ff2da4	6	1be974ed2afee2b4
03e3afdc2972da43f4549ba405ff2da4	10	1be974ed2afee2b4
03e3afdc2972da43f4549ba405ff2da4	20	1be974ed2afee2b4
03e7f2c151ed62ad925ac241e4e1d792	0	a057271c9071c99d
03e7f2c151ed62ad925ac241e4e1d792	2	390843a93235656e
03e7f2c151ed62ad925ac241e4e1d792	4	5253d5460357bb00
03e7f2c151ed62ad925ac241e4e1d792	6	61574f5104409daa
03e7f2c151ed62ad925ac241e4e1d792	10	3567764cce11c2d1
03e7f2c151ed62ad925ac241e4e1d792	20	8cf65ec26b65e687
03e906525c3ec52373157721a7ebba48	0	a057271c9071c99d
03e906525c3ec52373157721a7ebba48	2	bc09e38812cdbc65
03e906525c3ec52373157721a7ebba48	4	8a312ffb4e4ec466
03e906525c3ec52373157721a7ebba48	6	a57b1946f3297fe7
03e906525c3ec52373157721a7ebba48	10	ad015787eab86fe0
03e906525c3ec52373157721a7ebba48	20	92aa9df0d3972da4
03e9d1abe418a1727bbf2ead77d69d02	0	a057271c9071c99d
03e9d1abe418a1727bbf2ead77d69d02	2	1e4b2fe62f4526b7
03e9d1abe418a1727bbf2ead77d69d02	4	440d5f22cad30c05
03e9d1abe418a1727bbf2ead77d69d02	6	d4b594850a90c628
03e9d1abe418a1727bbf2ead77d69d02	10	920b8ee81772a403
03e9d1abe418a1727bbf2ead77d69d02	20	920b8ee81772a403
03f06674e02ef12873c8f4e542c5c805	0	a057271c9071c99d
03f06674e02ef12873c8f4e542c5c805	2	740c6c65ea85e772
03f06674e02ef12873c8f4e542c5c805	4	88ec3641078a5e97
03f06674e02ef12873c8f4e542c5c805	6	8388cb7f49a81f1c
03f06674e02ef12873c8f4e542c5c805	10	8388cb7f49a81f1c
03f06674e02ef12873c8f4e542c5c805	20	8388cb7f49a81f1c
03f08e458eea1ef5ce14661c8a7bdc60	0	a057271c9071c99d
03f08e458eea1ef5ce14661c8a7bdc60	2	d5965ff214cbec21
03f08e458eea1ef5ce14661c8a7bdc60	4	1d54723ce85f95a4
03f08e458eea1ef5ce14661c8a7bdc60	6	34b14990af301145
03f08e458eea1ef5ce14661c8a7bdc60	10	6d1a604e4dbe0e14
03f08e458eea1ef5ce14661c8a7bdc60	20	6d1a604e4dbe0e14
03f25e67e52baf9fb1e782026d46c8a8	0	a057271c9071c99d
03f25e67e52baf9fb1e782026d46c8a8	2	85cac41ea89e64c5
03f25e67e52baf9fb1e782026d46c8a8	4	d298babe67186140
03f25e67e52baf9fb1e782026d46c8a8	6	d1f2fa3e8e8c2c31
03f25e67e52baf9fb1e782026d46c8a8	10	7560a292d98502fe
03f25e67e52baf9fb1e782026d46c8a8	20	fdd537e0f6d809e4
03f59ceb6fc1c1825ab604d526620a54	0	a057271c9071c99d
03f59ceb6fc1c1825ab604d526620a54	2	8599bbdb5f3c17b1
03f59ceb6fc1c1825ab604d526620a54	4	9189d91b17933349
03f59ceb6fc1c1825ab604d526620a54	6	28cf34550a1fa46c
03f59ceb6fc1c1825ab604d526620a54	10	5f0ba93f02f416c2
03f59ceb6fc1c1825ab604d526620a54	20	b9f91e257f2d9fea
03f8fb3e8459ebb1e526bedde7a121a7	0	a057271c9071c99d
03f8fb3e8459ebb1e526bedde7a121a7	2	80be46b633b55494
03f8fb3e8459ebb1e526bedde7a121a7	4	443e3810a861455e
03f8fb3e8459ebb1e526bedde7a121a7	6	3a5a6030b92361ee
03f8fb3e8459ebb1e526bedde7a121a7	10	2d2801c9e9684ea8
03f8fb3e8459ebb1e526bedde7a121a7	20	8bb8b3cde84fd421
03fb9af7b390fe9e0739150ca3410cf0	0	a057271c9071c99d
03fb9af7b390fe9e0739150ca3410cf0	2	bbad953b79612f4d
03fb9af7b390fe9e0739150ca3410cf0	4	d0c547c74913b30a
03fb9af7b390fe9e0739150ca3410cf0	6	e2b7c580dbdc3013
03fb9af7b390fe9e0739150ca3410cf0	10	cc6fc80fd25eebe4
03fb9af7b390fe9e0739150ca3410cf0	20	NA
04017562bd59e5a511debb2fd6051f62	0	a057271c9071c99d
04017562bd59e5a511debb2fd6051f62	2	8c4a8b2d5424d37e
04017562bd59e5a511debb2fd6051f62	4	a07f6ea1ec355786
04017562bd59e5a511debb2fd6051f62	6	89ee362912c4a5f0
04017562bd59e5a511debb2fd6051f62	10	8073088b7c2a68f3
04017562bd59e5a511debb2fd6051f62	20	888db1f790187558
0403cb413f30fe0fac6ae792a93364c9	0	a057271c9071c99d
0403cb413f30fe0fac6ae792a93364c9	2	725add34b6407656
0403cb413f30fe0fac6ae792a93364c9	4	49361b7f8e890303
0403cb413f30fe0fac6ae792a93364c9	6	65d4ea5aabb118c2
0403cb413f30fe0fac6ae792a93364c9	10	65d4ea5aabb118c2
0403cb413f30fe0fac6ae792a93364c9	20	65d4ea5aabb118c2
04071576275e4113b60c21601b364345	0	a057271c9071c99d
04071576275e4113b60c21601b364345	2	5aa29e21b8aceb30
04071576275e4113b60c21601b364345	4	ad8a53c4eed6ab98
04071576275e4113b60c21601b364345	6	069e8bdbf73ababb
04071576275e4113b60c21601b364345	10	e9331989f893a22c
04071576275e4113b60c21601b364345	20	8129f68410937305
04091a59646a7e0f1c64c57c26d3d91e	0	a057271c9071c99d
04091a59646a7e0f1c64c57c26d3d91e	2	a9f22867b08830fd
04091a59646a7e0f1c64c57c26d3d91e	4	d68b3f82e8455dc5
04091a59646a7e0f1c64c57c26d3d91e	6	026af5604062ecf9
04091a59646a7e0f1c64c57c26d3d91e	10	41705207fa9ac516
04091a59646a7e0f1c64c57c26d3d91e	20	39973533771834b2
040dbf7981a3ede37ecc00548fdede93	0	a057271c9071c99d
040dbf7981a3ede37ecc00548fdede93	2	65fdd5fb6461df38
040dbf7981a3ede37ecc00548fdede93	4	8bff4fc43cec44ce
040dbf7981a3ede37ecc00548fdede93	6	68e35615d75f0242
040dbf7981a3ede37ecc00548fdede93	10	37428f1b917704c7
040dbf7981a3ede37ecc00548fdede93	20	4a3cb9f0e6843f8f
040e4bdb9f4b0f58d3ec4d2f869363f4	0	a057271c9071c99d
040e4bdb9f4b0f58d3ec4d2f869363f4	2	51765fcccd811f8c
040e4bdb9f4b0f58d3ec4d2f869363f4	4	9df42e4a05633700
040e4bdb9f4b0f58d3ec4d2f869363f4	6	91137486f4801ee6
040e4bdb9f4b0f58d3ec4d2f869363f4	10	06c60c671776e36a
040e4bdb9f4b0f58d3ec4d2f869363f4	20	b18e25c3e15b4245
04121bd92efc49da7b54943da62c993f	0	a057271c9071c99d
04121bd92efc49da7b54943da62c993f	2	191f4e7d5062d5bb
04121bd92efc49da7b54943da62c993f	4	2c4a11295cd93c8d
04121bd92efc49da7b54943da62c993f	6	64ec57e9ffc710cf
04121bd92efc49da7b54943da62c993f	10	15993ff2c46e5342
04121bd92efc49da7b54943da62c993f	20	babc88c3840329df
04121f3fbe313b7046c9f54ac1e26c75	0	a057271c9071c99d
04121f3fbe313b7046c9f54ac1e26c75	2	2904833fbdc3f692
04121f3fbe313b7046c9f54ac1e26c75	4	8d84234ee9d11922
04121f3fbe313b7046c9f54ac1e26c75	6	b6ffb3ad75e774a8
04121f3fbe313b7046c9f54ac1e26c75	10	8679c2b290087f70
04121f3fbe313b7046c9f54ac1e26c75	20	441a2a8240440f19
0412f6f3174dfc4c27ad0b61280cd739	0	a057271c9071c99d
0412f6f3174dfc4c27ad0b61280cd739	2	04c42bc560b572a4
0412f6f3174dfc4c27ad0b61280cd739	4	6a6e66a247009ae1
0412f6f3174dfc4c27ad0b61280cd739	6	586fb4c0a5068ecd
0412f6f3174dfc4c27ad0b61280cd739	10	92faec8811f009a6
0412f6f3174dfc4c27ad0b61280cd739	20	92faec8811f009a6
04157f716c1e9606c6a530657bf8f957	0	a057271c9071c99d
04157f716c1e9606c6a530657bf8f957	2	6c72a2a23dfd07bd
04157f716c1e9606c6a530657bf8f957	4	c8673380528af272
04157f716c1e9606c6a530657bf8f957	6	e700d14444d72879
04157f716c1e9606c6a530657bf8f957	10	e676c264c8619497
04157f716c1e9606c6a530657bf8f957	20	11c413679676700d
0415acae197134f9d1cd7bea5ac3f2fd	0	a057271c9071c99d
0415acae197134f9d1cd7bea5ac3f2fd	2	dc1aeeb828bf45ea
0415acae197134f9d1cd7bea5ac3f2fd	4	ed32d91f14bae08b
0415acae197134f9d1cd7bea5ac3f2fd	6	81600acbb03b1058
0415acae197134f9d1cd7bea5ac3f2fd	10	f38ea03cbb937aed
0415acae197134f9d1cd7bea5ac3f2fd	20	300f618f5ce9acf1
04166b0a94fb2e4da58436ea480e2586	0	a057271c9071c99d
04166b0a94fb2e4da58436ea480e2586	2	c0305e87d3ecc411
04166b0a94fb2e4da58436ea480e2586	4	2b79f4839c9d7691
04166b0a94fb2e4da58436ea480e2586	6	63eee3d07f67ad0c
04166b0a94fb2e4da58436ea480e2586	10	63eee3d07f67ad0c
04166b0a94fb2e4da58436ea480e2586	20	63eee3d07f67ad0c
041699620802b7ed905f93976ae60bef	0	a057271c9071c99d
041699620802b7ed905f93976ae60bef	2	606741c5a438481c
041699620802b7ed905f93976ae60bef	4	ca575efcba7870ca
041699620802b7ed905f93976ae60bef	6	a66513773fcadc1e
041699620802b7ed905f93976ae60bef	10	5f3ffe7f3e15b4c9
041699620802b7ed905f93976ae60bef	20	3f713a973320fd05
041a4e925fd664bf8e2e41b8eb9f2840	0	a057271c9071c99d
041a4e925fd664bf8e2e41b8eb9f2840	2	c52c96f6d6d677ad
041a4e925fd664bf8e2e41b8eb9f2840	4	97d84f480c1d043d
041a4e925fd664bf8e2e41b8eb9f2840	6	59e90fe7eb758f57
041a4e925fd664bf8e2e41b8eb9f2840	10	38fa8358ff7510e0
041a4e925fd664bf8e2e41b8eb9f2840	20	38fa8358ff7510e0
041aa7c18006a2f33e5c5ec83eb08505	0	a057271c9071c99d
041aa7c18006a2f33e5c5ec83eb08505	2	d7859df5c4e78ef8
041aa7c18006a2f33e5c5ec83eb08505	4	1d961acbcc1dfaa8
041aa7c18006a2f33e5c5ec83eb08505	6	6b72f645ca926edf
041aa7c18006a2f33e5c5ec83eb08505	10	807dfd0e95abbf78
041aa7c18006a2f33e5c5ec83eb08505	20	68e5c136f84b9f9b
041afddade3479f2b9ebe3f5cf390c7e	0	a057271c9071c99d
041afddade3479f2b9ebe3f5cf390c7e	2	bf4b47d81b0e572c
041afddade3479f2b9ebe3f5cf390c7e	4	0468129e14253d57
041afddade3479f2b9ebe3f5cf390c7e	6	60107190e35e4819
041afddade3479f2b9ebe3f5cf390c7e	10	48a39adbb4af47f4
041afddade3479f2b9ebe3f5cf390c7e	20	6aeebebd28e2a7b4
041bf8c064b4f6f8fabcd2a9793b8c7b	0	a057271c9071c99d
041bf8c064b4f6f8fabcd2a9793b8c7b	2	bb8b19d05ebb237b
041bf8c064b4f6f8fabcd2a9793b8c7b	4	857421d546f08e4c
041bf8c064b4f6f8fabcd2a9793b8c7b	6	1cbcfb2d25108942
041bf8c064b4f6f8fabcd2a9793b8c7b	10	c37944c1970a2228
041bf8c064b4f6f8fabcd2a9793b8c7b	20	4d0523b1afe50bd9
041df0acc65530f7e1e628130c3d411d	0	a057271c9071c99d
041df0acc65530f7e1e628130c3d411d	2	8f5fb064b77c13f2
041df0acc65530f7e1e628130c3d411d	4	8737b6f6029b3147
041df0acc65530f7e1e628130c3d411d	6	ea81d5bd01fc291f
041df0acc65530f7e1e628130c3d411d	10	773e248d0e1b98b5
041df0acc65530f7e1e628130c3d411d	20	ab89925c08bcd697
041dfae4c5f8679c1b54f1fb3b8cb0f5	0	a057271c9071c99d
041dfae4c5f8679c1b54f1fb3b8cb0f5	2	342278f051030908
041dfae4c5f8679c1b54f1fb3b8cb0f5	4	83653cfa4e159032
041dfae4c5f8679c1b54f1fb3b8cb0f5	6	83dcb442a8f37c9a
041dfae4c5f8679c1b54f1fb3b8cb0f5	10	405e5976d2b44984
041dfae4c5f8679c1b54f1fb3b8cb0f5	20	e77a93bb6cd900de
041e654adaeb51d241eafd1e29a5fbfb	0	a057271c9071c99d
041e654adaeb51d241eafd1e29a5fbfb	2	1ed2686bbd8f6073
041e654adaeb51d241eafd1e29a5fbfb	4	6ba6389471539206
041e654adaeb51d241eafd1e29a5fbfb	6	376a291e8d8b7928
041e654adaeb51d241eafd1e29a5fbfb	10	2116366680265a1e
041e654adaeb51d241eafd1e29a5fbfb	20	4db64cb4bf562e74
041ef0a56340a623c38e6b9012933624	0	a057271c9071c99d
041ef0a56340a623c38e6b9012933624	2	0ff6324addaa3d9b
041ef0a56340a623c38e6b9012933624	4	e7886aadacf9683a
041ef0a56340a623c38e6b9012933624	6	135355aa2a195afb
041ef0a56340a623c38e6b9012933624	10	50abbbcb5dfedeff
041ef0a56340a623c38e6b9012933624	20	50abbbcb5dfedeff
041f5fd5d1c9ae9f0ba37a745b5dfd23	0	a057271c9071c99d
041f5fd5d1c9ae9f0ba37a745b5dfd23	2	928bf2e8b70d83bd
041f5fd5d1c9ae9f0ba37a745b5dfd23	4	02fee438eed52024
041f5fd5d1c9ae9f0ba37a745b5dfd23	6	45e8cf06c75d116a
041f5fd5d1c9ae9f0ba37a745b5dfd23	10	23bf08102643fb4a
041f5fd5d1c9ae9f0ba37a745b5dfd23	20	d97b09fe8ceacd04
041f974b7b2e24ffbc50eda1bb04f917	0	a057271c9071c99d
041f974b7b2e24ffbc50eda1bb04f917	2	271c65572ca80974
041f974b7b2e24ffbc50eda1bb04f917	4	406cc1eeb1bafd37
041f974b7b2e24ffbc50eda1bb04f917	6	0320d3cc45d81a61
041f974b7b2e24ffbc50eda1bb04f917	10	2c6f478306f7107b
041f974b7b2e24ffbc50eda1bb04f917	20	d8a162b3daf82805
0421d8c1dec913b76dc72d781a864a80	0	a057271c9071c99d
0421d8c1dec913b76dc72d781a864a80	2	3730e51dd0629351
0421d8c1dec913b76dc72d781a864a80	4	9e8512009561288c
0421d8c1dec913b76dc72d781a864a80	6	364de0d96dc641bd
0421d8c1dec913b76dc72d781a864a80	10	816be70e9cac0530
0421d8c1dec913b76dc72d781a864a80	20	1f9298621d4b7391
0422d43dc86ee9111d46c1a10992ea29	0	a057271c9071c99d
0422d43dc86ee9111d46c1a10992ea29	2	7fc9cffe2f903704
0422d43dc86ee9111d46c1a10992ea29	4	16615c525147aae3
0422d43dc86ee9111d46c1a10992ea29	6	47b48487ccb61222
0422d43dc86ee9111d46c1a10992ea29	10	9e6490165776c285
0422d43dc86ee9111d46c1a10992ea29	20	b062afd89ffbb0bc
04282eb8fedd703fb176b37c5d037a0c	0	a057271c9071c99d
04282eb8fedd703fb176b37c5d037a0c	2	2025acfb52593e76
04282eb8fedd703fb176b37c5d037a0c	4	85bb0fbcfa2fd741
04282eb8fedd703fb176b37c5d037a0c	6	4444522aed48df8d
04282eb8fedd703fb176b37c5d037a0c	10	f5e9cc7760ed2011
04282eb8fedd703fb176b37c5d037a0c	20	dfa1da05e5d3a11a
04283728b84c4b0ff6cb44ca4bc4ab65	0	a057271c9071c99d
04283728b84c4b0ff6cb44ca4bc4ab65	2	0ce705ca7900a13c
04283728b84c4b0ff6cb44ca4bc4ab65	4	cd0210e42cefb5fb
04283728b84c4b0ff6cb44ca4bc4ab65	6	a07a9a7aad6bb303
04283728b84c4b0ff6cb44ca4bc4ab65	10	b1c2aa5290b521ef
04283728b84c4b0ff6cb44ca4bc4ab65	20	b1c2aa5290b521ef
042846b7b23a617ad1730e9eb2dbdceb	0	a057271c9071c99d
042846b7b23a617ad1730e9eb2dbdceb	2	e9bea2e92bfd6f22
042846b7b23a617ad1730e9eb2dbdceb	4	5b352bfc717c68f3
042846b7b23a617ad1730e9eb2dbdceb	6	0c003007d86e617d
042846b7b23a617ad1730e9eb2dbdceb	10	8db9f1dd3ccc9f37
042846b7b23a617ad1730e9eb2dbdceb	20	be3d69a04ff52be6
04296c034b9b888599263926aab8ddc8	0	a057271c9071c99d
04296c034b9b888599263926aab8ddc8	2	42e08c9a8b9e2cfa
04296c034b9b888599263926aab8ddc8	4	f30d88bf510d6f4f
04296c034b9b888599263926aab8ddc8	6	f3cc31f097e52f0b
04296c034b9b888599263926aab8ddc8	10	ed644b68c078bce2
04296c034b9b888599263926aab8ddc8	20	0eb53cbc29ab197b
042b503bc444d79e1593cbdc73d18c96	0	a057271c9071c99d
042b503bc444d79e1593cbdc73d18c96	2	ca35c4690babd7c5
042b503bc444d79e1593cbdc73d18c96	4	d9edb07e2b9d6f4c
042b503bc444d79e1593cbdc73d18c96	6	66f4ecac3becfe6b
042b503bc444d79e1593cbdc73d18c96	10	56201215fa247b5c
042b503bc444d79e1593cbdc73d18c96	20	8c951847a7e713f6
042cdc726a92bf0a2195b3b426f35bce	0	a057271c9071c99d
042cdc726a92bf0a2195b3b426f35bce	2	c2baebdfde0c52f3
042cdc726a92bf0a2195b3b426f35bce	4	cf2bb3ff3b9bcb57
042cdc726a92bf0a2195b3b426f35bce	6	4b70751a80afa80a
042cdc726a92bf0a2195b3b426f35bce	10	a95e196efd997c4d
042cdc726a92bf0a2195b3b426f35bce	20	3c18c65b122b3014
0430dd41069c93d385b767e768c1095f	0	a057271c9071c99d
0430dd41069c93d385b767e768c1095f	2	5f1c31acb61972ea
0430dd41069c93d385b767e768c1095f	4	24e1bda6c061640d
0430dd41069c93d385b767e768c1095f	6	b3170d4334ece8b0
0430dd41069c93d385b767e768c1095f	10	b3170d4334ece8b0
0430dd41069c93d385b767e768c1095f	20	b3170d4334ece8b0
04327b18171b43ff06586707499b97fc	0	a057271c9071c99d
04327b18171b43ff06586707499b97fc	2	205974aa60dd4aff
04327b18171b43ff06586707499b97fc	4	908991608b054490
04327b18171b43ff06586707499b97fc	6	66b2fcd73c752b51
04327b18171b43ff06586707499b97fc	10	edf105dff83ea4e0
04327b18171b43ff06586707499b97fc	20	edf105dff83ea4e0
0436f8cdece0f293915bbc6d711f6850	0	a057271c9071c99d
0436f8cdece0f293915bbc6d711f6850	2	2078a091a6ca5d09
0436f8cdece0f293915bbc6d711f6850	4	6a3d8590e2cb6409
0436f8cdece0f293915bbc6d711f6850	6	4e9d3bc4bb16f3ae
0436f8cdece0f293915bbc6d711f6850	10	dd6941a524becc76
0436f8cdece0f293915bbc6d711f6850	20	fffab98cf4eb7807
043c40bb7bdb3a2eccb3eb0b79f47cab	0	a057271c9071c99d
043c40bb7bdb3a2eccb3eb0b79f47cab	2	775d14b3306a0796
043c40bb7bdb3a2eccb3eb0b79f47cab	4	88ed2e4bdc6d7f48
043c40bb7bdb3a2eccb3eb0b79f47cab	6	a90e1dc58aa79ac2
043c40bb7bdb3a2eccb3eb0b79f47cab	10	a6cdbdb12ec849bc
043c40bb7bdb3a2eccb3eb0b79f47cab	20	a6cdbdb12ec849bc
043cdbde77d0a494be264ee322847809	0	a057271c9071c99d
043cdbde77d0a494be264ee322847809	2	c72965b4ae7e60ba
043cdbde77d0a494be264ee322847809	4	9671ffdce6a248ba
043cdbde77d0a494be264ee322847809	6	ebcb8da3878c438c
043cdbde77d0a494be264ee322847809	10	8c76b7a9f056396c
043cdbde77d0a494be264ee322847809	20	ca8587753fa9d141
043ddf84451e8b1a50f3f5662897e385	0	a057271c9071c99d
043ddf84451e8b1a50f3f5662897e385	2	b0d4a98696b72ea8
043ddf84451e8b1a50f3f5662897e385	4	98dbdb0a94872cb4
043ddf84451e8b1a50f3f5662897e385	6	c3350bfb3e9f8cc6
043ddf84451e8b1a50f3f5662897e385	10	9c80f8762a9380da
043ddf84451e8b1a50f3f5662897e385	20	8b6e43db166cc178
043f806db615f7a138d4beffe3367c1a	0	a057271c9071c99d
043f806db615f7a138d4beffe3367c1a	2	334f0eb59264ac02
043f806db615f7a138d4beffe3367c1a	4	d946b70562b21413
043f806db615f7a138d4beffe3367c1a	6	256ed988faf9d7a0
043f806db615f7a138d4beffe3367c1a	10	256ed988faf9d7a0
043f806db615f7a138d4beffe3367c1a	20	256ed988faf9d7a0
04411a580ede5fd258d84ce872b5f53b	0	a057271c9071c99d
04411a580ede5fd258d84ce872b5f53b	2	763d89b8d451c8c9
04411a580ede5fd258d84ce872b5f53b	4	919d313631a2620c
04411a580ede5fd258d84ce872b5f53b	6	4b8edd0f345737ee
04411a580ede5fd258d84ce872b5f53b	10	f8a3789a633f4221
04411a580ede5fd258d84ce872b5f53b	20	17b2a7d57ff66201
0443c64d68e48da7bd100c03c82c0c4b	0	a057271c9071c99d
0443c64d68e48da7bd100c03c82c0c4b	2	52610561d77b0a6f
0443c64d68e48da7bd100c03c82c0c4b	4	9437936ad83e95c8
0443c64d68e48da7bd100c03c82c0c4b	6	f3be3ac4372f6564
0443c64d68e48da7bd100c03c82c0c4b	10	661d3214ae4df941
0443c64d68e48da7bd100c03c82c0c4b	20	9e8dae89fb82e187
0445a4d6be24882bac0988a055e7f379	0	a057271c9071c99d
0445a4d6be24882bac0988a055e7f379	2	e6a173058700f2b1
0445a4d6be24882bac0988a055e7f379	4	050d4adeb2b33dd6
0445a4d6be24882bac0988a055e7f379	6	12b65b3652402b9d
0445a4d6be24882bac0988a055e7f379	10	466e37b3984fb227
0445a4d6be24882bac0988a055e7f379	20	466e37b3984fb227
0445e60a23b32e2adc07e34ec3f5dbf4	0	a057271c9071c99d
0445e60a23b32e2adc07e34ec3f5dbf4	2	fb89becc825ac8c3
0445e60a23b32e2adc07e34ec3f5dbf4	4	eef4f289e4732558
0445e60a23b32e2adc07e34ec3f5dbf4	6	773241ea7e2d19df
0445e60a23b32e2adc07e34ec3f5dbf4	10	bcc53bcc8f1792d7
0445e60a23b32e2adc07e34ec3f5dbf4	20	bcc53bcc8f1792d7
0447371bb8a97e8fe5d3cee6de1db766	0	a057271c9071c99d
0447371bb8a97e8fe5d3cee6de1db766	2	9d51b61019cdeb9f
0447371bb8a97e8fe5d3cee6de1db766	4	697460e7c23092c2
0447371bb8a97e8fe5d3cee6de1db766	6	6341a4bb0738d70b
0447371bb8a97e8fe5d3cee6de1db766	10	69fb15a7a189c7a5
0447371bb8a97e8fe5d3cee6de1db766	20	9b38b021695dc98a
0449da0fb33b7ed1f7b7f0e2924cfb14	0	a057271c9071c99d
0449da0fb33b7ed1f7b7f0e2924cfb14	2	ed4dfda07b9de4cf
0449da0fb33b7ed1f7b7f0e2924cfb14	4	9bc2a8ec58b52049
0449da0fb33b7ed1f7b7f0e2924cfb14	6	46e4b2f1cd95a270
0449da0fb33b7ed1f7b7f0e2924cfb14	10	a07b43d6cbf50676
0449da0fb33b7ed1f7b7f0e2924cfb14	20	46c9112685783944
044a4186f6873d19008743aa0dfd004d	0	a057271c9071c99d
044a4186f6873d19008743aa0dfd004d	2	730ffce0586f2a09
044a4186f6873d19008743aa0dfd004d	4	11f54989dd61f71f
044a4186f6873d19008743aa0dfd004d	6	96e2cdcf320aa4d8
044a4186f6873d19008743aa0dfd004d	10	44572ee6b9f94d2f
044a4186f6873d19008743aa0dfd004d	20	51b6e0c91046b979
044a95f1445afa3e02a258417ab90ab9	0	a057271c9071c99d
044a95f1445afa3e02a258417ab90ab9	2	4e2939fd74f97b41
044a95f1445afa3e02a258417ab90ab9	4	6dc0ece01319ffd8
044a95f1445afa3e02a258417ab90ab9	6	75e6c087918c5ea1
044a95f1445afa3e02a258417ab90ab9	10	38317820b1ff254b
044a95f1445afa3e02a258417ab90ab9	20	38317820b1ff254b
044d27388c142e8e47812d9518e01b2f	0	a057271c9071c99d
044d27388c142e8e47812d9518e01b2f	2	508ca0cf202736f9
044d27388c142e8e47812d9518e01b2f	4	b6df3ec28823b3c4
044d27388c142e8e47812d9518e01b2f	6	38b8f725b5327210
044d27388c142e8e47812d9518e01b2f	10	fcf5de40e9fa4a59
044d27388c142e8e47812d9518e01b2f	20	a7a9709e0595a591
044eced3d5aac22e0f34ad02071132f7	0	a057271c9071c99d
044eced3d5aac22e0f34ad02071132f7	2	adc5939270f4706c
044eced3d5aac22e0f34ad02071132f7	4	4a5cd2a1d4d23901
044eced3d5aac22e0f34ad02071132f7	6	b8fed9fce1d5a4ec
044eced3d5aac22e0f34ad02071132f7	10	4e6a30b7f3b8c15c
044eced3d5aac22e0f34ad02071132f7	20	4e6a30b7f3b8c15c
045182d177d3f95d7cfef1205d609f37	0	a057271c9071c99d
045182d177d3f95d7cfef1205d609f37	2	64320ebdb957966e
045182d177d3f95d7cfef1205d609f37	4	3498463009253142
045182d177d3f95d7cfef1205d609f37	6	7f36b6171eae08e6
045182d177d3f95d7cfef1205d609f37	10	72fce6c0132efc98
045182d177d3f95d7cfef1205d609f37	20	e2016c5f1ea8a0b5
045490bc2ea6b39133e367e0d5985ec6	0	a057271c9071c99d
045490bc2ea6b39133e367e0d5985ec6	2	1a6595b825efa043
045490bc2ea6b39133e367e0d5985ec6	4	a4e1a0b592ce09d3
045490bc2ea6b39133e367e0d5985ec6	6	867dfd5d94b01db9
045490bc2ea6b39133e367e0d5985ec6	10	b2cece9da447b057
045490bc2ea6b39133e367e0d5985ec6	20	3f2ca67878cc17ec
04557a22f623dcbae86173fced057c99	0	a057271c9071c99d
04557a22f623dcbae86173fced057c99	2	bc9f033a0d1f5625
04557a22f623dcbae86173fced057c99	4	e60d4ac93febe84a
04557a22f623dcbae86173fced057c99	6	6302d587ea9c5653
04557a22f623dcbae86173fced057c99	10	1829ac82ea8f4cf3
04557a22f623dcbae86173fced057c99	20	97d8650db261ba8b
045613366353b062992e68937ca53edf	0	a057271c9071c99d
045613366353b062992e68937ca53edf	2	1db32e7e7f6fa5e4
045613366353b062992e68937ca53edf	4	efbf66c41921a3b4
045613366353b062992e68937ca53edf	6	dd5641eb3fc6af8c
045613366353b062992e68937ca53edf	10	9d95c26f5e9989d4
045613366353b062992e68937ca53edf	20	2eae3dca863cd871
0458851a021830f297e5dc3418ece838	0	a057271c9071c99d
0458851a021830f297e5dc3418ece838	2	abbf0e80c20206cc
0458851a021830f297e5dc3418ece838	4	b875f832cbcd3243
0458851a021830f297e5dc3418ece838	6	081c122e86e78517
0458851a021830f297e5dc3418ece838	10	20767b6aede89ba7
0458851a021830f297e5dc3418ece838	20	NA
045941155fcb708d6d80e421c87c2abf	0	a057271c9071c99d
045941155fcb708d6d80e421c87c2abf	2	5aab0fcd8e88cbe5
045941155fcb708d6d80e421c87c2abf	4	960c59b20f54cf49
045941155fcb708d6d80e421c87c2abf	6	3b84c8b3e3e98af1
045941155fcb708d6d80e421c87c2abf	10	cedbd2954ebe5cdd
045941155fcb708d6d80e421c87c2abf	20	24cac8a3fed7b174
0459bb2e18a01e6f3f305dc8be7040bc	0	a057271c9071c99d
0459bb2e18a01e6f3f305dc8be7040bc	2	de7dad1297d937b1
0459bb2e18a01e6f3f305dc8be7040bc	4	c32b1ff941274d9b
0459bb2e18a01e6f3f305dc8be7040bc	6	966f41de0074a3ff
0459bb2e18a01e6f3f305dc8be7040bc	10	966f41de0074a3ff
0459bb2e18a01e6f3f305dc8be7040bc	20	966f41de0074a3ff
045e3c00486daba698458469f773f700	0	a057271c9071c99d
045e3c00486daba698458469f773f700	2	0b32f9a4f5190410
045e3c00486daba698458469f773f700	4	71b3f99c2b66be5f
045e3c00486daba698458469f773f700	6	87c1d7cd92939a21
045e3c00486daba698458469f773f700	10	4454004f4e516cef
045e3c00486daba698458469f773f700	20	e205be01e6a8946b
045eeffb8750ff847de87bc37f922c02	0	a057271c9071c99d
045eeffb8750ff847de87bc37f922c02	2	a84d968d8bbf8ee5
045eeffb8750ff847de87bc37f922c02	4	42d62d1a9ebb99c7
045eeffb8750ff847de87bc37f922c02	6	b9f974971d1b6073
045eeffb8750ff847de87bc37f922c02	10	39a91485aaa9ca97
045eeffb8750ff847de87bc37f922c02	20	cf796dce8da8f50e
046027fd1061d32ad6cba9174f9f37c8	0	a057271c9071c99d
046027fd1061d32ad6cba9174f9f37c8	2	946d791761adfc88
046027fd1061d32ad6cba9174f9f37c8	4	d96914ce24fe6279
046027fd1061d32ad6cba9174f9f37c8	6	23f29c6487f0ae03
046027fd1061d32ad6cba9174f9f37c8	10	e036bef6a394868f
046027fd1061d32ad6cba9174f9f37c8	20	59c4aa2dd5f7c6d8
04619a36750d6e3e9f34e433e9a0cedc	0	a057271c9071c99d
04619a36750d6e3e9f34e433e9a0cedc	2	e266617324733b35
04619a36750d6e3e9f34e433e9a0cedc	4	0cc3626abcd7d884
04619a36750d6e3e9f34e433e9a0cedc	6	dd8780470f80f0c3
04619a36750d6e3e9f34e433e9a0cedc	10	38b72c813f5708c1
04619a36750d6e3e9f34e433e9a0cedc	20	dd601aaa8fcb5585
0461c116d94becf63a1c41b320f6eea3	0	a057271c9071c99d
0461c116d94becf63a1c41b320f6eea3	2	0036e58a5dfdfaa8
0461c116d94becf63a1c41b320f6eea3	4	a89cc37241616e1d
0461c116d94becf63a1c41b320f6eea3	6	0b93247a5a5bb207
0461c116d94becf63a1c41b320f6eea3	10	0b93247a5a5bb207
0461c116d94becf63a1c41b320f6eea3	20	0b93247a5a5bb207
0462a0427297f8979588174b502bd044	0	a057271c9071c99d
0462a0427297f8979588174b502bd044	2	d181662deba394c6
0462a0427297f8979588174b502bd044	4	059027b7e980f8ac
0462a0427297f8979588174b502bd044	6	1baf73b8d7d32cda
0462a0427297f8979588174b502bd044	10	d336e4406a438086
0462a0427297f8979588174b502bd044	20	77b03becc4a1360c
0463b72200ae80c02835c027d3606c4e	0	a057271c9071c99d
0463b72200ae80c02835c027d3606c4e	2	1335b2b1d024f128
0463b72200ae80c02835c027d3606c4e	4	4a566075aadc5a45
0463b72200ae80c02835c027d3606c4e	6	f37e89d85a553eec
0463b72200ae80c02835c027d3606c4e	10	ecb32441b3a1d417
0463b72200ae80c02835c027d3606c4e	20	ecb32441b3a1d417
0464c7eea603a1169b0d74903226ee9c	0	a057271c9071c99d
0464c7eea603a1169b0d74903226ee9c	2	d903816d9aadf13d
0464c7eea603a1169b0d74903226ee9c	4	b2042757e6f64bcd
0464c7eea603a1169b0d74903226ee9c	6	67ff1b4bb31e5cb1
0464c7eea603a1169b0d74903226ee9c	10	5fa86d16c1cc0560
0464c7eea603a1169b0d74903226ee9c	20	155dd7e04df5f7e7
04674c7c9520c7edc0426b820f837726	0	a057271c9071c99d
04674c7c9520c7edc0426b820f837726	2	34ec8cc45f28ccc9
04674c7c9520c7edc0426b820f837726	4	5a427cd2670ce0bf
04674c7c9520c7edc0426b820f837726	6	e3db5104ce9c814a
04674c7c9520c7edc0426b820f837726	10	45d572ee8b6ef20d
04674c7c9520c7edc0426b820f837726	20	8feff29f755fe9f8
0467f94ce29392897b1c964f6557ce46	0	a057271c9071c99d
0467f94ce29392897b1c964f6557ce46	2	f5ed516153d06375
0467f94ce29392897b1c964f6557ce46	4	bfaea4887a4cb0bc
0467f94ce29392897b1c964f6557ce46	6	b1d023f6be85c530
0467f94ce29392897b1c964f6557ce46	10	3ca635ff70751a4f
0467f94ce29392897b1c964f6557ce46	20	a3823b8ffe99492c
047566aaff65b42f2d1e89e0e1fc957f	0	a057271c9071c99d
047566aaff65b42f2d1e89e0e1fc957f	2	1b69cde4817b770f
047566aaff65b42f2d1e89e0e1fc957f	4	f885a47e3743879f
047566aaff65b42f2d1e89e0e1fc957f	6	985cf2784aee6421
047566aaff65b42f2d1e89e0e1fc957f	10	079a577cafcd2a65
047566aaff65b42f2d1e89e0e1fc957f	20	b9774ea625c652c9
04782106e70a3e200feb487e5dfd826b	0	a057271c9071c99d
04782106e70a3e200feb487e5dfd826b	2	03b58a3dfac35434
04782106e70a3e200feb487e5dfd826b	4	98e55c722378eac6
04782106e70a3e200feb487e5dfd826b	6	e23e9fbaab4cddd3
04782106e70a3e200feb487e5dfd826b	10	e23e9fbaab4cddd3
04782106e70a3e200feb487e5dfd826b	20	e23e9fbaab4cddd3
0478f201a06ab2219542330f36a3698c	0	a057271c9071c99d
0478f201a06ab2219542330f36a3698c	2	f5e9aeebe9b36d20
0478f201a06ab2219542330f36a3698c	4	5e6472196b95d0de
0478f201a06ab2219542330f36a3698c	6	3214cb2e90b2325b
0478f201a06ab2219542330f36a3698c	10	8f6887b2727808f1
0478f201a06ab2219542330f36a3698c	20	ef13f8276ac86d08
047a18e21c771877710468a88576cf29	0	a057271c9071c99d
047a18e21c771877710468a88576cf29	2	1f9f35d6b2b58da8
047a18e21c771877710468a88576cf29	4	fbb6ccbf4bb3b577
047a18e21c771877710468a88576cf29	6	076835537a5b3b69
047a18e21c771877710468a88576cf29	10	610bdb3c7e306b07
047a18e21c771877710468a88576cf29	20	48e1d4b3c5752d8b
047a24a20dcf32612975fff862a229dd	0	a057271c9071c99d
047a24a20dcf32612975fff862a229dd	2	53657e6dee5fb680
047a24a20dcf32612975fff862a229dd	4	b076be6cc90ad38e
047a24a20dcf32612975fff862a229dd	6	5a9767d31f125914
047a24a20dcf32612975fff862a229dd	10	8e544e248b224e0b
047a24a20dcf32612975fff862a229dd	20	abfa0be4e898b6c8
047c92e7c0a36a23d8107f4313517719	0	a057271c9071c99d
047c92e7c0a36a23d8107f4313517719	2	cf0db9fce3ad3281
047c92e7c0a36a23d8107f4313517719	4	8b52bdee554a6b0a
047c92e7c0a36a23d8107f4313517719	6	c5c84f5eb439bbd9
047c92e7c0a36a23d8107f4313517719	10	283658cd6b14c32e
047c92e7c0a36a23d8107f4313517719	20	cf2f13667a9837ab
047fbe00ecc60835f1ee9d458bbd7ee8	0	a057271c9071c99d
047fbe00ecc60835f1ee9d458bbd7ee8	2	f3823947dfc061d2
047fbe00ecc60835f1ee9d458bbd7ee8	4	f9d8adeb3df8d3c6
047fbe00ecc60835f1ee9d458bbd7ee8	6	e714c2fe33c98ba7
047fbe00ecc60835f1ee9d458bbd7ee8	10	24cff3bfe524226e
047fbe00ecc60835f1ee9d458bbd7ee8	20	86f26ac0267a511e
0480133b8911f6e9c3b4bb2755327649	0	a057271c9071c99d
0480133b8911f6e9c3b4bb2755327649	2	b451eed891fd0e17
0480133b8911f6e9c3b4bb2755327649	4	ffe29edb3d4d7069
0480133b8911f6e9c3b4bb2755327649	6	21d7a85da91177d5
0480133b8911f6e9c3b4bb2755327649	10	b0713bfb1b99a600
0480133b8911f6e9c3b4bb2755327649	20	b0713bfb1b99a600
048142b6048cb6c10415e08f68a2c3a3	0	a057271c9071c99d
048142b6048cb6c10415e08f68a2c3a3	2	73239dfb0b9717d0
048142b6048cb6c10415e08f68a2c3a3	4	505ccc23ad446313
048142b6048cb6c10415e08f68a2c3a3	6	062635c03ce96120
048142b6048cb6c10415e08f68a2c3a3	10	52f1880094409a97
048142b6048cb6c10415e08f68a2c3a3	20	51b127430df19e48
04823801df6304e0fd0f36b9f956c2dc	0	a057271c9071c99d
04823801df6304e0fd0f36b9f956c2dc	2	7de80c35c366918f
04823801df6304e0fd0f36b9f956c2dc	4	d972a84965223bed
04823801df6304e0fd0f36b9f956c2dc	6	2fda14f4d99ceadf
04823801df6304e0fd0f36b9f956c2dc	10	d0a419dd85816803
04823801df6304e0fd0f36b9f956c2dc	20	d0a419dd85816803
04842030167d0508d3e42d8f0dda29e0	0	a057271c9071c99d
04842030167d0508d3e42d8f0dda29e0	2	c8b4b5c47bba5281
04842030167d0508d3e42d8f0dda29e0	4	eea1cbdb6f46b35d
04842030167d0508d3e42d8f0dda29e0	6	e516e07901f1f522
04842030167d0508d3e42d8f0dda29e0	10	69d290addec14fe5
04842030167d0508d3e42d8f0dda29e0	20	30b9faf866a152f3
0488830078c4a680d8014bbff36deeb1	0	a057271c9071c99d
0488830078c4a680d8014bbff36deeb1	2	986d8424a1333e6f
0488830078c4a680d8014bbff36deeb1	4	c34b5f404185d455
0488830078c4a680d8014bbff36deeb1	6	11bb4335ac0badba
0488830078c4a680d8014bbff36deeb1	10	4f0d2f8f99542be9
0488830078c4a680d8014bbff36deeb1	20	2511832746af7815
04897f61ac34d82804d57aa07322a400	0	a057271c9071c99d
04897f61ac34d82804d57aa07322a400	2	81f3c520802e9db2
04897f61ac34d82804d57aa07322a400	4	92e385d9275ccf79
04897f61ac34d82804d57aa07322a400	6	dc73d23ed6c8f01f
04897f61ac34d82804d57aa07322a400	10	8750e91c3a6e0c8d
04897f61ac34d82804d57aa07322a400	20	c1192c8ceeeabb0a
04898b587aa76d7625bdfe23fd8a1a0a	0	a057271c9071c99d
04898b587aa76d7625bdfe23fd8a1a0a	2	71228a9b6692b35f
04898b587aa76d7625bdfe23fd8a1a0a	4	48da6d08b293ab49
04898b587aa76d7625bdfe23fd8a1a0a	6	fca4a8045b069a39
04898b587aa76d7625bdfe23fd8a1a0a	10	09dd54d1d9d67cdc
04898b587aa76d7625bdfe23fd8a1a0a	20	b59756b9d78bab67
048a70da40ea4908c783b8314be2da97	0	a057271c9071c99d
048a70da40ea4908c783b8314be2da97	2	f5829ade1d9f274f
048a70da40ea4908c783b8314be2da97	4	8e6a7f64a0d3da90
048a70da40ea4908c783b8314be2da97	6	8ab5ec3d1c0054b8
048a70da40ea4908c783b8314be2da97	10	b54658a1f7190ce3
048a70da40ea4908c783b8314be2da97	20	12c5d1ae4f2a0bf8
048ddbb09453a83d40fa85110d0958f3	0	a057271c9071c99d
048ddbb09453a83d40fa85110d0958f3	2	79881196dee26fda
048ddbb09453a83d40fa85110d0958f3	4	2fb0eb01707da347
048ddbb09453a83d40fa85110d0958f3	6	78b59c90e90ae0e0
048ddbb09453a83d40fa85110d0958f3	10	41db646fed3d4d26
048ddbb09453a83d40fa85110d0958f3	20	41db646fed3d4d26
048e257d6d04d3d17f6547ca07fedd76	0	a057271c9071c99d
048e257d6d04d3d17f6547ca07fedd76	2	7f20e63c14fbe968
048e257d6d04d3d17f6547ca07fedd76	4	b2ef591bfaafbfc0
048e257d6d04d3d17f6547ca07fedd76	6	eb8f28606a62d751
048e257d6d04d3d17f6547ca07fedd76	10	6b9a62e6c91ccabd
048e257d6d04d3d17f6547ca07fedd76	20	5f9c614bfd5d5022
049072033960eab882a3b0933d414f36	0	a057271c9071c99d
049072033960eab882a3b0933d414f36	2	9652d77d96bfe9f2
049072033960eab882a3b0933d414f36	4	54cc7de994f185e6
049072033960eab882a3b0933d414f36	6	702f4c12fb99e647
049072033960eab882a3b0933d414f36	10	121e4c6995283915
049072033960eab882a3b0933d414f36	20	e545f1ec95bef809
04909da47036ae2ccf4fd8d025b83344	0	a057271c9071c99d
04909da47036ae2ccf4fd8d025b83344	2	8bff6173c4aab792
04909da47036ae2ccf4fd8d025b83344	4	9842fa1ccc728a72
04909da47036ae2ccf4fd8d025b83344	6	a44edd81e5bd08aa
04909da47036ae2ccf4fd8d025b83344	10	4829ff1858a77e36
04909da47036ae2ccf4fd8d025b83344	20	1096f34aefdec96c
0491901f00c8663e5b49a0dbbf96412f	0	a057271c9071c99d
0491901f00c8663e5b49a0dbbf96412f	2	d8a3a3357f0566d0
0491901f00c8663e5b49a0dbbf96412f	4	a96718eec359769d
0491901f00c8663e5b49a0dbbf96412f	6	d9a65e8edc4e515b
0491901f00c8663e5b49a0dbbf96412f	10	488fab167fdb9ae5
0491901f00c8663e5b49a0dbbf96412f	20	488fab167fdb9ae5
04929ae99a2b834405a1db90e2747245	0	a057271c9071c99d
04929ae99a2b834405a1db90e2747245	2	44cd238ca8919bf7
04929ae99a2b834405a1db90e2747245	4	55a1a9aab86c5e21
04929ae99a2b834405a1db90e2747245	6	633817ca6eaefc2d
04929ae99a2b834405a1db90e2747245	10	a30c05842989c42b
04929ae99a2b834405a1db90e2747245	20	2feaeb2d4cef3035
04935c7718d4ada8516e0d99c46df41b	0	a057271c9071c99d
04935c7718d4ada8516e0d99c46df41b	2	3e331df0b1a30723
04935c7718d4ada8516e0d99c46df41b	4	8e26f32d896f215e
04935c7718d4ada8516e0d99c46df41b	6	52e0456840399939
04935c7718d4ada8516e0d99c46df41b	10	e634b18441054daa
04935c7718d4ada8516e0d99c46df41b	20	8354f6e41db18515
0494c37fc0ae2de1550eea216cfc1752	0	a057271c9071c99d
0494c37fc0ae2de1550eea216cfc1752	2	9dd85cc0f321249d
0494c37fc0ae2de1550eea216cfc1752	4	142c0f448b4f7f4a
0494c37fc0ae2de1550eea216cfc1752	6	8eb879c75ee56eff
0494c37fc0ae2de1550eea216cfc1752	10	29cbca5303ec1c64
0494c37fc0ae2de1550eea216cfc1752	20	9d98a49e147e413d
04956720311452f8ad4bc3d771fdfbc0	0	a057271c9071c99d
04956720311452f8ad4bc3d771fdfbc0	2	62e8b3b5f02eb5cc
04956720311452f8ad4bc3d771fdfbc0	4	be8c5db0a1077c49
04956720311452f8ad4bc3d771fdfbc0	6	525a89799c88d8b7
04956720311452f8ad4bc3d771fdfbc0	10	c33d8b3f900c40fa
04956720311452f8ad4bc3d771fdfbc0	20	59f31de6948cc307
049775f8bfc13fefc68f086cd3667df4	0	a057271c9071c99d
049775f8bfc13fefc68f086cd3667df4	2	c15555320ae9fda9
049775f8bfc13fefc68f086cd3667df4	4	4253b8f49c12c81c
049775f8bfc13fefc68f086cd3667df4	6	d6c7f479718bbd41
049775f8bfc13fefc68f086cd3667df4	10	f05eee7eb84f2f16
049775f8bfc13fefc68f086cd3667df4	20	433d17c47689e31a
0498569a656eb22b361a106e0cecff9b	0	a057271c9071c99d
0498569a656eb22b361a106e0cecff9b	2	0a0fad5c0bc6ad5b
0498569a656eb22b361a106e0cecff9b	4	57fb037b71fb79ff
0498569a656eb22b361a106e0cecff9b	6	abce9fb531487b61
0498569a656eb22b361a106e0cecff9b	10	3ffe0b07c349992d
0498569a656eb22b361a106e0cecff9b	20	87675e0b0b43e248
04992f0208bb60792163c32fbc207165	0	a057271c9071c99d
04992f0208bb60792163c32fbc207165	2	a36574e358a4388e
04992f0208bb60792163c32fbc207165	4	c84b19e7e4aced37
04992f0208bb60792163c32fbc207165	6	b9cf2ce56e086176
04992f0208bb60792163c32fbc207165	10	e2015148d20199e0
04992f0208bb60792163c32fbc207165	20	034cb7b66b57243a
049a5615101bbe36f025a7b87d3c7360	0	a057271c9071c99d
049a5615101bbe36f025a7b87d3c7360	2	14a231b97d70e375
049a5615101bbe36f025a7b87d3c7360	4	67881608030c4d76
049a5615101bbe36f025a7b87d3c7360	6	ee41c111e33655e6
049a5615101bbe36f025a7b87d3c7360	10	3929671bfe62cd49
049a5615101bbe36f025a7b87d3c7360	20	2817ea2d285c5499
049ddd5ace159bd3d3363c9c36217d6d	0	a057271c9071c99d
049ddd5ace159bd3d3363c9c36217d6d	2	3ff37737314732c8
049ddd5ace159bd3d3363c9c36217d6d	4	9f079a4ceeefae65
049ddd5ace159bd3d3363c9c36217d6d	6	604f594c383c2f0f
049ddd5ace159bd3d3363c9c36217d6d	10	66439748dfcd930f
049ddd5ace159bd3d3363c9c36217d6d	20	5975532cd0f14796
049df9eac33b5770ea20ec1f022f0173	0	a057271c9071c99d
049df9eac33b5770ea20ec1f022f0173	2	31c34de3845ea119
049df9eac33b5770ea20ec1f022f0173	4	cfd59a0e180ad55a
049df9eac33b5770ea20ec1f022f0173	6	4e8f211f003ceb90
049df9eac33b5770ea20ec1f022f0173	10	5cb98d933e09bf90
049df9eac33b5770ea20ec1f022f0173	20	5cb98d933e09bf90
04a05b619dfddaebbe864e7b94e108c1	0	a057271c9071c99d
04a05b619dfddaebbe864e7b94e108c1	2	b0ddd88710d2786b
04a05b619dfddaebbe864e7b94e108c1	4	8a628f9188df10a7
04a05b619dfddaebbe864e7b94e108c1	6	919d26fd3b226798
04a05b619dfddaebbe864e7b94e108c1	10	742bde078b37c43b
04a05b619dfddaebbe864e7b94e108c1	20	742bde078b37c43b
04a0b133fe5760af8a58451053673fc9	0	a057271c9071c99d
04a0b133fe5760af8a58451053673fc9	2	e40f796fd447d56f
04a0b133fe5760af8a58451053673fc9	4	8487f6cc3c0df08b
04a0b133fe5760af8a58451053673fc9	6	7f86c412daac19ad
04a0b133fe5760af8a58451053673fc9	10	68cee0209ec3c24e
04a0b133fe5760af8a58451053673fc9	20	67bfc71216e9158f
04a3e6aed6697c05b23934f51e9d5321	0	a057271c9071c99d
04a3e6aed6697c05b23934f51e9d5321	2	802bb296348da4a6
04a3e6aed6697c05b23934f51e9d5321	4	69582960f111ffda
04a3e6aed6697c05b23934f51e9d5321	6	88b914af98d35d7a
04a3e6aed6697c05b23934f51e9d5321	10	8c215172f1962250
04a3e6aed6697c05b23934f51e9d5321	20	bb425421c107c3c8
04a7b805cf12ae898f723b735fa959df	0	a057271c9071c99d
04a7b805cf12ae898f723b735fa959df	2	11e07218f2cf23ef
04a7b805cf12ae898f723b735fa959df	4	6cf5e41b6d3214e2
04a7b805cf12ae898f723b735fa959df	6	69e0b4b9eeac107c
04a7b805cf12ae898f723b735fa959df	10	703c27c05b0620c9
04a7b805cf12ae898f723b735fa959df	20	52c71e7519168c88
04a97eb41fd59e3495641ea2442177c9	0	a057271c9071c99d
04a97eb41fd59e3495641ea2442177c9	2	88da735368341d49
04a97eb41fd59e3495641ea2442177c9	4	bd6dfecf3be898b5
04a97eb41fd59e3495641ea2442177c9	6	d5cf21e398efc8f0
04a97eb41fd59e3495641ea2442177c9	10	949a1cede801a234
04a97eb41fd59e3495641ea2442177c9	20	60a63dea67733707
04aa3db794a4a1129b037aac393e0bb5	0	a057271c9071c99d
04aa3db794a4a1129b037aac393e0bb5	2	f8c68367b5b82457
04aa3db794a4a1129b037aac393e0bb5	4	bde75e05c0c3f6b3
04aa3db794a4a1129b037aac393e0bb5	6	bc2f610af20b1393
04aa3db794a4a1129b037aac393e0bb5	10	b5f44393a048c36d
04aa3db794a4a1129b037aac393e0bb5	20	be602baf7e283b11
04aac627660a42b5661595b06de9685f	0	a057271c9071c99d
04aac627660a42b5661595b06de9685f	2	2d55bffd0212737e
04aac627660a42b5661595b06de9685f	4	cda361a5bee91cf1
04aac627660a42b5661595b06de9685f	6	f31b0ee3536fd2b2
04aac627660a42b5661595b06de9685f	10	7848972085670fb0
04aac627660a42b5661595b06de9685f	20	691ce4f64d9e9065
04afde06992c1171bbcac67b3b58c53c	0	a057271c9071c99d
04afde06992c1171bbcac67b3b58c53c	2	c549ee3568e0e251
04afde06992c1171bbcac67b3b58c53c	4	41b252b10514ee6e
04afde06992c1171bbcac67b3b58c53c	6	502165fbd764ca43
04afde06992c1171bbcac67b3b58c53c	10	e7ecaad6f7b80d6c
04afde06992c1171bbcac67b3b58c53c	20	4d7125177ec3ba31
04b111df3a3747388e923ae5252c9f4d	0	a057271c9071c99d
04b111df3a3747388e923ae5252c9f4d	2	2fedf121f5979859
04b111df3a3747388e923ae5252c9f4d	4	b818ed9df6672bf4
04b111df3a3747388e923ae5252c9f4d	6	ab9a6142ff9d3244
04b111df3a3747388e923ae5252c9f4d	10	b6b12461e7ebc470
04b111df3a3747388e923ae5252c9f4d	20	dd139c10c4a98fea
04b1f0add9aaef195413ca4c03ea58ba	0	a057271c9071c99d
04b1f0add9aaef195413ca4c03ea58ba	2	6857a81d32949fa5
04b1f0add9aaef195413ca4c03ea58ba	4	7aae05487cf46086
04b1f0add9aaef195413ca4c03ea58ba	6	64282f1a0c406b49
04b1f0add9aaef195413ca4c03ea58ba	10	fe53e0f3941c5555
04b1f0add9aaef195413ca4c03ea58ba	20	45f819153d99dcee
04b21b20b0f2aca4b886eb7832b6b0e8	0	a057271c9071c99d
04b21b20b0f2aca4b886eb7832b6b0e8	2	1d780bc6cbe4c6a3
04b21b20b0f2aca4b886eb7832b6b0e8	4	2c4702222368f111
04b21b20b0f2aca4b886eb7832b6b0e8	6	33e4f686d146a8a9
04b21b20b0f2aca4b886eb7832b6b0e8	10	6df1b87270693b01
04b21b20b0f2aca4b886eb7832b6b0e8	20	6df1b87270693b01
04b2a7f442ed1b15439d0678ce902d6f	0	a057271c9071c99d
04b2a7f442ed1b15439d0678ce902d6f	2	097250031a619a78
04b2a7f442ed1b15439d0678ce902d6f	4	8b10c949ae0b4bd9
04b2a7f442ed1b15439d0678ce902d6f	6	049606d93858f18b
04b2a7f442ed1b15439d0678ce902d6f	10	c7a70d7d04b75f68
04b2a7f442ed1b15439d0678ce902d6f	20	cf99358cdea08b9f
04b4dfec9afb6529764a94d1cea16abb	0	a057271c9071c99d
04b4dfec9afb6529764a94d1cea16abb	2	e4292d60e007f8c5
04b4dfec9afb6529764a94d1cea16abb	4	4d8dcbaee4c6f798
04b4dfec9afb6529764a94d1cea16abb	6	de9ba768cbaf86bc
04b4dfec9afb6529764a94d1cea16abb	10	ebf22551764c0d76
04b4dfec9afb6529764a94d1cea16abb	20	584fa03b6bbc4f5a
04b58fb62b01369ce326152f7c7416e9	0	a057271c9071c99d
04b58fb62b01369ce326152f7c7416e9	2	227b391e2f7d1abd
04b58fb62b01369ce326152f7c7416e9	4	9e725cb2aa52af44
04b58fb62b01369ce326152f7c7416e9	6	325f3ff4826b4731
04b58fb62b01369ce326152f7c7416e9	10	09aa87f84701e84b
04b58fb62b01369ce326152f7c7416e9	20	14aa3e4fd2de4781
04b88891edf088b990a3b3b81763efdd	0	a057271c9071c99d
04b88891edf088b990a3b3b81763efdd	2	31b792df572aa6a9
04b88891edf088b990a3b3b81763efdd	4	39205457bdec9f29
04b88891edf088b990a3b3b81763efdd	6	916c262bceff42b8
04b88891edf088b990a3b3b81763efdd	10	5d51e980573e25d6
04b88891edf088b990a3b3b81763efdd	20	b29d227161b606d0
04b9913aca917f957c43cd4d07e5785d	0	a057271c9071c99d
04b9913aca917f957c43cd4d07e5785d	2	9a925fbb36c0539e
04b9913aca917f957c43cd4d07e5785d	4	ed68fb431689d1d7
04b9913aca917f957c43cd4d07e5785d	6	ef877957b9019309
04b9913aca917f957c43cd4d07e5785d	10	3d8dab98e47ba58a
04b9913aca917f957c43cd4d07e5785d	20	c90b57ab1c818f8d
04c03de21b275b4e5e9f5882bf2c5ec1	0	a057271c9071c99d
04c03de21b275b4e5e9f5882bf2c5ec1	2	6593d30a776b42b5
04c03de21b275b4e5e9f5882bf2c5ec1	4	8c896688d66ce8a0
04c03de21b275b4e5e9f5882bf2c5ec1	6	d078f27c77a43abc
04c03de21b275b4e5e9f5882bf2c5ec1	10	45347de5a229f2bf
04c03de21b275b4e5e9f5882bf2c5ec1	20	ef37d2392ae6bc64
04c045b6ea95a35e248f3c5fa17e4c56	0	a057271c9071c99d
04c045b6ea95a35e248f3c5fa17e4c56	2	aef924647833e684
04c045b6ea95a35e248f3c5fa17e4c56	4	6767190509146a40
04c045b6ea95a35e248f3c5fa17e4c56	6	90f5a90897a8473f
04c045b6ea95a35e248f3c5fa17e4c56	10	e6c670889b11075c
04c045b6ea95a35e248f3c5fa17e4c56	20	7c4b2de75145be59
04d00ada667e60a3153fb811809d7e34	0	a057271c9071c99d
04d00ada667e60a3153fb811809d7e34	2	d4a0a3812fb3bac8
04d00ada667e60a3153fb811809d7e34	4	6ffd26494f2afb55
04d00ada667e60a3153fb811809d7e34	6	2765e4bddf9964f2
04d00ada667e60a3153fb811809d7e34	10	c1d15534ba37f912
04d00ada667e60a3153fb811809d7e34	20	a819363dae8d71b3
04d0ae28e10d4a35ebab62f42f0200e8	0	a057271c9071c99d
04d0ae28e10d4a35ebab62f42f0200e8	2	c7766d496aca756a
04d0ae28e10d4a35ebab62f42f0200e8	4	3d3868902a397f07
04d0ae28e10d4a35ebab62f42f0200e8	6	48da65d2ba5a8d49
04d0ae28e10d4a35ebab62f42f0200e8	10	7a0b8b5fcf31c48f
04d0ae28e10d4a35ebab62f42f0200e8	20	8990c71d8332cfaf
04d1b01eb1d69df1e9951f5243295833	0	a057271c9071c99d
04d1b01eb1d69df1e9951f5243295833	2	ea7904b8950ab297
04d1b01eb1d69df1e9951f5243295833	4	b0097fb1523fe48a
04d1b01eb1d69df1e9951f5243295833	6	b0f4f3e787955b8d
04d1b01eb1d69df1e9951f5243295833	10	b0f4f3e787955b8d
04d1b01eb1d69df1e9951f5243295833	20	b0f4f3e787955b8d
04d22a87377168b4bae34b530adee132	0	a057271c9071c99d
04d22a87377168b4bae34b530adee132	2	cf4ccf5d78eee59a
04d22a87377168b4bae34b530adee132	4	b8d317255349aed2
04d22a87377168b4bae34b530adee132	6	63a31cee2ae2ff50
04d22a87377168b4bae34b530adee132	10	11396c925bedaf77
04d22a87377168b4bae34b530adee132	20	a8ffa2d00d9a80f3
04d28cb98f3362dfcd4ab74d4bb82de3	0	a057271c9071c99d
04d28cb98f3362dfcd4ab74d4bb82de3	2	9983f1aaa26899ec
04d28cb98f3362dfcd4ab74d4bb82de3	4	6a4860a6e2210e90
04d28cb98f3362dfcd4ab74d4bb82de3	6	853a742d5c03a5dd
04d28cb98f3362dfcd4ab74d4bb82de3	10	37557ad8f480027c
04d28cb98f3362dfcd4ab74d4bb82de3	20	a447ad69185f6857
04d2cca932a87b98ebfc7bbd0fe6ed5d	0	a057271c9071c99d
04d2cca932a87b98ebfc7bbd0fe6ed5d	2	efe6855f4ff5fd35
04d2cca932a87b98ebfc7bbd0fe6ed5d	4	d20e0d4ce0dea70b
04d2cca932a87b98ebfc7bbd0fe6ed5d	6	f21b8769b1adee17
04d2cca932a87b98ebfc7bbd0fe6ed5d	10	bc13a9f2fc0a58c3
04d2cca932a87b98ebfc7bbd0fe6ed5d	20	91609f0fa503b6d9
04d964003e9d42e6f2483e64564c1f54	0	a057271c9071c99d
04d964003e9d42e6f2483e64564c1f54	2	251b177781dadaa4
04d964003e9d42e6f2483e64564c1f54	4	64f8fa83ef72616f
04d964003e9d42e6f2483e64564c1f54	6	da65f0a4344a6f1e
04d964003e9d42e6f2483e64564c1f54	10	812cd22fc1531977
04d964003e9d42e6f2483e64564c1f54	20	8cf4e1e4f564e4a5
04d9e4c3ab38c5caa1983ac2c1263bc1	0	a057271c9071c99d
04d9e4c3ab38c5caa1983ac2c1263bc1	2	866dcf3c501e9f3e
04d9e4c3ab38c5caa1983ac2c1263bc1	4	8a248ab8f54759f9
04d9e4c3ab38c5caa1983ac2c1263bc1	6	54094e9b14d9dcde
04d9e4c3ab38c5caa1983ac2c1263bc1	10	977a39f6239c93ba
04d9e4c3ab38c5caa1983ac2c1263bc1	20	977a39f6239c93ba
04dbb417a7eeebd7ffe3199b414f4242	0	a057271c9071c99d
04dbb417a7eeebd7ffe3199b414f4242	2	c9bcee11be0d6319
04dbb417a7eeebd7ffe3199b414f4242	4	f4289b0d70801b95
04dbb417a7eeebd7ffe3199b414f4242	6	69dbaf715fe1375d
04dbb417a7eeebd7ffe3199b414f4242	10	f6b6345f2d9afc94
04dbb417a7eeebd7ffe3199b414f4242	20	71a847876dc9bc3a
04dcc4912a16549fc97d918545b68af5	0	a057271c9071c99d
04dcc4912a16549fc97d918545b68af5	2	0a8d2a6ce2acaba4
04dcc4912a16549fc97d918545b68af5	4	98369a591c1e8830
04dcc4912a16549fc97d918545b68af5	6	27ad16fc28524bc2
04dcc4912a16549fc97d918545b68af5	10	2d3a644bf32578c6
04dcc4912a16549fc97d918545b68af5	20	a47c1c19e5a4589e
04dd37bd8e319df958e1e091ec60de5b	0	a057271c9071c99d
04dd37bd8e319df958e1e091ec60de5b	2	34701c7b4a9edf96
04dd37bd8e319df958e1e091ec60de5b	4	adb03bfdb9814d28
04dd37bd8e319df958e1e091ec60de5b	6	dc3d413766f7a9f6
04dd37bd8e319df958e1e091ec60de5b	10	da9cfb23d69423ef
04dd37bd8e319df958e1e091ec60de5b	20	7084561454057dcd
04ded94454830d4ea960327e8b91f5a3	0	a057271c9071c99d
04ded94454830d4ea960327e8b91f5a3	2	3bbc70293e1bfe7a
04ded94454830d4ea960327e8b91f5a3	4	091309d3773a5423
04ded94454830d4ea960327e8b91f5a3	6	fa03e057ea6acede
04ded94454830d4ea960327e8b91f5a3	10	bb7ed420bab0c7ba
04ded94454830d4ea960327e8b91f5a3	20	99d7c92f8e442f39
04dee0e90b8ce346e65a60c81f6687df	0	a057271c9071c99d
04dee0e90b8ce346e65a60c81f6687df	2	2535a3de231bdcb7
04dee0e90b8ce346e65a60c81f6687df	4	4f80bd931205165d
04dee0e90b8ce346e65a60c81f6687df	6	325bcc00b51e5342
04dee0e90b8ce346e65a60c81f6687df	10	27b6562a3940c76e
04dee0e90b8ce346e65a60c81f6687df	20	6f210fcaabc48d59
04e219c640ed59dc68ea2d50493de5b5	0	a057271c9071c99d
04e219c640ed59dc68ea2d50493de5b5	2	344572335c37753c
04e219c640ed59dc68ea2d50493de5b5	4	9037005813b32729
04e219c640ed59dc68ea2d50493de5b5	6	85bddfdfa2c5ac41
04e219c640ed59dc68ea2d50493de5b5	10	db3c2b1439c6c5f9
04e219c640ed59dc68ea2d50493de5b5	20	fcac43f4fa708ba4
04e47e6635908600ef3938b32644825a	0	a057271c9071c99d
04e47e6635908600ef3938b32644825a	2	0bb11416c7307301
04e47e6635908600ef3938b32644825a	4	00c71ad76c6537ab
04e47e6635908600ef3938b32644825a	6	c78c0a27cd6e7906
04e47e6635908600ef3938b32644825a	10	e3452019b78fcd76
04e47e6635908600ef3938b32644825a	20	e3452019b78fcd76
04e50bc7a121716e396dc538ab24490e	0	a057271c9071c99d
04e50bc7a121716e396dc538ab24490e	2	ad5ffbb1e44815ed
04e50bc7a121716e396dc538ab24490e	4	11fda7b8fd3bc55b
04e50bc7a121716e396dc538ab24490e	6	481601aa06e73f36
04e50bc7a121716e396dc538ab24490e	10	4a44e0aecd500d2e
04e50bc7a121716e396dc538ab24490e	20	4a44e0aecd500d2e
04e54fdde41e2e623789c3f7df6d274d	0	a057271c9071c99d
04e54fdde41e2e623789c3f7df6d274d	2	9be6106c55b1489c
04e54fdde41e2e623789c3f7df6d274d	4	a25741a6a7c9029a
04e54fdde41e2e623789c3f7df6d274d	6	ebddb3dff3a9b0b2
04e54fdde41e2e623789c3f7df6d274d	10	ebddb3dff3a9b0b2
04e54fdde41e2e623789c3f7df6d274d	20	ebddb3dff3a9b0b2
04e6e374423615babd4062f67a532c5e	0	a057271c9071c99d
04e6e374423615babd4062f67a532c5e	2	7cb5fdb2d2ab6ae9
04e6e374423615babd4062f67a532c5e	4	c96dbc3cf091058c
04e6e374423615babd4062f67a532c5e	6	bd5bcd2b1b1f6744
04e6e374423615babd4062f67a532c5e	10	82c367e5c1c44afc
04e6e374423615babd4062f67a532c5e	20	1b5a69251e6a79f6
04ed29d91e703f9ebfd81d2d4fa97103	0	a057271c9071c99d
04ed29d91e703f9ebfd81d2d4fa97103	2	840641a9a39a6e5f
04ed29d91e703f9ebfd81d2d4fa97103	4	d6a0aa9e41aae26f
04ed29d91e703f9ebfd81d2d4fa97103	6	54dd8b28ac0e6124
04ed29d91e703f9ebfd81d2d4fa97103	10	cba95bce0000fa12
04ed29d91e703f9ebfd81d2d4fa97103	20	d6029dfc36f68673
04eeb39d680097817142fe4d52c0e422	0	a057271c9071c99d
04eeb39d680097817142fe4d52c0e422	2	c93cf33c7a241e59
04eeb39d680097817142fe4d52c0e422	4	646f37dd5ae9ff89
04eeb39d680097817142fe4d52c0e422	6	a9af9829f3e1f203
04eeb39d680097817142fe4d52c0e422	10	a4c46f2f06eec5fd
04eeb39d680097817142fe4d52c0e422	20	347cc075300090c0
04ef162792ce0f1d675cf363db2fd99b	0	a057271c9071c99d
04ef162792ce0f1d675cf363db2fd99b	2	5caad0caab45071a
04ef162792ce0f1d675cf363db2fd99b	4	a53a7a6e2f15a52c
04ef162792ce0f1d675cf363db2fd99b	6	3c1e01d7c4609a5a
04ef162792ce0f1d675cf363db2fd99b	10	1d4bfdc70b13e159
04ef162792ce0f1d675cf363db2fd99b	20	1d4bfdc70b13e159
04f0b56ff8811424c3f44cb7662b3faf	0	a057271c9071c99d
04f0b56ff8811424c3f44cb7662b3faf	2	665b81593cbc8a67
04f0b56ff8811424c3f44cb7662b3faf	4	e25c968ec6b71883
04f0b56ff8811424c3f44cb7662b3faf	6	0d77988cb8500bc4
04f0b56ff8811424c3f44cb7662b3faf	10	7445c0be6520b2fd
04f0b56ff8811424c3f44cb7662b3faf	20	7445c0be6520b2fd
04f1442bafdd6433d41588d2c2e72e0b	0	a057271c9071c99d
04f1442bafdd6433d41588d2c2e72e0b	2	ff1afac3801fe224
04f1442bafdd6433d41588d2c2e72e0b	4	0cd8c114e7cee63f
04f1442bafdd6433d41588d2c2e72e0b	6	feae666f13115ed2
04f1442bafdd6433d41588d2c2e72e0b	10	fcc62216bfe758ab
04f1442bafdd6433d41588d2c2e72e0b	20	fcc62216bfe758ab
04f43bb4a4f2c193a18e7195a4fd8e41	0	a057271c9071c99d
04f43bb4a4f2c193a18e7195a4fd8e41	2	b327b8f0741a1d09
04f43bb4a4f2c193a18e7195a4fd8e41	4	f00367f68d3d0aa4
04f43bb4a4f2c193a18e7195a4fd8e41	6	25e43f90933c8701
04f43bb4a4f2c193a18e7195a4fd8e41	10	8d1e0b339525fac0
04f43bb4a4f2c193a18e7195a4fd8e41	20	bec70bcfe3685ad7
04f542671e8167741228d22abd0303db	0	a057271c9071c99d
04f542671e8167741228d22abd0303db	2	d51d1ea17d32fb2a
04f542671e8167741228d22abd0303db	4	22d2d2dff8a36ee9
04f542671e8167741228d22abd0303db	6	708536fbe56f290f
04f542671e8167741228d22abd0303db	10	8c82e79945ff8bfc
04f542671e8167741228d22abd0303db	20	5801cbdefe80579f
04f6dd1892f3382e8356d107ba156256	0	a057271c9071c99d
04f6dd1892f3382e8356d107ba156256	2	b396f0ad4622db3d
04f6dd1892f3382e8356d107ba156256	4	10dc9f773e8d942b
04f6dd1892f3382e8356d107ba156256	6	91fcfffdeb119769
04f6dd1892f3382e8356d107ba156256	10	2af8126678033dc4
04f6dd1892f3382e8356d107ba156256	20	8378100e023fbd43
04f7b0f8afc58d5b7be2c486c01e8164	0	a057271c9071c99d
04f7b0f8afc58d5b7be2c486c01e8164	2	a1040705de41d828
04f7b0f8afc58d5b7be2c486c01e8164	4	6638480905669634
04f7b0f8afc58d5b7be2c486c01e8164	6	1ae9b0fbe84a2c8d
04f7b0f8afc58d5b7be2c486c01e8164	10	1ae9b0fbe84a2c8d
04f7b0f8afc58d5b7be2c486c01e8164	20	1ae9b0fbe84a2c8d
04f7b83bdf8d56116cc9d7a659464c37	0	a057271c9071c99d
04f7b83bdf8d56116cc9d7a659464c37	2	587d23c21923cf11
04f7b83bdf8d56116cc9d7a659464c37	4	c527bf7ce43a5aac
04f7b83bdf8d56116cc9d7a659464c37	6	f0046a7752d0f273
04f7b83bdf8d56116cc9d7a659464c37	10	24e3772bc8fc683d
04f7b83bdf8d56116cc9d7a659464c37	20	c2b90980d99e2889
04f829be98c8646b8a08aa9a7f20af10	0	a057271c9071c99d
04f829be98c8646b8a08aa9a7f20af10	2	c7ef20d8cf62f02f
04f829be98c8646b8a08aa9a7f20af10	4	61209eb8a3280ee2
04f829be98c8646b8a08aa9a7f20af10	6	b3b6dcee9df474ff
04f829be98c8646b8a08aa9a7f20af10	10	6f384e5dde2caf49
04f829be98c8646b8a08aa9a7f20af10	20	cc0852b30f7c4966
04f8b455b41f208ea19769f051ddcb1b	0	a057271c9071c99d
04f8b455b41f208ea19769f051ddcb1b	2	c901376d910bdd9e
04f8b455b41f208ea19769f051ddcb1b	4	4361198cf4456cd1
04f8b455b41f208ea19769f051ddcb1b	6	d28f6820350c7ac8
04f8b455b41f208ea19769f051ddcb1b	10	c9f336030c2ca6e2
04f8b455b41f208ea19769f051ddcb1b	20	faf75388024a661d
04f9cf38c15c4f048fc25f03cb621536	0	a057271c9071c99d
04f9cf38c15c4f048fc25f03cb621536	2	e8a0050d90230611
04f9cf38c15c4f048fc25f03cb621536	4	a6921c7d3f69679d
04f9cf38c15c4f048fc25f03cb621536	6	bbc63ea96da0c04b
04f9cf38c15c4f048fc25f03cb621536	10	02cda7ff0a6ab0e7
04f9cf38c15c4f048fc25f03cb621536	20	5f122c4fb8977d3d
04f9f1f61d99108b7ad0fa77d275dc4c	0	a057271c9071c99d
04f9f1f61d99108b7ad0fa77d275dc4c	2	2b88ac697a796ad1
04f9f1f61d99108b7ad0fa77d275dc4c	4	6a6bc3a85f7d6bdf
04f9f1f61d99108b7ad0fa77d275dc4c	6	b9f706f2f558b5dc
04f9f1f61d99108b7ad0fa77d275dc4c	10	c739b2d981b8114b
04f9f1f61d99108b7ad0fa77d275dc4c	20	c739b2d981b8114b
04fa0a71339fa76067a75ff448ef6f67	0	a057271c9071c99d
04fa0a71339fa76067a75ff448ef6f67	2	2a740c0bce68c923
04fa0a71339fa76067a75ff448ef6f67	4	9cb4ee46151f3d24
04fa0a71339fa76067a75ff448ef6f67	6	9cdca2d37eba54da
04fa0a71339fa76067a75ff448ef6f67	10	490223581c484514
04fa0a71339fa76067a75ff448ef6f67	20	0b19b38883f6f9e7
04fb14e644b1858851c739b1a2170334	0	a057271c9071c99d
04fb14e644b1858851c739b1a2170334	2	44ed24d52a14a2ec
04fb14e644b1858851c739b1a2170334	4	f42c4402ab03396d
04fb14e644b1858851c739b1a2170334	6	7cc432887553ccab
04fb14e644b1858851c739b1a2170334	10	7c428b0cf3e014cc
04fb14e644b1858851c739b1a2170334	20	22028859157e6cf6
04fef94bab64c9e3cc8b2b696f38f7be	0	a057271c9071c99d
04fef94bab64c9e3cc8b2b696f38f7be	2	664ed1923ccc97f5
04fef94bab64c9e3cc8b2b696f38f7be	4	9d22c60207f38ccc
04fef94bab64c9e3cc8b2b696f38f7be	6	9d22c60207f38ccc
04fef94bab64c9e3cc8b2b696f38f7be	10	9d22c60207f38ccc
04fef94bab64c9e3cc8b2b696f38f7be	20	9d22c60207f38ccc
050214ecbd9e96136fe1bc73447f1303	0	a057271c9071c99d
050214ecbd9e96136fe1bc73447f1303	2	d99127c5f164aeb4
050214ecbd9e96136fe1bc73447f1303	4	e40b254683e392ce
050214ecbd9e96136fe1bc73447f1303	6	333784fdb0b11f93
050214ecbd9e96136fe1bc73447f1303	10	a5f12e976d231748
050214ecbd9e96136fe1bc73447f1303	20	a5f12e976d231748
0502f436e37331d0b92274e0db73b134	0	a057271c9071c99d
0502f436e37331d0b92274e0db73b134	2	dcea1bda998daa3e
0502f436e37331d0b92274e0db73b134	4	1c163a541421181a
0502f436e37331d0b92274e0db73b134	6	2ab957151b9c9504
0502f436e37331d0b92274e0db73b134	10	562847d2f731af99
0502f436e37331d0b92274e0db73b134	20	a2c787cd43cce8dd
0504d4dc55e80f42ffa698a4ece021c0	0	a057271c9071c99d
0504d4dc55e80f42ffa698a4ece021c0	2	7a88291278e0e03d
0504d4dc55e80f42ffa698a4ece021c0	4	c89e22dd5c322de0
0504d4dc55e80f42ffa698a4ece021c0	6	84851e583076803b
0504d4dc55e80f42ffa698a4ece021c0	10	2442f52760cb89f4
0504d4dc55e80f42ffa698a4ece021c0	20	9b65983e0849f370
05065ca3c3a5b2b415d7e9afd0bd2c16	0	a057271c9071c99d
05065ca3c3a5b2b415d7e9afd0bd2c16	2	fe01604b58c63d47
05065ca3c3a5b2b415d7e9afd0bd2c16	4	7499d34acf8bd998
05065ca3c3a5b2b415d7e9afd0bd2c16	6	63d10cfd3b9bbc30
05065ca3c3a5b2b415d7e9afd0bd2c16	10	84d7121722be8df8
05065ca3c3a5b2b415d7e9afd0bd2c16	20	d5389e0976950607
050688d137e1f4d563f7bd5d84d7e344	0	a057271c9071c99d
050688d137e1f4d563f7bd5d84d7e344	2	d2cf4cd1d3b1f521
050688d137e1f4d563f7bd5d84d7e344	4	9d6570ff54534b2f
050688d137e1f4d563f7bd5d84d7e344	6	4ef5763487f00567
050688d137e1f4d563f7bd5d84d7e344	10	4d310ba4e18d9ae2
050688d137e1f4d563f7bd5d84d7e344	20	2439d279045331a4
0506afbcee2355dd568a2923e4461649	0	a057271c9071c99d
0506afbcee2355dd568a2923e4461649	2	d9afb5934cbc6091
0506afbcee2355dd568a2923e4461649	4	7b6d5da8b65fcc24
0506afbcee2355dd568a2923e4461649	6	382264c6100b9b36
0506afbcee2355dd568a2923e4461649	10	085a84fa0aed94a2
0506afbcee2355dd568a2923e4461649	20	c241def2619bf8f7
0506d033a4ca469af10d95dbf36a86e9	0	a057271c9071c99d
0506d033a4ca469af10d95dbf36a86e9	2	7ad0680811f7b4e5
0506d033a4ca469af10d95dbf36a86e9	4	ed6486f266261fd2
0506d033a4ca469af10d95dbf36a86e9	6	b0f1cbd89a37ddf6
0506d033a4ca469af10d95dbf36a86e9	10	3c8dc6330878e753
0506d033a4ca469af10d95dbf36a86e9	20	1fa158c9a5ec9c92
05070c567100ecb6cdbc2ffe0fae57e2	0	a057271c9071c99d
05070c567100ecb6cdbc2ffe0fae57e2	2	04a8685d62f15b02
05070c567100ecb6cdbc2ffe0fae57e2	4	9d4d3d9484d300a7
05070c567100ecb6cdbc2ffe0fae57e2	6	f3a67505555bf8bc
05070c567100ecb6cdbc2ffe0fae57e2	10	e04df5ac06accbec
05070c567100ecb6cdbc2ffe0fae57e2	20	e04df5ac06accbec
0513c7d43a5874fa6a17a184091b3d68	0	a057271c9071c99d
0513c7d43a5874fa6a17a184091b3d68	2	881c5da34e7f1bcc
0513c7d43a5874fa6a17a184091b3d68	4	4dd24e035d785e5a
0513c7d43a5874fa6a17a184091b3d68	6	41d7edc45e08f4ea
0513c7d43a5874fa6a17a184091b3d68	10	3e282ff10063948e
0513c7d43a5874fa6a17a184091b3d68	20	70216107cecc2bde
0515200de14d9d8eb513e88e3d28ad7c	0	a057271c9071c99d
0515200de14d9d8eb513e88e3d28ad7c	2	b3e295eaaa35f1c2
0515200de14d9d8eb513e88e3d28ad7c	4	5008f079388a0248
0515200de14d9d8eb513e88e3d28ad7c	6	002672341f8fa991
0515200de14d9d8eb513e88e3d28ad7c	10	f25e67aa86dbc017
0515200de14d9d8eb513e88e3d28ad7c	20	98a6685f25bf2a54
0515bc0e0f1028fd4d086139035f5f38	0	a057271c9071c99d
0515bc0e0f1028fd4d086139035f5f38	2	84eda16e4c3b3987
0515bc0e0f1028fd4d086139035f5f38	4	21b37cf26c995cc2
0515bc0e0f1028fd4d086139035f5f38	6	117b9ad084cd913f
0515bc0e0f1028fd4d086139035f5f38	10	117b9ad084cd913f
0515bc0e0f1028fd4d086139035f5f38	20	117b9ad084cd913f
0518b5dc204f26b356671785e02852e1	0	a057271c9071c99d
0518b5dc204f26b356671785e02852e1	2	dc380acb6ec5e566
0518b5dc204f26b356671785e02852e1	4	0c2f6fe9baa1e3c2
0518b5dc204f26b356671785e02852e1	6	75902dd665662444
0518b5dc204f26b356671785e02852e1	10	ede10c858e69ec85
0518b5dc204f26b356671785e02852e1	20	8576b571cf9fb3c5
0518c5a3eb17ee72f00424e63bd7940b	0	a057271c9071c99d
0518c5a3eb17ee72f00424e63bd7940b	2	ac7399c6e06425af
0518c5a3eb17ee72f00424e63bd7940b	4	f93d64ffa4233c4b
0518c5a3eb17ee72f00424e63bd7940b	6	7a404ecc35587e93
0518c5a3eb17ee72f00424e63bd7940b	10	5a1725df5befe245
0518c5a3eb17ee72f00424e63bd7940b	20	2ed60ba8a02f9cad
051b63ae234e63226a7984d76f9dc331	0	a057271c9071c99d
051b63ae234e63226a7984d76f9dc331	2	ac2815312b90d87d
051b63ae234e63226a7984d76f9dc331	4	7196891bedb358cb
051b63ae234e63226a7984d76f9dc331	6	9dde99e4e4a85d44
051b63ae234e63226a7984d76f9dc331	10	9dde99e4e4a85d44
051b63ae234e63226a7984d76f9dc331	20	9dde99e4e4a85d44
051c7db6f9d6daa9238ad64ddae6cea0	0	a057271c9071c99d
051c7db6f9d6daa9238ad64ddae6cea0	2	059974e4b72a4448
051c7db6f9d6daa9238ad64ddae6cea0	4	5a58982d49d24854
051c7db6f9d6daa9238ad64ddae6cea0	6	d7c22a830156797a
051c7db6f9d6daa9238ad64ddae6cea0	10	4373fb51f616ca25
051c7db6f9d6daa9238ad64ddae6cea0	20	7a9f854b2ead222f
051cb2ec3e94e7f2a72232530f847408	0	a057271c9071c99d
051cb2ec3e94e7f2a72232530f847408	2	64bbcebe550979ef
051cb2ec3e94e7f2a72232530f847408	4	3b1a65160edd34ea
051cb2ec3e94e7f2a72232530f847408	6	c6c018f08807ef65
051cb2ec3e94e7f2a72232530f847408	10	ab2f800645f0cf3a
051cb2ec3e94e7f2a72232530f847408	20	34b868f9db076adc
0520814ad7ca7c063109ee7a28e89de8	0	a057271c9071c99d
0520814ad7ca7c063109ee7a28e89de8	2	9dc313d4b10aa692
0520814ad7ca7c063109ee7a28e89de8	4	7cf6691a3377e69c
0520814ad7ca7c063109ee7a28e89de8	6	444e472d8c43f4ec
0520814ad7ca7c063109ee7a28e89de8	10	6a0231286a3d054b
0520814ad7ca7c063109ee7a28e89de8	20	1c32df4f10551ecc
0521cd68355dd16e8f7940f43003d904	0	a057271c9071c99d
0521cd68355dd16e8f7940f43003d904	2	49fe612c5f9ab498
0521cd68355dd16e8f7940f43003d904	4	724f586cc7bc1dc6
0521cd68355dd16e8f7940f43003d904	6	71fd5dc45512fef0
0521cd68355dd16e8f7940f43003d904	10	9b248fb3df904580
0521cd68355dd16e8f7940f43003d904	20	42cb6d73611bd8ca
0524e21cb713c3ba78906a6716409c80	0	a057271c9071c99d
0524e21cb713c3ba78906a6716409c80	2	9719ec7217d27a3e
0524e21cb713c3ba78906a6716409c80	4	a89df140dfdd168e
0524e21cb713c3ba78906a6716409c80	6	4e888b9c3d502feb
0524e21cb713c3ba78906a6716409c80	10	243800b4bf60860c
0524e21cb713c3ba78906a6716409c80	20	ec79aa5500b9f5fd
0525891c206c0382ffc813834bdd526c	0	a057271c9071c99d
0525891c206c0382ffc813834bdd526c	2	341956242ad64f60
0525891c206c0382ffc813834bdd526c	4	c25284d21ea29317
0525891c206c0382ffc813834bdd526c	6	86c914e7fd3f4bc4
0525891c206c0382ffc813834bdd526c	10	45e064762d4ef51e
0525891c206c0382ffc813834bdd526c	20	0add81c21eb43365
0529f3356671518a0fc851f09b693b51	0	a057271c9071c99d
0529f3356671518a0fc851f09b693b51	2	c74e8403f084c93a
0529f3356671518a0fc851f09b693b51	4	8ebaad4a3035355d
0529f3356671518a0fc851f09b693b51	6	70d18d68f94ba590
0529f3356671518a0fc851f09b693b51	10	486bfd8b0a58ca50
0529f3356671518a0fc851f09b693b51	20	1e9566975ff7fc60
052e03355eef1d923d532699e04f0eb2	0	a057271c9071c99d
052e03355eef1d923d532699e04f0eb2	2	767572dfcda4abdb
052e03355eef1d923d532699e04f0eb2	4	d8a0e1ae2d95ca54
052e03355eef1d923d532699e04f0eb2	6	9921ca168ae6785d
052e03355eef1d923d532699e04f0eb2	10	c3fef1b592f22da2
052e03355eef1d923d532699e04f0eb2	20	acb5a9690cac1d2a
0533a1506eb61460bee3917f61ca4c49	0	a057271c9071c99d
0533a1506eb61460bee3917f61ca4c49	2	97d1a04739d0b679
0533a1506eb61460bee3917f61ca4c49	4	b5c38811b8bc9597
0533a1506eb61460bee3917f61ca4c49	6	0e89c7b59d9fa4d2
0533a1506eb61460bee3917f61ca4c49	10	53b0509eeea40367
0533a1506eb61460bee3917f61ca4c49	20	53b0509eeea40367
0534387f90398a24495d4b7b05f9b342	0	a057271c9071c99d
0534387f90398a24495d4b7b05f9b342	2	9c41235239014424
0534387f90398a24495d4b7b05f9b342	4	7f87d497f6783af5
0534387f90398a24495d4b7b05f9b342	6	39315ddc083a50a3
0534387f90398a24495d4b7b05f9b342	10	89d189e13b926dd5
0534387f90398a24495d4b7b05f9b342	20	37180eefd3846a9c
05373ec86c44b2afb60fb93316b30001	0	a057271c9071c99d
05373ec86c44b2afb60fb93316b30001	2	2aa27a7e62d8150c
05373ec86c44b2afb60fb93316b30001	4	aeab3d3efd7673da
05373ec86c44b2afb60fb93316b30001	6	c409ddccdc7c2223
05373ec86c44b2afb60fb93316b30001	10	c24e1e214a37f1be
05373ec86c44b2afb60fb93316b30001	20	bdcef9eed282ec5b
053c477a86dac016582436e67ecf0bc3	0	a057271c9071c99d
053c477a86dac016582436e67ecf0bc3	2	0aeba24cef7acab1
053c477a86dac016582436e67ecf0bc3	4	073de4d66d4e8977
053c477a86dac016582436e67ecf0bc3	6	335fa012ad3e1620
053c477a86dac016582436e67ecf0bc3	10	be2fca36bacf1b55
053c477a86dac016582436e67ecf0bc3	20	93c072494933530c
053e06424279f5cfec8bb14dfa9af23c	0	a057271c9071c99d
053e06424279f5cfec8bb14dfa9af23c	2	62d8157174f1bfdf
053e06424279f5cfec8bb14dfa9af23c	4	1f018bbc8e6e414e
053e06424279f5cfec8bb14dfa9af23c	6	b1c4879da0e4bdde
053e06424279f5cfec8bb14dfa9af23c	10	d1fd89a2d8f232b7
053e06424279f5cfec8bb14dfa9af23c	20	NA
0541dc77ecea9c210d3c4231d97c02de	0	a057271c9071c99d
0541dc77ecea9c210d3c4231d97c02de	2	ebe11ecbd9cceb97
0541dc77ecea9c210d3c4231d97c02de	4	0aa37ffbf45277da
0541dc77ecea9c210d3c4231d97c02de	6	98ebffaf2766bd05
0541dc77ecea9c210d3c4231d97c02de	10	c7d39ceb6fdf633c
0541dc77ecea9c210d3c4231d97c02de	20	a4f115bbb4af4f4a
05423f54e9e0bf97ce3fca2abe2ba3e6	0	a057271c9071c99d
05423f54e9e0bf97ce3fca2abe2ba3e6	2	547172f0fae7910c
05423f54e9e0bf97ce3fca2abe2ba3e6	4	ed29ee5f74ed3e73
05423f54e9e0bf97ce3fca2abe2ba3e6	6	81d1d93b30b5454d
05423f54e9e0bf97ce3fca2abe2ba3e6	10	c399d476fea98780
05423f54e9e0bf97ce3fca2abe2ba3e6	20	57a912e90b49d96c
05469ff4aedf9286f024177d0d09fbd5	0	a057271c9071c99d
05469ff4aedf9286f024177d0d09fbd5	2	9d2c1e5ae569cb3a
05469ff4aedf9286f024177d0d09fbd5	4	502dd0b687407a67
05469ff4aedf9286f024177d0d09fbd5	6	87611bd5a812f57f
05469ff4aedf9286f024177d0d09fbd5	10	b43161973147ba68
05469ff4aedf9286f024177d0d09fbd5	20	da50fe97a2f87195
054c1e5254cdc36bb85e06e53cafe8eb	0	a057271c9071c99d
054c1e5254cdc36bb85e06e53cafe8eb	2	862c6d092b6ce39d
054c1e5254cdc36bb85e06e53cafe8eb	4	28c0c80bb81b0fb4
054c1e5254cdc36bb85e06e53cafe8eb	6	24639ff5e6fc6b59
054c1e5254cdc36bb85e06e53cafe8eb	10	f5a044527c62d9db
054c1e5254cdc36bb85e06e53cafe8eb	20	8afd6a9a35e866c1
054c7052d5110e9731a9d0bf34d651ec	0	a057271c9071c99d
054c7052d5110e9731a9d0bf34d651ec	2	3ed203868f96ded6
054c7052d5110e9731a9d0bf34d651ec	4	c40aa163d9db6a5f
054c7052d5110e9731a9d0bf34d651ec	6	2382a4bffee12fc6
054c7052d5110e9731a9d0bf34d651ec	10	b26ea5c570de98c4
054c7052d5110e9731a9d0bf34d651ec	20	12fbbab9728dabc3
05513edb5e778987bd727804ed4fa01e	0	a057271c9071c99d
05513edb5e778987bd727804ed4fa01e	2	295aaf5fbf1ae321
05513edb5e778987bd727804ed4fa01e	4	fea9a622388dda43
05513edb5e778987bd727804ed4fa01e	6	fea9a622388dda43
05513edb5e778987bd727804ed4fa01e	10	fea9a622388dda43
05513edb5e778987bd727804ed4fa01e	20	fea9a622388dda43
0553f2a01f0838c1f3347f622cc3c30c	0	a057271c9071c99d
0553f2a01f0838c1f3347f622cc3c30c	2	86080842a0a2c407
0553f2a01f0838c1f3347f622cc3c30c	4	078c9563cf92aff7
0553f2a01f0838c1f3347f622cc3c30c	6	bce9ef657a74dffa
0553f2a01f0838c1f3347f622cc3c30c	10	f4c502275090a7c7
0553f2a01f0838c1f3347f622cc3c30c	20	2efa88a6e8089b18
0554c1dc9f40db098fb58d3086515b6b	0	a057271c9071c99d
0554c1dc9f40db098fb58d3086515b6b	2	3448261c32a5fcbe
0554c1dc9f40db098fb58d3086515b6b	4	a4d51e4fe8282680
0554c1dc9f40db098fb58d3086515b6b	6	8e245d7cdd0ae3f3
0554c1dc9f40db098fb58d3086515b6b	10	48b51e29049749af
0554c1dc9f40db098fb58d3086515b6b	20	6e1f57cdf9dd832d
0556cacde8ebb77956342a6e81309553	0	a057271c9071c99d
0556cacde8ebb77956342a6e81309553	2	e59c2a0afdf96967
0556cacde8ebb77956342a6e81309553	4	adcac97423354033
0556cacde8ebb77956342a6e81309553	6	354f3e46a81593ed
0556cacde8ebb77956342a6e81309553	10	baa6d6c656a4c133
0556cacde8ebb77956342a6e81309553	20	01890b88dbdc06ad
0557d21452d411c00f766973a59837a5	0	a057271c9071c99d
0557d21452d411c00f766973a59837a5	2	dfa9ba9c1264bb90
0557d21452d411c00f766973a59837a5	4	30f8bbe4786900cb
0557d21452d411c00f766973a59837a5	6	59a21bf301d5d351
0557d21452d411c00f766973a59837a5	10	96b8e5e5a00a4fec
0557d21452d411c00f766973a59837a5	20	f1fd7c3c30337f43
055836a43eb318de92f09c555ba4f3b5	0	a057271c9071c99d
055836a43eb318de92f09c555ba4f3b5	2	acd213909e5e6491
055836a43eb318de92f09c555ba4f3b5	4	a8296c00b7f61620
055836a43eb318de92f09c555ba4f3b5	6	754b7dd1da6d2371
055836a43eb318de92f09c555ba4f3b5	10	2681eb77b658079a
055836a43eb318de92f09c555ba4f3b5	20	031556917d3241d6
055db8f900741c7b8d7b731e99662588	0	a057271c9071c99d
055db8f900741c7b8d7b731e99662588	2	04a3e292f2f766bc
055db8f900741c7b8d7b731e99662588	4	868b492ebd653421
055db8f900741c7b8d7b731e99662588	6	65ed946ffe6c6438
055db8f900741c7b8d7b731e99662588	10	63eaffece2bfd79e
055db8f900741c7b8d7b731e99662588	20	42179d9b68ccf302
055f942145df4b6c9fd0d10a3f1da98e	0	a057271c9071c99d
055f942145df4b6c9fd0d10a3f1da98e	2	633536665e47281b
055f942145df4b6c9fd0d10a3f1da98e	4	cddb70057305d939
055f942145df4b6c9fd0d10a3f1da98e	6	4dead831aa308f36
055f942145df4b6c9fd0d10a3f1da98e	10	de92f2a73d171d2a
055f942145df4b6c9fd0d10a3f1da98e	20	54539c9adf922293
0561461e2c7ff1d87aec1e5c709caa1a	0	a057271c9071c99d
0561461e2c7ff1d87aec1e5c709caa1a	2	7496c1ce35c990b8
0561461e2c7ff1d87aec1e5c709caa1a	4	955b6456d0eb0334
0561461e2c7ff1d87aec1e5c709caa1a	6	d67fa22b479ad542
0561461e2c7ff1d87aec1e5c709caa1a	10	58d339cfb6a589d2
0561461e2c7ff1d87aec1e5c709caa1a	20	31129460b22b80b2
056263f3ef83f1b0c0fd48cab346e8e4	0	a057271c9071c99d
056263f3ef83f1b0c0fd48cab346e8e4	2	93f75df2b44e07a5
056263f3ef83f1b0c0fd48cab346e8e4	4	44f27ad7c74d3bd1
056263f3ef83f1b0c0fd48cab346e8e4	6	4e54b20d97466b74
056263f3ef83f1b0c0fd48cab346e8e4	10	9d1c4ec91911551f
056263f3ef83f1b0c0fd48cab346e8e4	20	24c674a9ab3a0342
05650550f21d60a3989cae43fb5ebd93	0	a057271c9071c99d
05650550f21d60a3989cae43fb5ebd93	2	7639a9020997a210
05650550f21d60a3989cae43fb5ebd93	4	8131e5ad80b92f19
05650550f21d60a3989cae43fb5ebd93	6	ec176b0319035e46
05650550f21d60a3989cae43fb5ebd93	10	144db5151b6a4cd2
05650550f21d60a3989cae43fb5ebd93	20	11c08809b2e3b2b5
05670a916f890c9c4345ff4fd19561bf	0	a057271c9071c99d
05670a916f890c9c4345ff4fd19561bf	2	9c23721f043e9514
05670a916f890c9c4345ff4fd19561bf	4	a1efa85d3b1b72fc
05670a916f890c9c4345ff4fd19561bf	6	1ed2a473643f57d2
05670a916f890c9c4345ff4fd19561bf	10	677223242a3a7d5f
05670a916f890c9c4345ff4fd19561bf	20	926ca409869edf96
0567f2309e01e99021245fd34a97417d	0	a057271c9071c99d
0567f2309e01e99021245fd34a97417d	2	e7458c43a9341222
0567f2309e01e99021245fd34a97417d	4	bf7bbfa71581234e
0567f2309e01e99021245fd34a97417d	6	05df9f4e9389ed6d
0567f2309e01e99021245fd34a97417d	10	fe00bca791c7681c
0567f2309e01e99021245fd34a97417d	20	26bcb942d6c60ca8
05680de3febd39916e496dd772cb8c19	0	a057271c9071c99d
05680de3febd39916e496dd772cb8c19	2	898ac98d238f7a48
05680de3febd39916e496dd772cb8c19	4	c95da4d331d2f4c6
05680de3febd39916e496dd772cb8c19	6	e072852e0e9cae25
05680de3febd39916e496dd772cb8c19	10	162d4ac606467291
05680de3febd39916e496dd772cb8c19	20	b7dbe653adfa19d5
0568bb0b42891e57247ed4b436dff85d	0	a057271c9071c99d
0568bb0b42891e57247ed4b436dff85d	2	63a35af99317b5a1
0568bb0b42891e57247ed4b436dff85d	4	66162178a0c71332
0568bb0b42891e57247ed4b436dff85d	6	38e76d287cb48979
0568bb0b42891e57247ed4b436dff85d	10	6929684c6550f8ae
0568bb0b42891e57247ed4b436dff85d	20	3c021f5bebad0a4b
0568ff4af327110a55355527e3c454e2	0	a057271c9071c99d
0568ff4af327110a55355527e3c454e2	2	9e5b814a289c80bd
0568ff4af327110a55355527e3c454e2	4	6cbaa50434a7f078
0568ff4af327110a55355527e3c454e2	6	d12d937c2ca8d21e
0568ff4af327110a55355527e3c454e2	10	58ba331096a232d9
0568ff4af327110a55355527e3c454e2	20	1ac7c8e3481c7a88
0569ecb5da00dd3ffc8cdfab85a4956c	0	a057271c9071c99d
0569ecb5da00dd3ffc8cdfab85a4956c	2	1a094663b5f59e73
0569ecb5da00dd3ffc8cdfab85a4956c	4	c138b007e02d7f4e
0569ecb5da00dd3ffc8cdfab85a4956c	6	9425f07a22e75fbf
0569ecb5da00dd3ffc8cdfab85a4956c	10	2f1355ad6eef0c4e
0569ecb5da00dd3ffc8cdfab85a4956c	20	93769c5ce9bd2655
056acec954f198b911fd8c6894a6fad4	0	a057271c9071c99d
056acec954f198b911fd8c6894a6fad4	2	9515eafad2344b46
056acec954f198b911fd8c6894a6fad4	4	0efe343d6adf9d27
056acec954f198b911fd8c6894a6fad4	6	b79e17c61ea6e5d6
056acec954f198b911fd8c6894a6fad4	10	7f56009bb75637e3
056acec954f198b911fd8c6894a6fad4	20	b6a6537cd074e545
0574a9f4769dfe44ea0680aa8d935f13	0	a057271c9071c99d
0574a9f4769dfe44ea0680aa8d935f13	2	ecd2eeec4d9deac8
0574a9f4769dfe44ea0680aa8d935f13	4	232dbda5e4ff2f00
0574a9f4769dfe44ea0680aa8d935f13	6	de6d553cc5af6865
0574a9f4769dfe44ea0680aa8d935f13	10	2061a517f88e733c
0574a9f4769dfe44ea0680aa8d935f13	20	2d56a256b0e25674
0575710ecfdc61ede3807eb1c6a1b01f	0	a057271c9071c99d
0575710ecfdc61ede3807eb1c6a1b01f	2	d89fabddace76186
0575710ecfdc61ede3807eb1c6a1b01f	4	fd10e28482f938c1
0575710ecfdc61ede3807eb1c6a1b01f	6	fb1aa3cabb21e813
0575710ecfdc61ede3807eb1c6a1b01f	10	b654e30185a31847
0575710ecfdc61ede3807eb1c6a1b01f	20	a3aa400227f346b3
0578dbb863e1dccfd5d352c1b8ba198c	0	a057271c9071c99d
0578dbb863e1dccfd5d352c1b8ba198c	2	29b2193596240400
0578dbb863e1dccfd5d352c1b8ba198c	4	1c5123e9c339997a
0578dbb863e1dccfd5d352c1b8ba198c	6	b679982cdef4f977
0578dbb863e1dccfd5d352c1b8ba198c	10	ba7fa87f561b8459
0578dbb863e1dccfd5d352c1b8ba198c	20	8d3a2783d3d441a9
0579fb9d75e018b9366db9150db7453a	0	a057271c9071c99d
0579fb9d75e018b9366db9150db7453a	2	7e877a0dfcc98501
0579fb9d75e018b9366db9150db7453a	4	5cd2a603d6c9cbfe
0579fb9d75e018b9366db9150db7453a	6	3d22113130e4037f
0579fb9d75e018b9366db9150db7453a	10	1cfdfcb5138f7335
0579fb9d75e018b9366db9150db7453a	20	95272cae24762de8
057ee74505bbc50bfb10d6814c5a3c4d	0	a057271c9071c99d
057ee74505bbc50bfb10d6814c5a3c4d	2	3cfbd95a0c022794
057ee74505bbc50bfb10d6814c5a3c4d	4	bd3e42132c58704f
057ee74505bbc50bfb10d6814c5a3c4d	6	8d991b385a8f257b
057ee74505bbc50bfb10d6814c5a3c4d	10	b61a1c543fda1659
057ee74505bbc50bfb10d6814c5a3c4d	20	9d129db9cae5e060
057f143aae50b8abc3e083b7609353be	0	a057271c9071c99d
057f143aae50b8abc3e083b7609353be	2	8ad18f3dd45bb0aa
057f143aae50b8abc3e083b7609353be	4	1ee5b0652f0cb940
057f143aae50b8abc3e083b7609353be	6	87d6eec2854d3349
057f143aae50b8abc3e083b7609353be	10	ffec790935f82a1a
057f143aae50b8abc3e083b7609353be	20	2b413bd0b86a08fd
058129d7cf63b8a0a10e932a0728ac36	0	a057271c9071c99d
058129d7cf63b8a0a10e932a0728ac36	2	16e0c1f83e6d6a16
058129d7cf63b8a0a10e932a0728ac36	4	7ec2759a60a92eda
058129d7cf63b8a0a10e932a0728ac36	6	fd948db0718c4f24
058129d7cf63b8a0a10e932a0728ac36	10	b017e6fd8681d7a6
058129d7cf63b8a0a10e932a0728ac36	20	b2f6ad64f42fc493
05817b4e1add561af0e1165e01fb48cc	0	a057271c9071c99d
05817b4e1add561af0e1165e01fb48cc	2	479ee2a9ada527d8
05817b4e1add561af0e1165e01fb48cc	4	13995c404517811e
05817b4e1add561af0e1165e01fb48cc	6	d801d586c3f088ea
05817b4e1add561af0e1165e01fb48cc	10	6ccad9f8feb885c4
05817b4e1add561af0e1165e01fb48cc	20	e078bf7806d86fd9
05833c2c6953b76638748b3b5152b17f	0	a057271c9071c99d
05833c2c6953b76638748b3b5152b17f	2	8432642a8d6e4fd4
05833c2c6953b76638748b3b5152b17f	4	ec8ba5f76de30889
05833c2c6953b76638748b3b5152b17f	6	d787e2e117907ff0
05833c2c6953b76638748b3b5152b17f	10	f2660464dcebe29a
05833c2c6953b76638748b3b5152b17f	20	cbf9729e01c551ca
058414cd650e2309e2d3df6b3ac80f37	0	a057271c9071c99d
058414cd650e2309e2d3df6b3ac80f37	2	dba2bfcac244dbcc
058414cd650e2309e2d3df6b3ac80f37	4	0144efd1abd84a8a
058414cd650e2309e2d3df6b3ac80f37	6	045f8bb1e0cf7928
058414cd650e2309e2d3df6b3ac80f37	10	3b863de3d924315d
058414cd650e2309e2d3df6b3ac80f37	20	b553f5101f36e65d
05860ef5bb55efbd4bb5ec8b0de13d03	0	a057271c9071c99d
05860ef5bb55efbd4bb5ec8b0de13d03	2	8a768459c116d00e
05860ef5bb55efbd4bb5ec8b0de13d03	4	f1a0d63ce42984c4
05860ef5bb55efbd4bb5ec8b0de13d03	6	745852af399e3952
05860ef5bb55efbd4bb5ec8b0de13d03	10	fe9786ee6ad9ebc3
05860ef5bb55efbd4bb5ec8b0de13d03	20	cae279a649e66c7e
0586b0f2c13948bfd51b3694c5e9c676	0	a057271c9071c99d
0586b0f2c13948bfd51b3694c5e9c676	2	7f1bfefc11648f00
0586b0f2c13948bfd51b3694c5e9c676	4	921de0d6842ca478
0586b0f2c13948bfd51b3694c5e9c676	6	80a4f78fb7cb46b3
0586b0f2c13948bfd51b3694c5e9c676	10	9723cf9f1e1424a5
0586b0f2c13948bfd51b3694c5e9c676	20	52f0c781d4730139
05879c0b6a41bf08f08ea2f58a931146	0	a057271c9071c99d
05879c0b6a41bf08f08ea2f58a931146	2	e2c676b4f76b984e
05879c0b6a41bf08f08ea2f58a931146	4	59b9a2729b61a232
05879c0b6a41bf08f08ea2f58a931146	6	f27a45e8f890b0a2
05879c0b6a41bf08f08ea2f58a931146	10	37ff8916ea17471e
05879c0b6a41bf08f08ea2f58a931146	20	a93221ded04d6c06
0587f345cca3ef8340e8e71829dce130	0	a057271c9071c99d
0587f345cca3ef8340e8e71829dce130	2	71c2aa82752f8432
0587f345cca3ef8340e8e71829dce130	4	5c0e08a40de31082
0587f345cca3ef8340e8e71829dce130	6	0b785d9eb6147657
0587f345cca3ef8340e8e71829dce130	10	d370e7ae7920c7fd
0587f345cca3ef8340e8e71829dce130	20	d370e7ae7920c7fd
0587fa4c5dc214a7470cfab3712f4699	0	a057271c9071c99d
0587fa4c5dc214a7470cfab3712f4699	2	f9403ebb72c136e5
0587fa4c5dc214a7470cfab3712f4699	4	324176b0ef396bcf
0587fa4c5dc214a7470cfab3712f4699	6	05ada29250540c05
0587fa4c5dc214a7470cfab3712f4699	10	13c6df214d54604f
0587fa4c5dc214a7470cfab3712f4699	20	f32ba9382d29feb6
058b69e7c7923e2c71070c9f934f2c2e	0	a057271c9071c99d
058b69e7c7923e2c71070c9f934f2c2e	2	68fc31993d2899d4
058b69e7c7923e2c71070c9f934f2c2e	4	947f0bebc07e6532
058b69e7c7923e2c71070c9f934f2c2e	6	4bf5aaa2cdd4d145
058b69e7c7923e2c71070c9f934f2c2e	10	0f3ff4b2af2b2633
058b69e7c7923e2c71070c9f934f2c2e	20	7570b8fc814a5e01
058cac57444038ce7e8f6fd286ff7424	0	a057271c9071c99d
058cac57444038ce7e8f6fd286ff7424	2	1c098be6f85dcf20
058cac57444038ce7e8f6fd286ff7424	4	3cbb8a854c939b3a
058cac57444038ce7e8f6fd286ff7424	6	0eb111de2b212bdc
058cac57444038ce7e8f6fd286ff7424	10	db1cc8989782416a
058cac57444038ce7e8f6fd286ff7424	20	7e0249f193480308
058d2ff55a09eac11780d6a368b48a80	0	a057271c9071c99d
058d2ff55a09eac11780d6a368b48a80	2	d53bc9bfa787a8ab
058d2ff55a09eac11780d6a368b48a80	4	7dc9859da4acc089
058d2ff55a09eac11780d6a368b48a80	6	93933616aa50c756
058d2ff55a09eac11780d6a368b48a80	10	9377dbc57d359f1e
058d2ff55a09eac11780d6a368b48a80	20	4770f3e1165c398f
0593e6814f02ec9749e87bdc6aff8275	0	a057271c9071c99d
0593e6814f02ec9749e87bdc6aff8275	2	f827cb874bf25b06
0593e6814f02ec9749e87bdc6aff8275	4	f495a5fb5a08e534
0593e6814f02ec9749e87bdc6aff8275	6	a0f8c0d6571f4c48
0593e6814f02ec9749e87bdc6aff8275	10	1c59be46133f0883
0593e6814f02ec9749e87bdc6aff8275	20	4b96246900be3f7a
05997924d9bb4497f0f8a027caad6bbd	0	a057271c9071c99d
05997924d9bb4497f0f8a027caad6bbd	2	cad3cd76431f4920
05997924d9bb4497f0f8a027caad6bbd	4	ad3e86050357747b
05997924d9bb4497f0f8a027caad6bbd	6	743c97955b10dcc5
05997924d9bb4497f0f8a027caad6bbd	10	8ba0cca343c726a7
05997924d9bb4497f0f8a027caad6bbd	20	358d47c5cb8b368d
0599c0cc9fb43d1eb90c5590d4ecbf39	0	a057271c9071c99d
0599c0cc9fb43d1eb90c5590d4ecbf39	2	4bda3f7afae13884
0599c0cc9fb43d1eb90c5590d4ecbf39	4	052be990b3424988
0599c0cc9fb43d1eb90c5590d4ecbf39	6	e698f02338026368
0599c0cc9fb43d1eb90c5590d4ecbf39	10	817f5ac4f4baaee7
0599c0cc9fb43d1eb90c5590d4ecbf39	20	23eddc8a8b7999c6
059aae70d73e0101c492106c4d214774	0	a057271c9071c99d
059aae70d73e0101c492106c4d214774	2	daaf44ad5d4db592
059aae70d73e0101c492106c4d214774	4	c219d321a60a6e1a
059aae70d73e0101c492106c4d214774	6	7b05e52efbf86513
059aae70d73e0101c492106c4d214774	10	3ed7041d2ce24909
059aae70d73e0101c492106c4d214774	20	d88278917dfda3fe
059d90867f6ed5c4e69ab0094601bb37	0	a057271c9071c99d
059d90867f6ed5c4e69ab0094601bb37	2	8f3f5893df1588d5
059d90867f6ed5c4e69ab0094601bb37	4	1905079380a85703
059d90867f6ed5c4e69ab0094601bb37	6	f96c3ff49be000ff
059d90867f6ed5c4e69ab0094601bb37	10	64077613c21ffa9c
059d90867f6ed5c4e69ab0094601bb37	20	0a3ee812571e076f
059f3479ab76bc97c3db74efc8558482	0	a057271c9071c99d
059f3479ab76bc97c3db74efc8558482	2	4d0fa04f0d05d480
059f3479ab76bc97c3db74efc8558482	4	c2b8864810bf52df
059f3479ab76bc97c3db74efc8558482	6	ca334996d8323843
059f3479ab76bc97c3db74efc8558482	10	71deeb61890ecd74
059f3479ab76bc97c3db74efc8558482	20	71deeb61890ecd74
05a14c9084e09730c52b65732fe19d90	0	a057271c9071c99d
05a14c9084e09730c52b65732fe19d90	2	e8044b0ffb5288bc
05a14c9084e09730c52b65732fe19d90	4	f451c3d157da01d0
05a14c9084e09730c52b65732fe19d90	6	f451c3d157da01d0
05a14c9084e09730c52b65732fe19d90	10	f451c3d157da01d0
05a14c9084e09730c52b65732fe19d90	20	f451c3d157da01d0
05a42b5c95a497c9b80116f537c48e32	0	a057271c9071c99d
05a42b5c95a497c9b80116f537c48e32	2	7b72a0a43392f5e8
05a42b5c95a497c9b80116f537c48e32	4	dd4cc1168fc113eb
05a42b5c95a497c9b80116f537c48e32	6	0949c07ca7150d56
05a42b5c95a497c9b80116f537c48e32	10	3b2d853a98704b20
05a42b5c95a497c9b80116f537c48e32	20	31957aa7e63cfeca
05a5c4f83946f8390e561e006f39f0e9	0	a057271c9071c99d
05a5c4f83946f8390e561e006f39f0e9	2	67568325ce0fa530
05a5c4f83946f8390e561e006f39f0e9	4	4cd9a6e087d82670
05a5c4f83946f8390e561e006f39f0e9	6	481a3e62af4d4dde
05a5c4f83946f8390e561e006f39f0e9	10	d6a37a366fa5a434
05a5c4f83946f8390e561e006f39f0e9	20	990423a8e047cca4
05aaff6058ca0088f54881003c1eb57b	0	a057271c9071c99d
05aaff6058ca0088f54881003c1eb57b	2	233fae8ad7691712
05aaff6058ca0088f54881003c1eb57b	4	089bf2f06d0cd5ff
05aaff6058ca0088f54881003c1eb57b	6	9563faf2ae8ba43d
05aaff6058ca0088f54881003c1eb57b	10	630387e054c32506
05aaff6058ca0088f54881003c1eb57b	20	630387e054c32506
05b04d362b374569a4eb63c4e4e132b7	0	a057271c9071c99d
05b04d362b374569a4eb63c4e4e132b7	2	d4d27a62ba612391
05b04d362b374569a4eb63c4e4e132b7	4	176e62f412f28482
05b04d362b374569a4eb63c4e4e132b7	6	ec85c0ecb10dc70d
05b04d362b374569a4eb63c4e4e132b7	10	32ff1576e4bf4a98
05b04d362b374569a4eb63c4e4e132b7	20	fc02444763209a07
05b095301362cf626067acd18590ea03	0	a057271c9071c99d
05b095301362cf626067acd18590ea03	2	03269d40375fcf49
05b095301362cf626067acd18590ea03	4	a596e9ab9d1694bd
05b095301362cf626067acd18590ea03	6	9cd63a0a83cf7492
05b095301362cf626067acd18590ea03	10	f6184e830f9bbb12
05b095301362cf626067acd18590ea03	20	47dbd0bd8cc0dabd
05b20aaa3665b3688fe91e63b1d416b1	0	a057271c9071c99d
05b20aaa3665b3688fe91e63b1d416b1	2	655ae56a72fce863
05b20aaa3665b3688fe91e63b1d416b1	4	80fa3fa7746b3e6f
05b20aaa3665b3688fe91e63b1d416b1	6	e0c1c296134b6d8d
05b20aaa3665b3688fe91e63b1d416b1	10	42735028d3a1e8b5
05b20aaa3665b3688fe91e63b1d416b1	20	62b75675af21c237
05b26080370a69270bfd81327e616cee	0	a057271c9071c99d
05b26080370a69270bfd81327e616cee	2	c88d9cf909ddc9fa
05b26080370a69270bfd81327e616cee	4	83c0443862ec894a
05b26080370a69270bfd81327e616cee	6	3ed820b72dafbaca
05b26080370a69270bfd81327e616cee	10	10e95c900b07e5c8
05b26080370a69270bfd81327e616cee	20	d656a47d297026bd
05b373515e803818e8991e855a1d500d	0	a057271c9071c99d
05b373515e803818e8991e855a1d500d	2	43adb52c5843817e
05b373515e803818e8991e855a1d500d	4	01cadccb7d1c18da
05b373515e803818e8991e855a1d500d	6	b0da802f5661a468
05b373515e803818e8991e855a1d500d	10	3ee903e9c6222568
05b373515e803818e8991e855a1d500d	20	37b1c39405dae418
05bddbf878fc3fd6becc0b13ae747bdb	0	a057271c9071c99d
05bddbf878fc3fd6becc0b13ae747bdb	2	76b7ee3086af0cb1
05bddbf878fc3fd6becc0b13ae747bdb	4	5e3156fc6bdd3483
05bddbf878fc3fd6becc0b13ae747bdb	6	28d6afa31176f79d
05bddbf878fc3fd6becc0b13ae747bdb	10	7eb846132c287f6e
05bddbf878fc3fd6becc0b13ae747bdb	20	525ef370d4f71b60
05bea7b46a68c2bc7761ff2424c5e58f	0	a057271c9071c99d
05bea7b46a68c2bc7761ff2424c5e58f	2	21927697655225cd
05bea7b46a68c2bc7761ff2424c5e58f	4	c112e1b867022a6c
05bea7b46a68c2bc7761ff2424c5e58f	6	831fa60b0c29dda6
05bea7b46a68c2bc7761ff2424c5e58f	10	cb34693e5477336d
05bea7b46a68c2bc7761ff2424c5e58f	20	7bb519afb2376ce9
05c042ebd6f763d072a86cac025584f0	0	a057271c9071c99d
05c042ebd6f763d072a86cac025584f0	2	4f7f56729b2cae87
05c042ebd6f763d072a86cac025584f0	4	d539ca94143df9a5
05c042ebd6f763d072a86cac025584f0	6	0b14115bce5be1f3
05c042ebd6f763d072a86cac025584f0	10	b47884950e7147fc
05c042ebd6f763d072a86cac025584f0	20	542ee396bfdb2114
05c46c3abf7acb1337d74ce98da20ec3	0	a057271c9071c99d
05c46c3abf7acb1337d74ce98da20ec3	2	f4cc4fa34dd4bda1
05c46c3abf7acb1337d74ce98da20ec3	4	da952d08f46d1276
05c46c3abf7acb1337d74ce98da20ec3	6	3d1de5f9bb5bbfaa
05c46c3abf7acb1337d74ce98da20ec3	10	3d1de5f9bb5bbfaa
05c46c3abf7acb1337d74ce98da20ec3	20	3d1de5f9bb5bbfaa
05c52a5f9133f5afca84767f2eff98fa	0	a057271c9071c99d
05c52a5f9133f5afca84767f2eff98fa	2	8421f330f9ddf53e
05c52a5f9133f5afca84767f2eff98fa	4	ee13a47e4fe75fc9
05c52a5f9133f5afca84767f2eff98fa	6	bc3b569ae44c12eb
05c52a5f9133f5afca84767f2eff98fa	10	8ce017015f2b2e6b
05c52a5f9133f5afca84767f2eff98fa	20	e990f0e471fb9aca
05c5ed370ea11a2c19c111f4a5979921	0	a057271c9071c99d
05c5ed370ea11a2c19c111f4a5979921	2	e0770587ea44f5cf
05c5ed370ea11a2c19c111f4a5979921	4	0a6dc3c5a11d7cbe
05c5ed370ea11a2c19c111f4a5979921	6	e61bcc96ccd1de7d
05c5ed370ea11a2c19c111f4a5979921	10	b3c925c81247e382
05c5ed370ea11a2c19c111f4a5979921	20	21ce8eb8508cb8fd
05c5ff612371a5773e857212174f625b	0	a057271c9071c99d
05c5ff612371a5773e857212174f625b	2	bc420731b979d471
05c5ff612371a5773e857212174f625b	4	8d0d13bc8211f7ad
05c5ff612371a5773e857212174f625b	6	5877f53e5253bef1
05c5ff612371a5773e857212174f625b	10	2651fd514a1a953e
05c5ff612371a5773e857212174f625b	20	2651fd514a1a953e
05c75485e42f747b9dba8da1aa1133ea	0	a057271c9071c99d
05c75485e42f747b9dba8da1aa1133ea	2	5e9d436901936b66
05c75485e42f747b9dba8da1aa1133ea	4	3ff417d58d7c47a8
05c75485e42f747b9dba8da1aa1133ea	6	82050b684c004e8b
05c75485e42f747b9dba8da1aa1133ea	10	9bf161ddcaad144c
05c75485e42f747b9dba8da1aa1133ea	20	bcbb6bbce454da9e
05c7d8c4a5be0da9995e180fe65f0d9e	0	a057271c9071c99d
05c7d8c4a5be0da9995e180fe65f0d9e	2	ecb697ce0d001783
05c7d8c4a5be0da9995e180fe65f0d9e	4	71981570be8abb9a
05c7d8c4a5be0da9995e180fe65f0d9e	6	a2c379f9f7bea4c2
05c7d8c4a5be0da9995e180fe65f0d9e	10	adcd60d6116f5c99
05c7d8c4a5be0da9995e180fe65f0d9e	20	c32d7672c33ac71e
05c8e94aaee86390eaf6e68dd3ec3570	0	a057271c9071c99d
05c8e94aaee86390eaf6e68dd3ec3570	2	f213612701e543cc
05c8e94aaee86390eaf6e68dd3ec3570	4	ca33ba211522703e
05c8e94aaee86390eaf6e68dd3ec3570	6	45c845721807c51a
05c8e94aaee86390eaf6e68dd3ec3570	10	a494dad9d2f38227
05c8e94aaee86390eaf6e68dd3ec3570	20	5c1765debc79f2be
05cc4564c3160e7da7be1142f0448771	0	a057271c9071c99d
05cc4564c3160e7da7be1142f0448771	2	3fd7f3b0d1d8745c
05cc4564c3160e7da7be1142f0448771	4	6798aebcc970f388
05cc4564c3160e7da7be1142f0448771	6	1ed191d403a76d59
05cc4564c3160e7da7be1142f0448771	10	f9db159c1dfa4f21
05cc4564c3160e7da7be1142f0448771	20	e059740c6ecee89c
05cca3e64d2d7766f5eb8eaff105eb40	0	a057271c9071c99d
05cca3e64d2d7766f5eb8eaff105eb40	2	3edc92bd76a6210c
05cca3e64d2d7766f5eb8eaff105eb40	4	8c4b299edc053c4c
05cca3e64d2d7766f5eb8eaff105eb40	6	081fc3f114bd1db4
05cca3e64d2d7766f5eb8eaff105eb40	10	0469bd9b9083eff8
05cca3e64d2d7766f5eb8eaff105eb40	20	c9d0a7a376574939
05cf9b400cec8d7e6a606b8a2087ea3e	0	a057271c9071c99d
05cf9b400cec8d7e6a606b8a2087ea3e	2	9f16e65973bb56a6
05cf9b400cec8d7e6a606b8a2087ea3e	4	e8fd1e0bb013bd27
05cf9b400cec8d7e6a606b8a2087ea3e	6	c97e681ff36ea0e4
05cf9b400cec8d7e6a606b8a2087ea3e	10	0a0843f96b5358b0
05cf9b400cec8d7e6a606b8a2087ea3e	20	b344adfb99ee7f14
05cfa69444404b03cce3310bfd633119	0	a057271c9071c99d
05cfa69444404b03cce3310bfd633119	2	7e46d5cb485ff75b
05cfa69444404b03cce3310bfd633119	4	8401b6e7a519747f
05cfa69444404b03cce3310bfd633119	6	7eb793e7b02527cc
05cfa69444404b03cce3310bfd633119	10	c301e39e01b3c904
05cfa69444404b03cce3310bfd633119	20	f0dbc8485b55fbf5
05d14498d98fd6ea69d30136eb95dcb3	0	a057271c9071c99d
05d14498d98fd6ea69d30136eb95dcb3	2	c648b68ed1d85124
05d14498d98fd6ea69d30136eb95dcb3	4	88de733e78a13f06
05d14498d98fd6ea69d30136eb95dcb3	6	fcae6543bbe2de6a
05d14498d98fd6ea69d30136eb95dcb3	10	71f129b82bd7e879
05d14498d98fd6ea69d30136eb95dcb3	20	c69924f35393c3ff
05d1a5e83b3a86de7598a1e089a86b21	0	a057271c9071c99d
05d1a5e83b3a86de7598a1e089a86b21	2	4befcd74a22cdef5
05d1a5e83b3a86de7598a1e089a86b21	4	d059512577397e1b
05d1a5e83b3a86de7598a1e089a86b21	6	c52e60aa9aa20d55
05d1a5e83b3a86de7598a1e089a86b21	10	68ace277248ecc5a
05d1a5e83b3a86de7598a1e089a86b21	20	dab4bc1e6ff7924d
05d1e403eb79a9a1b4fd0182be89299b	0	a057271c9071c99d
05d1e403eb79a9a1b4fd0182be89299b	2	69c0ab0d2469eec6
05d1e403eb79a9a1b4fd0182be89299b	4	92987dde75ac7315
05d1e403eb79a9a1b4fd0182be89299b	6	c2a4005129c36839
05d1e403eb79a9a1b4fd0182be89299b	10	169e0af64d9b3bb6
05d1e403eb79a9a1b4fd0182be89299b	20	1d4610df51405568
05d545d220f72a6d28004dd5b092594d	0	a057271c9071c99d
05d545d220f72a6d28004dd5b092594d	2	ab0ff3026e1e9555
05d545d220f72a6d28004dd5b092594d	4	f7ce1ea56a8443f1
05d545d220f72a6d28004dd5b092594d	6	da1ff344a7190eac
05d545d220f72a6d28004dd5b092594d	10	5c04f77e72ae0e21
05d545d220f72a6d28004dd5b092594d	20	5c04f77e72ae0e21
05d6efa039dad1b207f1649aa4449fd2	0	a057271c9071c99d
05d6efa039dad1b207f1649aa4449fd2	2	9cdf94279c13134f
05d6efa039dad1b207f1649aa4449fd2	4	5923d1f95284dce5
05d6efa039dad1b207f1649aa4449fd2	6	d90619d1e77d4f0e
05d6efa039dad1b207f1649aa4449fd2	10	f37f33aa410966ff
05d6efa039dad1b207f1649aa4449fd2	20	0ae2f527aab96b11
05ddfe38031a7974a3d0510018ab253c	0	a057271c9071c99d
05ddfe38031a7974a3d0510018ab253c	2	c41520a72c3e2280
05ddfe38031a7974a3d0510018ab253c	4	d30a61aee2560514
05ddfe38031a7974a3d0510018ab253c	6	716ea751fcd161c5
05ddfe38031a7974a3d0510018ab253c	10	182a715ffe8e499c
05ddfe38031a7974a3d0510018ab253c	20	a387a879575f4561
05df4430054ceba4fa065806e8c65041	0	a057271c9071c99d
05df4430054ceba4fa065806e8c65041	2	ef460552362c86d2
05df4430054ceba4fa065806e8c65041	4	cba3b07f371af571
05df4430054ceba4fa065806e8c65041	6	df0ec29a67f80eae
05df4430054ceba4fa065806e8c65041	10	df0ec29a67f80eae
05df4430054ceba4fa065806e8c65041	20	df0ec29a67f80eae
05e291c40b85447a181d7de47ae1a2bf	0	a057271c9071c99d
05e291c40b85447a181d7de47ae1a2bf	2	893ee9906875d113
05e291c40b85447a181d7de47ae1a2bf	4	bd682ad54faf615c
05e291c40b85447a181d7de47ae1a2bf	6	ab2e618011e4b014
05e291c40b85447a181d7de47ae1a2bf	10	61a04ff7d29d2b4e
05e291c40b85447a181d7de47ae1a2bf	20	2fa7806b338234a9
05e5b5a37a0d7cb5e96c82b84bbdca66	0	a057271c9071c99d
05e5b5a37a0d7cb5e96c82b84bbdca66	2	02bc159b183b6f8e
05e5b5a37a0d7cb5e96c82b84bbdca66	4	23029b80e8684e2a
05e5b5a37a0d7cb5e96c82b84bbdca66	6	20eb4cb637b23ca9
05e5b5a37a0d7cb5e96c82b84bbdca66	10	0d884012804bd2db
05e5b5a37a0d7cb5e96c82b84bbdca66	20	5ec0360d1aed80e9
05e877d2709b8c20b3485e6b68c98bc0	0	a057271c9071c99d
05e877d2709b8c20b3485e6b68c98bc0	2	51c254e6a95043ae
05e877d2709b8c20b3485e6b68c98bc0	4	7ddf18ffbfbca17b
05e877d2709b8c20b3485e6b68c98bc0	6	b8a9960793162bb3
05e877d2709b8c20b3485e6b68c98bc0	10	b7a7e86be3d8dced
05e877d2709b8c20b3485e6b68c98bc0	20	5202b0fffd5caa6d
05eb87eb6fecb7a8a3bdc25154412c1d	0	a057271c9071c99d
05eb87eb6fecb7a8a3bdc25154412c1d	2	ea8ad1e67d89b112
05eb87eb6fecb7a8a3bdc25154412c1d	4	dbd0d4d1c63a4571
05eb87eb6fecb7a8a3bdc25154412c1d	6	ba29ed7e166a1161
05eb87eb6fecb7a8a3bdc25154412c1d	10	ba29ed7e166a1161
05eb87eb6fecb7a8a3bdc25154412c1d	20	ba29ed7e166a1161
05ed64e4e6229f446082752936768489	0	a057271c9071c99d
05ed64e4e6229f446082752936768489	2	0b513f0c1929b595
05ed64e4e6229f446082752936768489	4	12f5a0cf56af14c6
05ed64e4e6229f446082752936768489	6	1985064a17349bc7
05ed64e4e6229f446082752936768489	10	b1a342eb4b7619f3
05ed64e4e6229f446082752936768489	20	cf800473c0c879f5
05ed840c0a907e88e475c931f40fab83	0	a057271c9071c99d
05ed840c0a907e88e475c931f40fab83	2	9c9d014e1d4ebb70
05ed840c0a907e88e475c931f40fab83	4	418940fbb0c46740
05ed840c0a907e88e475c931f40fab83	6	6cdf395b10989f41
05ed840c0a907e88e475c931f40fab83	10	9e318932cc899894
05ed840c0a907e88e475c931f40fab83	20	8167774a1cdf667b
05eee75ab69270c322b9ef6bc1ee8604	0	a057271c9071c99d
05eee75ab69270c322b9ef6bc1ee8604	2	ec6c563c8b055797
05eee75ab69270c322b9ef6bc1ee8604	4	c5926046977a06b3
05eee75ab69270c322b9ef6bc1ee8604	6	ea848f6502466ce5
05eee75ab69270c322b9ef6bc1ee8604	10	b74c13e323150ef4
05eee75ab69270c322b9ef6bc1ee8604	20	546ad45bb3c559bf
05f3a48298721d68cded8618b432e7c3	0	a057271c9071c99d
05f3a48298721d68cded8618b432e7c3	2	cf0286c6d393338c
05f3a48298721d68cded8618b432e7c3	4	81267b00bfbc994c
05f3a48298721d68cded8618b432e7c3	6	9855e37da6ce0a31
05f3a48298721d68cded8618b432e7c3	10	db7e39b4a2cce655
05f3a48298721d68cded8618b432e7c3	20	5ffa254098564cc9
05f5567936f582edc0d3ea9903f540bc	0	a057271c9071c99d
05f5567936f582edc0d3ea9903f540bc	2	990601f8d3152fcc
05f5567936f582edc0d3ea9903f540bc	4	6b7ff7b24ea41ddf
05f5567936f582edc0d3ea9903f540bc	6	268f3e8c637a0cd0
05f5567936f582edc0d3ea9903f540bc	10	82fd3bc923e37b6b
05f5567936f582edc0d3ea9903f540bc	20	47a7156a97583779
05f6dbdbe30aaec98ca5fc1ce5a662b1	0	a057271c9071c99d
05f6dbdbe30aaec98ca5fc1ce5a662b1	2	e75b285be43b4eee
05f6dbdbe30aaec98ca5fc1ce5a662b1	4	f4ec8d35d5d77046
05f6dbdbe30aaec98ca5fc1ce5a662b1	6	1e1199128bab67a6
05f6dbdbe30aaec98ca5fc1ce5a662b1	10	315623d9eb3fa449
05f6dbdbe30aaec98ca5fc1ce5a662b1	20	47171ce6842a7390
05f7448ef6a998da4d58a15cebe0b6ba	0	a057271c9071c99d
05f7448ef6a998da4d58a15cebe0b6ba	2	1a7889850a4b2731
05f7448ef6a998da4d58a15cebe0b6ba	4	44ce649b3773e92e
05f7448ef6a998da4d58a15cebe0b6ba	6	29701713cfcb225c
05f7448ef6a998da4d58a15cebe0b6ba	10	3a4b9b4aa3dbc8bc
05f7448ef6a998da4d58a15cebe0b6ba	20	95a9106ba259268f
05f8ffcc6372f5475a0b7c61b46c162e	0	a057271c9071c99d
05f8ffcc6372f5475a0b7c61b46c162e	2	fc8157349b68c0e3
05f8ffcc6372f5475a0b7c61b46c162e	4	4dbafd5fc97eba57
05f8ffcc6372f5475a0b7c61b46c162e	6	65afab146b2509a1
05f8ffcc6372f5475a0b7c61b46c162e	10	65afab146b2509a1
05f8ffcc6372f5475a0b7c61b46c162e	20	65afab146b2509a1
05fa3b96505ec198385ce8bbb02d27df	0	a057271c9071c99d
05fa3b96505ec198385ce8bbb02d27df	2	4a2f3e4013337768
05fa3b96505ec198385ce8bbb02d27df	4	191deafccfda93f9
05fa3b96505ec198385ce8bbb02d27df	6	2e7c00b29d55e588
05fa3b96505ec198385ce8bbb02d27df	10	f721853304943b95
05fa3b96505ec198385ce8bbb02d27df	20	9ab4d3b26878cfc6
05fa862fc7acabb822b6f2afb5fb6973	0	a057271c9071c99d
05fa862fc7acabb822b6f2afb5fb6973	2	8030fbe714f2afc7
05fa862fc7acabb822b6f2afb5fb6973	4	3aa19d25a9d27155
05fa862fc7acabb822b6f2afb5fb6973	6	0a23a0e99fd19c70
05fa862fc7acabb822b6f2afb5fb6973	10	0b5adc8a72e65d10
05fa862fc7acabb822b6f2afb5fb6973	20	306848bd49459719
05fb1e489956554f9115344bce4e71c7	0	a057271c9071c99d
05fb1e489956554f9115344bce4e71c7	2	11e32d3d5311dc72
05fb1e489956554f9115344bce4e71c7	4	75478b32d386e39a
05fb1e489956554f9115344bce4e71c7	6	fe2d3d2bde4b70c2
05fb1e489956554f9115344bce4e71c7	10	29feb85acce32d88
05fb1e489956554f9115344bce4e71c7	20	d48e40242e797065
05fbbab9f0baf819ed9593cca8587629	0	a057271c9071c99d
05fbbab9f0baf819ed9593cca8587629	2	1d47ea7de31cd49e
05fbbab9f0baf819ed9593cca8587629	4	25154ebedf255095
05fbbab9f0baf819ed9593cca8587629	6	fb1ec1ebe8ae9af0
05fbbab9f0baf819ed9593cca8587629	10	e4825f0e63b3c08b
05fbbab9f0baf819ed9593cca8587629	20	e4825f0e63b3c08b
05ff725eef6dbf5b1bff07bedd89d6c0	0	a057271c9071c99d
05ff725eef6dbf5b1bff07bedd89d6c0	2	5ab6006c4f8ad253
05ff725eef6dbf5b1bff07bedd89d6c0	4	6fd546d7baa63875
05ff725eef6dbf5b1bff07bedd89d6c0	6	2ba12cfae742eaf6
05ff725eef6dbf5b1bff07bedd89d6c0	10	5dccf3e6bc929a3b
05ff725eef6dbf5b1bff07bedd89d6c0	20	c3d6812fbbc1ba4b
05ffa991da7ff48826faa3607de22e60	0	a057271c9071c99d
05ffa991da7ff48826faa3607de22e60	2	409e8d3c8bcb2f73
05ffa991da7ff48826faa3607de22e60	4	54766da4cbf7a6a6
05ffa991da7ff48826faa3607de22e60	6	07ccdfe79780b35a
05ffa991da7ff48826faa3607de22e60	10	3d770037e35b73a9
05ffa991da7ff48826faa3607de22e60	20	66adc52ca28ad280
0601e6379f576d6ad6eaddcb5798c13c	0	a057271c9071c99d
0601e6379f576d6ad6eaddcb5798c13c	2	20588ba4a1ecbc4d
0601e6379f576d6ad6eaddcb5798c13c	4	2bc4fe57d0c365b0
0601e6379f576d6ad6eaddcb5798c13c	6	09694335aed5c555
0601e6379f576d6ad6eaddcb5798c13c	10	44e09ff76b5779fd
0601e6379f576d6ad6eaddcb5798c13c	20	687a8ff81a603496
06049cbbea67b138b7900b6c7c5730de	0	a057271c9071c99d
06049cbbea67b138b7900b6c7c5730de	2	4f08337b1b8c9c15
06049cbbea67b138b7900b6c7c5730de	4	9213e42d7482fa4f
06049cbbea67b138b7900b6c7c5730de	6	a324cbfc3f22be05
06049cbbea67b138b7900b6c7c5730de	10	fd0df23a7aa905f4
06049cbbea67b138b7900b6c7c5730de	20	472631be3b1d7ec0
060ad8240dd120ae1017c31c17fa88e9	0	a057271c9071c99d
060ad8240dd120ae1017c31c17fa88e9	2	5443cb7e751218fc
060ad8240dd120ae1017c31c17fa88e9	4	3a8c27a505c8a8f1
060ad8240dd120ae1017c31c17fa88e9	6	41bcb00c36915948
060ad8240dd120ae1017c31c17fa88e9	10	5982ddabe3333fe7
060ad8240dd120ae1017c31c17fa88e9	20	b5d9681512238aa5
060b7ed7ef9e59576b9ee62c998a5103	0	a057271c9071c99d
060b7ed7ef9e59576b9ee62c998a5103	2	1a6d2b750fa326a7
060b7ed7ef9e59576b9ee62c998a5103	4	3224fbf0da39b19c
060b7ed7ef9e59576b9ee62c998a5103	6	6f532c6e1b3173fb
060b7ed7ef9e59576b9ee62c998a5103	10	cf0f970bf454ce67
060b7ed7ef9e59576b9ee62c998a5103	20	dd0bccb8d82b5f20
060eaa97b6072e7d3ef9087d2421ddeb	0	a057271c9071c99d
060eaa97b6072e7d3ef9087d2421ddeb	2	1a8767cabd2068b7
060eaa97b6072e7d3ef9087d2421ddeb	4	15893b68348d9d8b
060eaa97b6072e7d3ef9087d2421ddeb	6	1b89b4d11682ebe1
060eaa97b6072e7d3ef9087d2421ddeb	10	1b89b4d11682ebe1
060eaa97b6072e7d3ef9087d2421ddeb	20	1b89b4d11682ebe1
0611c9a290bc9dc289bc097c9662913c	0	a057271c9071c99d
0611c9a290bc9dc289bc097c9662913c	2	3d580a3d91c73566
0611c9a290bc9dc289bc097c9662913c	4	43faf184d70ac15d
0611c9a290bc9dc289bc097c9662913c	6	1f364722702de7a4
0611c9a290bc9dc289bc097c9662913c	10	517b92b99bba47b8
0611c9a290bc9dc289bc097c9662913c	20	81ed0525f0037c80
0612deb9e6268ddf1381d042ab2e52ce	0	a057271c9071c99d
0612deb9e6268ddf1381d042ab2e52ce	2	6bb6f508807e35fa
0612deb9e6268ddf1381d042ab2e52ce	4	8317faa2403f5300
0612deb9e6268ddf1381d042ab2e52ce	6	cf1ed65aaa8e304e
0612deb9e6268ddf1381d042ab2e52ce	10	849ad87fc58b89b4
0612deb9e6268ddf1381d042ab2e52ce	20	70ca95e0c0d68522
0614e1ae5100ee0aca4ea24424479fa3	0	a057271c9071c99d
0614e1ae5100ee0aca4ea24424479fa3	2	5c5f93d689e657f9
0614e1ae5100ee0aca4ea24424479fa3	4	0697db39ba52831e
0614e1ae5100ee0aca4ea24424479fa3	6	9e241186451c31cc
0614e1ae5100ee0aca4ea24424479fa3	10	3a755f57a9c747d8
0614e1ae5100ee0aca4ea24424479fa3	20	6fae1a997ded7420
06166a0dd78f45c213add974a6711dfe	0	a057271c9071c99d
06166a0dd78f45c213add974a6711dfe	2	98577e7e315aaac7
06166a0dd78f45c213add974a6711dfe	4	f707264632773ea4
06166a0dd78f45c213add974a6711dfe	6	666ba5d289827495
06166a0dd78f45c213add974a6711dfe	10	13eb7ec526b5dd65
06166a0dd78f45c213add974a6711dfe	20	16e039eaa0e141cc
0616ca6b1e0ae639d12e19ed310963a9	0	a057271c9071c99d
0616ca6b1e0ae639d12e19ed310963a9	2	01774ce408d647d1
0616ca6b1e0ae639d12e19ed310963a9	4	acad7652f85c99bd
0616ca6b1e0ae639d12e19ed310963a9	6	4466e83b9eb77d28
0616ca6b1e0ae639d12e19ed310963a9	10	a3d40aa2efa8db4e
0616ca6b1e0ae639d12e19ed310963a9	20	e338e789b14e9639
06172049e6804cbfb07f993023f2684f	0	a057271c9071c99d
06172049e6804cbfb07f993023f2684f	2	a31b8ba81966ba71
06172049e6804cbfb07f993023f2684f	4	97c555847d531bfa
06172049e6804cbfb07f993023f2684f	6	9325ac84e45e5f6e
06172049e6804cbfb07f993023f2684f	10	49ccb21927e7c243
06172049e6804cbfb07f993023f2684f	20	d48053ab20c94cc0
06221f824342f77b3d6cce7f05d70fe2	0	a057271c9071c99d
06221f824342f77b3d6cce7f05d70fe2	2	dcfe3c6cfd700abc
06221f824342f77b3d6cce7f05d70fe2	4	99367222e6d1fe7c
06221f824342f77b3d6cce7f05d70fe2	6	b0c3868b7de926b8
06221f824342f77b3d6cce7f05d70fe2	10	38da4e2f0c998038
06221f824342f77b3d6cce7f05d70fe2	20	7e652eb63e964a81
062b340de8f5fdb7ad62c3ec8a7d50ac	0	a057271c9071c99d
062b340de8f5fdb7ad62c3ec8a7d50ac	2	987b49ec5d364903
062b340de8f5fdb7ad62c3ec8a7d50ac	4	8f0bbcbe664bef65
062b340de8f5fdb7ad62c3ec8a7d50ac	6	4cc29c17eecdcb47
062b340de8f5fdb7ad62c3ec8a7d50ac	10	3aa81fb152f94d0e
062b340de8f5fdb7ad62c3ec8a7d50ac	20	3aa81fb152f94d0e
062c3f614211a999d533cf5ba9108e5e	0	a057271c9071c99d
062c3f614211a999d533cf5ba9108e5e	2	8f5243e6e85da739
062c3f614211a999d533cf5ba9108e5e	4	0672f7760b08aa18
062c3f614211a999d533cf5ba9108e5e	6	dbb80c394e5e5927
062c3f614211a999d533cf5ba9108e5e	10	dbb80c394e5e5927
062c3f614211a999d533cf5ba9108e5e	20	dbb80c394e5e5927
062e0ba3b2995f2a089b92e5bf004931	0	a057271c9071c99d
062e0ba3b2995f2a089b92e5bf004931	2	28958bd79c3c4f51
062e0ba3b2995f2a089b92e5bf004931	4	63a9520f36092ee5
062e0ba3b2995f2a089b92e5bf004931	6	92b7d206a3c03eee
062e0ba3b2995f2a089b92e5bf004931	10	1cb1b03a99d9e377
062e0ba3b2995f2a089b92e5bf004931	20	361800f970ef6c80
062ecaf3e25632b7b6a20134f11c27e4	0	a057271c9071c99d
062ecaf3e25632b7b6a20134f11c27e4	2	e1773ce4e3210552
062ecaf3e25632b7b6a20134f11c27e4	4	c9d897cd450c1a27
062ecaf3e25632b7b6a20134f11c27e4	6	4bc0ed489a65cde0
062ecaf3e25632b7b6a20134f11c27e4	10	77156fc6e6cf7fd1
062ecaf3e25632b7b6a20134f11c27e4	20	310fcafe9b51e74b
062f58e44eb73f9274b57af5092cad90	0	a057271c9071c99d
062f58e44eb73f9274b57af5092cad90	2	08637bc60d2412a9
062f58e44eb73f9274b57af5092cad90	4	212f481a62161bb8
062f58e44eb73f9274b57af5092cad90	6	22c40f3ce51d7fae
062f58e44eb73f9274b57af5092cad90	10	944ffb6963e6e9cc
062f58e44eb73f9274b57af5092cad90	20	382e457d2aab0895
0631fa9d32573af7de0062dd3ad42d2a	0	a057271c9071c99d
0631fa9d32573af7de0062dd3ad42d2a	2	bce8e7882789b307
0631fa9d32573af7de0062dd3ad42d2a	4	6af3717c76946869
0631fa9d32573af7de0062dd3ad42d2a	6	d00ec9053a47762b
0631fa9d32573af7de0062dd3ad42d2a	10	106b9e89fcbbb43e
0631fa9d32573af7de0062dd3ad42d2a	20	106b9e89fcbbb43e
06326dd7bab63b892d2c147d5928468c	0	a057271c9071c99d
06326dd7bab63b892d2c147d5928468c	2	284444907d5046ad
06326dd7bab63b892d2c147d5928468c	4	e53723dcfe83ab1b
06326dd7bab63b892d2c147d5928468c	6	c21b0b669253bb35
06326dd7bab63b892d2c147d5928468c	10	7c664de198e1cb43
06326dd7bab63b892d2c147d5928468c	20	e3c3de778090ebbd
063486c4a139ae7a3874a5bac3459217	0	a057271c9071c99d
063486c4a139ae7a3874a5bac3459217	2	1aaeb718958d229b
063486c4a139ae7a3874a5bac3459217	4	c5912e6729ed85d1
063486c4a139ae7a3874a5bac3459217	6	c420f3c88fb20851
063486c4a139ae7a3874a5bac3459217	10	ba5a7c10c8c60ada
063486c4a139ae7a3874a5bac3459217	20	204f5ccd7a3f1c14
06385be5ecfc7df22b2c956093cef85f	0	a057271c9071c99d
06385be5ecfc7df22b2c956093cef85f	2	f18b03fdd4413ab4
06385be5ecfc7df22b2c956093cef85f	4	8d183d80c1b075fb
06385be5ecfc7df22b2c956093cef85f	6	0b44e8d945d75ff0
06385be5ecfc7df22b2c956093cef85f	10	7862862ddd719e97
06385be5ecfc7df22b2c956093cef85f	20	d39a078c33c5ea5f
063beadfa9d6dbd569d12aacbcb300c5	0	a057271c9071c99d
063beadfa9d6dbd569d12aacbcb300c5	2	d7cf8f8887a8d69c
063beadfa9d6dbd569d12aacbcb300c5	4	53e0d4205f918b7f
063beadfa9d6dbd569d12aacbcb300c5	6	fe70482d098856e1
063beadfa9d6dbd569d12aacbcb300c5	10	c1eed1f34594372a
063beadfa9d6dbd569d12aacbcb300c5	20	c1eed1f34594372a
06441d7b824ead0325b07d7d7e943ddb	0	a057271c9071c99d
06441d7b824ead0325b07d7d7e943ddb	2	c9106a0822e753cd
06441d7b824ead0325b07d7d7e943ddb	4	7e180544b52623fc
06441d7b824ead0325b07d7d7e943ddb	6	63e5724e75a782a7
06441d7b824ead0325b07d7d7e943ddb	10	fa732db1d3ce26ba
06441d7b824ead0325b07d7d7e943ddb	20	5672f71cc556be24
064850977be6689e4aa2165adbd8e866	0	a057271c9071c99d
064850977be6689e4aa2165adbd8e866	2	c7cf8cf523dd09c6
064850977be6689e4aa2165adbd8e866	4	a4f17ac00bab46b5
064850977be6689e4aa2165adbd8e866	6	b98c2e266c1ac411
064850977be6689e4aa2165adbd8e866	10	4b0523a46a154614
064850977be6689e4aa2165adbd8e866	20	9dd0e9fc317d5990
064ba3c61c5f105104edec8305853711	0	a057271c9071c99d
064ba3c61c5f105104edec8305853711	2	ffca65bd037606cd
064ba3c61c5f105104edec8305853711	4	1b1a2ea103136ba8
064ba3c61c5f105104edec8305853711	6	6e7e1058ecbd43e6
064ba3c61c5f105104edec8305853711	10	ef13ce1d70e1448c
064ba3c61c5f105104edec8305853711	20	51de39686bb68a40
064bf6dbb752a83b4d3602779a4f5795	0	a057271c9071c99d
064bf6dbb752a83b4d3602779a4f5795	2	2433ad91b963ad90
064bf6dbb752a83b4d3602779a4f5795	4	7d8504f00306e37c
064bf6dbb752a83b4d3602779a4f5795	6	1ae7b8f99f594742
064bf6dbb752a83b4d3602779a4f5795	10	519f0e789692e6a5
064bf6dbb752a83b4d3602779a4f5795	20	1826dfe00802c19e
064cf5ae720265bdb95f553557e41f18	0	a057271c9071c99d
064cf5ae720265bdb95f553557e41f18	2	e701f841594b4f4e
064cf5ae720265bdb95f553557e41f18	4	e0eafc2ccbbfb90e
064cf5ae720265bdb95f553557e41f18	6	40601112bfb557cc
064cf5ae720265bdb95f553557e41f18	10	3fb19045043c9988
064cf5ae720265bdb95f553557e41f18	20	6bfa2896d84261d6
064fe286277f695f42b556ef991036ff	0	a057271c9071c99d
064fe286277f695f42b556ef991036ff	2	9a55a89d3bcca2c7
064fe286277f695f42b556ef991036ff	4	71b5ae795798db31
064fe286277f695f42b556ef991036ff	6	98c4d399d457607b
064fe286277f695f42b556ef991036ff	10	156b60fd976757cc
064fe286277f695f42b556ef991036ff	20	cfb8639981bb03d3
065036e33ca5a147c353956348fc8cc5	0	a057271c9071c99d
065036e33ca5a147c353956348fc8cc5	2	32aff085b85a8892
065036e33ca5a147c353956348fc8cc5	4	e0f26966edcad4f8
065036e33ca5a147c353956348fc8cc5	6	18c13b61dbe58b14
065036e33ca5a147c353956348fc8cc5	10	33fb92419019c512
065036e33ca5a147c353956348fc8cc5	20	9937fcf8d2077203
06536364700e9f2297d14f2aa5a425bd	0	a057271c9071c99d
06536364700e9f2297d14f2aa5a425bd	2	9d9b522405c489be
06536364700e9f2297d14f2aa5a425bd	4	a7a89299a3bd00e8
06536364700e9f2297d14f2aa5a425bd	6	7bb8ec40d023354a
06536364700e9f2297d14f2aa5a425bd	10	941fb9b7afd7e0a3
06536364700e9f2297d14f2aa5a425bd	20	48de8e715857d077
065775fe69392642261b1436fbd6bab4	0	a057271c9071c99d
065775fe69392642261b1436fbd6bab4	2	82bcd6566ce6261d
065775fe69392642261b1436fbd6bab4	4	4f6c10f026e9c964
065775fe69392642261b1436fbd6bab4	6	b7abd0b5ea54fe52
065775fe69392642261b1436fbd6bab4	10	b7abd0b5ea54fe52
065775fe69392642261b1436fbd6bab4	20	b7abd0b5ea54fe52
0657d7556552d692a009861a8df0187d	0	a057271c9071c99d
0657d7556552d692a009861a8df0187d	2	80d73be01825e2b6
0657d7556552d692a009861a8df0187d	4	271d1a598e8ba6f8
0657d7556552d692a009861a8df0187d	6	a75b6fb6488429f2
0657d7556552d692a009861a8df0187d	10	b9256f56809c29be
0657d7556552d692a009861a8df0187d	20	10407e6ff4d88f58
065882225b28a15ec62af09030001ee5	0	a057271c9071c99d
065882225b28a15ec62af09030001ee5	2	9a21b076970038a3
065882225b28a15ec62af09030001ee5	4	088c36a8ce1ca41d
065882225b28a15ec62af09030001ee5	6	c878aed708045347
065882225b28a15ec62af09030001ee5	10	668602b50ed571c3
065882225b28a15ec62af09030001ee5	20	0b697ddb628a66a8
065b141f5b24a1ea858f9e63bf13d0cf	0	a057271c9071c99d
065b141f5b24a1ea858f9e63bf13d0cf	2	fb74835227c28eb9
065b141f5b24a1ea858f9e63bf13d0cf	4	77abea8346879ca1
065b141f5b24a1ea858f9e63bf13d0cf	6	cc226ca1e8b0ad80
065b141f5b24a1ea858f9e63bf13d0cf	10	c8a79fc69c8eaabf
065b141f5b24a1ea858f9e63bf13d0cf	20	dc6ade51747783e8
0662b68319b8438792d39a221786680b	0	a057271c9071c99d
0662b68319b8438792d39a221786680b	2	708ab1c5186e4918
0662b68319b8438792d39a221786680b	4	0d60f5f358aa7a92
0662b68319b8438792d39a221786680b	6	a2d79c63e7d2ab19
0662b68319b8438792d39a221786680b	10	7139c56802b0c502
0662b68319b8438792d39a221786680b	20	b401cafc2d111435
0662df257be6c6d0691729cb23a17386	0	a057271c9071c99d
0662df257be6c6d0691729cb23a17386	2	62c2788dd9d04881
0662df257be6c6d0691729cb23a17386	4	b41f74a7e3a22370
0662df257be6c6d0691729cb23a17386	6	b41f74a7e3a22370
0662df257be6c6d0691729cb23a17386	10	b41f74a7e3a22370
0662df257be6c6d0691729cb23a17386	20	b41f74a7e3a22370
066813ab5f3b7b1cc6d2847c37f5fae7	0	a057271c9071c99d
066813ab5f3b7b1cc6d2847c37f5fae7	2	7898b2aa0c97751a
066813ab5f3b7b1cc6d2847c37f5fae7	4	97864f7e51b886a9
066813ab5f3b7b1cc6d2847c37f5fae7	6	6e2c79d4554449f2
066813ab5f3b7b1cc6d2847c37f5fae7	10	88987175ef15fb1e
066813ab5f3b7b1cc6d2847c37f5fae7	20	88987175ef15fb1e
0668d86f91d0e8aeea2e3fe722047363	0	a057271c9071c99d
0668d86f91d0e8aeea2e3fe722047363	2	0172f5b0ea4063ec
0668d86f91d0e8aeea2e3fe722047363	4	e52211e838e38ae0
0668d86f91d0e8aeea2e3fe722047363	6	a2b972247de0dfaf
0668d86f91d0e8aeea2e3fe722047363	10	d7640ea8a92a10ff
0668d86f91d0e8aeea2e3fe722047363	20	d2d77fbafc2da791
066ade1d9e5bede84a078012ee14fdc5	0	a057271c9071c99d
066ade1d9e5bede84a078012ee14fdc5	2	26e899aa33318aaf
066ade1d9e5bede84a078012ee14fdc5	4	23a12031e9cc29ea
066ade1d9e5bede84a078012ee14fdc5	6	b6e6e78a4c25ff38
066ade1d9e5bede84a078012ee14fdc5	10	358af2af53b3da50
066ade1d9e5bede84a078012ee14fdc5	20	412942cd4c31a11a
066cc2796adfff0382fed7ae88d5b41d	0	a057271c9071c99d
066cc2796adfff0382fed7ae88d5b41d	2	40a0167699a06583
066cc2796adfff0382fed7ae88d5b41d	4	f775b6bd9b9041fb
066cc2796adfff0382fed7ae88d5b41d	6	7e6ecd6d48f24738
066cc2796adfff0382fed7ae88d5b41d	10	06046451fa4eb754
066cc2796adfff0382fed7ae88d5b41d	20	af3d6923e66d9839
066d6a47dfd9648d913ba8dbce722d75	0	a057271c9071c99d
066d6a47dfd9648d913ba8dbce722d75	2	d8e0311fd811da8d
066d6a47dfd9648d913ba8dbce722d75	4	e5af9869f829aa7a
066d6a47dfd9648d913ba8dbce722d75	6	093a40f8da1a901b
066d6a47dfd9648d913ba8dbce722d75	10	16400367ecfc5c95
066d6a47dfd9648d913ba8dbce722d75	20	bfda07ece83788b6
066f7dc6f15dfe89172f4b32e50ac826	0	a057271c9071c99d
066f7dc6f15dfe89172f4b32e50ac826	2	bf4bcf75123b791c
066f7dc6f15dfe89172f4b32e50ac826	4	ca3be0438a34f13c
066f7dc6f15dfe89172f4b32e50ac826	6	219744e4930c6bf9
066f7dc6f15dfe89172f4b32e50ac826	10	98847a84cf8362cb
066f7dc6f15dfe89172f4b32e50ac826	20	041de6df656b36fa
0671f3013bf168f4660edfb4b40fbfa5	0	a057271c9071c99d
0671f3013bf168f4660edfb4b40fbfa5	2	b5e77252e87bd928
0671f3013bf168f4660edfb4b40fbfa5	4	a5d8a21df69fb917
0671f3013bf168f4660edfb4b40fbfa5	6	95588e8a671f6c7b
0671f3013bf168f4660edfb4b40fbfa5	10	c68d0488a063d052
0671f3013bf168f4660edfb4b40fbfa5	20	f927b6c63ef4ec89
0674a404bfea717643b7bf30d9f5eefc	0	a057271c9071c99d
0674a404bfea717643b7bf30d9f5eefc	2	81f8d302740cbbbb
0674a404bfea717643b7bf30d9f5eefc	4	a9ed205cc4fa2ad8
0674a404bfea717643b7bf30d9f5eefc	6	27859a2370e46a6d
0674a404bfea717643b7bf30d9f5eefc	10	bd7f17268292cabc
0674a404bfea717643b7bf30d9f5eefc	20	ddbccd4a466fd890
06767f7b8e23fd24f6df74fefef9c48c	0	a057271c9071c99d
06767f7b8e23fd24f6df74fefef9c48c	2	d7a5d4002a54fb69
06767f7b8e23fd24f6df74fefef9c48c	4	c9c6850eef01fc8a
06767f7b8e23fd24f6df74fefef9c48c	6	d5e801adba934f21
06767f7b8e23fd24f6df74fefef9c48c	10	432ef3581a801eba
06767f7b8e23fd24f6df74fefef9c48c	20	c4e772b265cc2f65
067dc6945c4aec1c2bc1fdc2e5819124	0	a057271c9071c99d
067dc6945c4aec1c2bc1fdc2e5819124	2	3d0838a4a77713b7
067dc6945c4aec1c2bc1fdc2e5819124	4	098876e55c075213
067dc6945c4aec1c2bc1fdc2e5819124	6	6e4382f135b1a67d
067dc6945c4aec1c2bc1fdc2e5819124	10	fd79d67381b40930
067dc6945c4aec1c2bc1fdc2e5819124	20	fd79d67381b40930
0680b380fc7a80df4c5a33ed23e11ddc	0	a057271c9071c99d
0680b380fc7a80df4c5a33ed23e11ddc	2	f7250ea8dbb77f6a
0680b380fc7a80df4c5a33ed23e11ddc	4	ee5df32513738ffd
0680b380fc7a80df4c5a33ed23e11ddc	6	d702f5020befeafd
0680b380fc7a80df4c5a33ed23e11ddc	10	4f0910b60b36e403
0680b380fc7a80df4c5a33ed23e11ddc	20	84221d62d5454dca
06810c46387bda32e8a1486bac64a7af	0	a057271c9071c99d
06810c46387bda32e8a1486bac64a7af	2	6ceabcd74bee97a0
06810c46387bda32e8a1486bac64a7af	4	6f6dd96a4f44cd6c
06810c46387bda32e8a1486bac64a7af	6	4a1234801b53664e
06810c46387bda32e8a1486bac64a7af	10	ddd36a6bf265ad4e
06810c46387bda32e8a1486bac64a7af	20	54c8dda6a2856049
0684c9b8439112b0e3202dc1f13bae65	0	a057271c9071c99d
0684c9b8439112b0e3202dc1f13bae65	2	a40288353e5d36c0
0684c9b8439112b0e3202dc1f13bae65	4	78c65f24305a837f
0684c9b8439112b0e3202dc1f13bae65	6	78c65f24305a837f
0684c9b8439112b0e3202dc1f13bae65	10	78c65f24305a837f
0684c9b8439112b0e3202dc1f13bae65	20	78c65f24305a837f
068594cad63ad63966d00272acbe72f7	0	a057271c9071c99d
068594cad63ad63966d00272acbe72f7	2	77af15dfd1c1f673
068594cad63ad63966d00272acbe72f7	4	fca785b8f334b074
068594cad63ad63966d00272acbe72f7	6	61cd6b5d3fa57f3d
068594cad63ad63966d00272acbe72f7	10	749985ca33511e69
068594cad63ad63966d00272acbe72f7	20	6fc1f3a453af4608
06872e73223dc74c76b06f37a185dc22	0	a057271c9071c99d
06872e73223dc74c76b06f37a185dc22	2	257863acf9a7dba1
06872e73223dc74c76b06f37a185dc22	4	7841df8e454a87ea
06872e73223dc74c76b06f37a185dc22	6	f5b7fa103ed29359
06872e73223dc74c76b06f37a185dc22	10	83ae600f8a45f897
06872e73223dc74c76b06f37a185dc22	20	83ae600f8a45f897
068ab49cd35aa24078cd23170599484c	0	a057271c9071c99d
068ab49cd35aa24078cd23170599484c	2	92800b6269dbf03a
068ab49cd35aa24078cd23170599484c	4	b65f1b443833e959
068ab49cd35aa24078cd23170599484c	6	f9a4e39edf3587d5
068ab49cd35aa24078cd23170599484c	10	ef0b865ab66131d5
068ab49cd35aa24078cd23170599484c	20	aba081e890710355
068c64314f0f8405bc28bb4c52647145	0	a057271c9071c99d
068c64314f0f8405bc28bb4c52647145	2	f52a7ede58a56cb7
068c64314f0f8405bc28bb4c52647145	4	8b7d22a94c58284a
068c64314f0f8405bc28bb4c52647145	6	216b6f55f03395ce
068c64314f0f8405bc28bb4c52647145	10	a4b9d43cdc8bca1e
068c64314f0f8405bc28bb4c52647145	20	5450559c28c2f89a
068f2d23820541fe4eaebfb072bd6cbb	0	a057271c9071c99d
068f2d23820541fe4eaebfb072bd6cbb	2	e5e1f48f166dc158
068f2d23820541fe4eaebfb072bd6cbb	4	752143a671de5d28
068f2d23820541fe4eaebfb072bd6cbb	6	2cf59c02d6d0cd74
068f2d23820541fe4eaebfb072bd6cbb	10	c77dae29dce3be1d
068f2d23820541fe4eaebfb072bd6cbb	20	ef870a21b755d09c
0696cb4f18fd63cc94f319fab92119e5	0	a057271c9071c99d
0696cb4f18fd63cc94f319fab92119e5	2	c139f7f46ae1bcc4
0696cb4f18fd63cc94f319fab92119e5	4	5d3210b2f981affd
0696cb4f18fd63cc94f319fab92119e5	6	ab44ee3487bdd665
0696cb4f18fd63cc94f319fab92119e5	10	091d2733293c4bf4
0696cb4f18fd63cc94f319fab92119e5	20	0a1a8fa4fe1c73ab
0697524f77ccd503f7e5fe15f23a1268	0	a057271c9071c99d
0697524f77ccd503f7e5fe15f23a1268	2	08e839b388dda6de
0697524f77ccd503f7e5fe15f23a1268	4	09c12ef7542ea286
0697524f77ccd503f7e5fe15f23a1268	6	ee819cc754b645b3
0697524f77ccd503f7e5fe15f23a1268	10	ae7f614930f4ec46
0697524f77ccd503f7e5fe15f23a1268	20	258c5fae37882b74
069978487284dbdafb1bb8860adf19f0	0	a057271c9071c99d
069978487284dbdafb1bb8860adf19f0	2	73191b1dd8aac8dc
069978487284dbdafb1bb8860adf19f0	4	046bf981542a574b
069978487284dbdafb1bb8860adf19f0	6	1f6062bde49745cd
069978487284dbdafb1bb8860adf19f0	10	20bdd08ef91badcd
069978487284dbdafb1bb8860adf19f0	20	0cdf4c613457eb51
069c9e38f21a431a293c2c158e43f1f1	0	a057271c9071c99d
069c9e38f21a431a293c2c158e43f1f1	2	2bf50b5d4b1da164
069c9e38f21a431a293c2c158e43f1f1	4	14d8fec618cf1703
069c9e38f21a431a293c2c158e43f1f1	6	f9093641eaf03f29
069c9e38f21a431a293c2c158e43f1f1	10	0001c66aab07361b
069c9e38f21a431a293c2c158e43f1f1	20	2fac4383fc3adb4f
069f7d519e820f6b879f880703907bb3	0	a057271c9071c99d
069f7d519e820f6b879f880703907bb3	2	45e2caf0029cbca9
069f7d519e820f6b879f880703907bb3	4	4616f79723038402
069f7d519e820f6b879f880703907bb3	6	803f2ff1f2714ccc
069f7d519e820f6b879f880703907bb3	10	9d8800ae264c7bf4
069f7d519e820f6b879f880703907bb3	20	9d8800ae264c7bf4
06a36581f14e399a76a5110449ebe739	0	a057271c9071c99d
06a36581f14e399a76a5110449ebe739	2	629fc8f745a30bfd
06a36581f14e399a76a5110449ebe739	4	b081e489ca1c832c
06a36581f14e399a76a5110449ebe739	6	ee487070f7a122a4
06a36581f14e399a76a5110449ebe739	10	16d332391dc03966
06a36581f14e399a76a5110449ebe739	20	c84c9e28a4024e70
06a572c0ad87e4465dc82c3d94efa599	0	a057271c9071c99d
06a572c0ad87e4465dc82c3d94efa599	2	4e812a82f0a6ffdd
06a572c0ad87e4465dc82c3d94efa599	4	135a17ef73d43787
06a572c0ad87e4465dc82c3d94efa599	6	80cf3eac7c836ac5
06a572c0ad87e4465dc82c3d94efa599	10	47f746c219d6347e
06a572c0ad87e4465dc82c3d94efa599	20	22b68dd7d8bafff6
06a91842354cefee9d432cfd3ed50100	0	a057271c9071c99d
06a91842354cefee9d432cfd3ed50100	2	4e6ee498f8891c7e
06a91842354cefee9d432cfd3ed50100	4	c3c979038ac8450e
06a91842354cefee9d432cfd3ed50100	6	2e46ebd412239a51
06a91842354cefee9d432cfd3ed50100	10	277a51db80e54b2d
06a91842354cefee9d432cfd3ed50100	20	e17668b374b29288
06a9fbce25234a6938bcab419bcb54e3	0	a057271c9071c99d
06a9fbce25234a6938bcab419bcb54e3	2	866ce515c996160a
06a9fbce25234a6938bcab419bcb54e3	4	1360d964eb4418fb
06a9fbce25234a6938bcab419bcb54e3	6	aba9024f8a613d29
06a9fbce25234a6938bcab419bcb54e3	10	43b2d5dfb7007061
06a9fbce25234a6938bcab419bcb54e3	20	9b521f0503dd9bd6
06aac1637bcefa8de3a9901f3c030d9f	0	a057271c9071c99d
06aac1637bcefa8de3a9901f3c030d9f	2	62e30fb7d38e79da
06aac1637bcefa8de3a9901f3c030d9f	4	5c9256536b78025c
06aac1637bcefa8de3a9901f3c030d9f	6	62556b0c2c40eab0
06aac1637bcefa8de3a9901f3c030d9f	10	55ec4bb5ac21b050
06aac1637bcefa8de3a9901f3c030d9f	20	55ec4bb5ac21b050
06ab2f3544c15dad7b9e4bfbce9982cf	0	a057271c9071c99d
06ab2f3544c15dad7b9e4bfbce9982cf	2	0685c6441595982b
06ab2f3544c15dad7b9e4bfbce9982cf	4	412788622237793d
06ab2f3544c15dad7b9e4bfbce9982cf	6	c9db534d5fd50152
06ab2f3544c15dad7b9e4bfbce9982cf	10	c9db534d5fd50152
06ab2f3544c15dad7b9e4bfbce9982cf	20	c9db534d5fd50152
06ac25321a9e8a0e2653ae9fc72ff939	0	a057271c9071c99d
06ac25321a9e8a0e2653ae9fc72ff939	2	5bc7a951f153ccf8
06ac25321a9e8a0e2653ae9fc72ff939	4	4296400f6f50173c
06ac25321a9e8a0e2653ae9fc72ff939	6	9f498a35becbd750
06ac25321a9e8a0e2653ae9fc72ff939	10	1fdfe8d8fbf911bb
06ac25321a9e8a0e2653ae9fc72ff939	20	4dabceb6df5bd011
06ac45adf49f5e65a05904420e22def6	0	a057271c9071c99d
06ac45adf49f5e65a05904420e22def6	2	a77ff16d933de78e
06ac45adf49f5e65a05904420e22def6	4	4e9012666dc02296
06ac45adf49f5e65a05904420e22def6	6	afcdbe059ebdee3f
06ac45adf49f5e65a05904420e22def6	10	bf72c961ac870089
06ac45adf49f5e65a05904420e22def6	20	bdeb80bc45bdf3a6
06af18723348ccdd9b0fc20bfda1d7ff	0	a057271c9071c99d
06af18723348ccdd9b0fc20bfda1d7ff	2	fcffa7c828f8c069
06af18723348ccdd9b0fc20bfda1d7ff	4	ee1d5821d4547ab1
06af18723348ccdd9b0fc20bfda1d7ff	6	df94ac06a2f8b896
06af18723348ccdd9b0fc20bfda1d7ff	10	ffbef3a19dc636a5
06af18723348ccdd9b0fc20bfda1d7ff	20	b848ff4bed396e67
06afd800584013b69acf3ceb8a92dd39	0	a057271c9071c99d
06afd800584013b69acf3ceb8a92dd39	2	1a360394b430d467
06afd800584013b69acf3ceb8a92dd39	4	ef11be1ec4527494
06afd800584013b69acf3ceb8a92dd39	6	6488111a9299d1a4
06afd800584013b69acf3ceb8a92dd39	10	c295a730859733a8
06afd800584013b69acf3ceb8a92dd39	20	cb660367d93e5815
06b138e8a6da806e88ac7da2919cef30	0	a057271c9071c99d
06b138e8a6da806e88ac7da2919cef30	2	f1b79e4f0ca552ae
06b138e8a6da806e88ac7da2919cef30	4	699de14afba51f07
06b138e8a6da806e88ac7da2919cef30	6	f14a4d137d7910a5
06b138e8a6da806e88ac7da2919cef30	10	5feb7f5d65a4fe29
06b138e8a6da806e88ac7da2919cef30	20	9fd93f8b99f32ec4
06b234d992399a10a26d5be67230a20c	0	a057271c9071c99d
06b234d992399a10a26d5be67230a20c	2	237211171a95f638
06b234d992399a10a26d5be67230a20c	4	e69a44455eb58954
06b234d992399a10a26d5be67230a20c	6	b99158aadd5eb053
06b234d992399a10a26d5be67230a20c	10	f34dc924fd5a48a6
06b234d992399a10a26d5be67230a20c	20	ea573dec8c0b5f7b
06b238df161c9e24a31890a08bca22df	0	a057271c9071c99d
06b238df161c9e24a31890a08bca22df	2	74d5d867078ebab8
06b238df161c9e24a31890a08bca22df	4	d4bec66d1425f36e
06b238df161c9e24a31890a08bca22df	6	6fbeb2516aa5401d
06b238df161c9e24a31890a08bca22df	10	e47597a5f0cb02b7
06b238df161c9e24a31890a08bca22df	20	a27b9151ca1b6dfe
06b27debc937e605bb3198297d4ccaf1	0	a057271c9071c99d
06b27debc937e605bb3198297d4ccaf1	2	2eaf81a71d2c902c
06b27debc937e605bb3198297d4ccaf1	4	75786f5734c24c4e
06b27debc937e605bb3198297d4ccaf1	6	197a81c012340d78
06b27debc937e605bb3198297d4ccaf1	10	ac9af3ce889c5e14
06b27debc937e605bb3198297d4ccaf1	20	84e0855a39fd9ea7
06b3fbd3e0d8f0679e979e88d852089a	0	a057271c9071c99d
06b3fbd3e0d8f0679e979e88d852089a	2	8504daf1af7670ff
06b3fbd3e0d8f0679e979e88d852089a	4	172c0f625b4c32a1
06b3fbd3e0d8f0679e979e88d852089a	6	b77edd854261f2d1
06b3fbd3e0d8f0679e979e88d852089a	10	f2e318b292114509
06b3fbd3e0d8f0679e979e88d852089a	20	fc2c6e01f6f8c31a
06b4ea25b64b0ea42d68fb06534a7e7b	0	a057271c9071c99d
06b4ea25b64b0ea42d68fb06534a7e7b	2	bab20c71a9d85021
06b4ea25b64b0ea42d68fb06534a7e7b	4	4c02492e69d60fd7
06b4ea25b64b0ea42d68fb06534a7e7b	6	c4348d6cb3d4d17c
06b4ea25b64b0ea42d68fb06534a7e7b	10	ea49c8f49d674d0a
06b4ea25b64b0ea42d68fb06534a7e7b	20	f026735fbdd9b305
06b6606fd021e9b4412bfc2fc42d7b0a	0	a057271c9071c99d
06b6606fd021e9b4412bfc2fc42d7b0a	2	22b7c61e4fb9f8a3
06b6606fd021e9b4412bfc2fc42d7b0a	4	b9d0b7ccd45d71e1
06b6606fd021e9b4412bfc2fc42d7b0a	6	7912a57a41f94815
06b6606fd021e9b4412bfc2fc42d7b0a	10	14e477dc05cded6f
06b6606fd021e9b4412bfc2fc42d7b0a	20	9ab7727a23a0da54
06b6aecc3400ca0449c6b34efa6b2910	0	a057271c9071c99d
06b6aecc3400ca0449c6b34efa6b2910	2	efe75468440bb370
06b6aecc3400ca0449c6b34efa6b2910	4	371c5399b26f8030
06b6aecc3400ca0449c6b34efa6b2910	6	8fdc8dcb8db89b6f
06b6aecc3400ca0449c6b34efa6b2910	10	8fdc8dcb8db89b6f
06b6aecc3400ca0449c6b34efa6b2910	20	8fdc8dcb8db89b6f
06b6d7b1e7f26c4290413956ada422a2	0	a057271c9071c99d
06b6d7b1e7f26c4290413956ada422a2	2	aedfc01df91358b6
06b6d7b1e7f26c4290413956ada422a2	4	0ecf89b55bebdd89
06b6d7b1e7f26c4290413956ada422a2	6	b2992b186e9a7a55
06b6d7b1e7f26c4290413956ada422a2	10	124ac2d9b58b5c33
06b6d7b1e7f26c4290413956ada422a2	20	ed332d4136c7f140
06bb08c9c8624d8f6d795d1127eebffe	0	a057271c9071c99d
06bb08c9c8624d8f6d795d1127eebffe	2	1967ea75a4a09e9d
06bb08c9c8624d8f6d795d1127eebffe	4	de2345a04edbc9e5
06bb08c9c8624d8f6d795d1127eebffe	6	5c63c3d748dba4cc
06bb08c9c8624d8f6d795d1127eebffe	10	803145954e2defb5
06bb08c9c8624d8f6d795d1127eebffe	20	1ec9aee9772056bc
06bfd83d0fba6a831d1f6db32b587d2b	0	a057271c9071c99d
06bfd83d0fba6a831d1f6db32b587d2b	2	9db7d05e7b1a5b78
06bfd83d0fba6a831d1f6db32b587d2b	4	55ea64e672bf39f0
06bfd83d0fba6a831d1f6db32b587d2b	6	08162bc0df0376ea
06bfd83d0fba6a831d1f6db32b587d2b	10	b6002be9a9cf2fb6
06bfd83d0fba6a831d1f6db32b587d2b	20	b6002be9a9cf2fb6
06c4a06f6c791ebcbd2e90f94d898cee	0	a057271c9071c99d
06c4a06f6c791ebcbd2e90f94d898cee	2	7a80e5126bc5348a
06c4a06f6c791ebcbd2e90f94d898cee	4	21bf849e98ecd0de
06c4a06f6c791ebcbd2e90f94d898cee	6	9ac03ed7c988404b
06c4a06f6c791ebcbd2e90f94d898cee	10	ffcec382e4376e33
06c4a06f6c791ebcbd2e90f94d898cee	20	086a0e1ba3140aa7
06c6e5b5ec743e16bc55089bf42546ad	0	a057271c9071c99d
06c6e5b5ec743e16bc55089bf42546ad	2	4cb54c7ab627b9ae
06c6e5b5ec743e16bc55089bf42546ad	4	3cfa2aa697fa0348
06c6e5b5ec743e16bc55089bf42546ad	6	8ac980aea64b1c74
06c6e5b5ec743e16bc55089bf42546ad	10	fda26b7c8598edf4
06c6e5b5ec743e16bc55089bf42546ad	20	18bf3dc7ea908793
06c775a3db8f039e5684629a63398552	0	a057271c9071c99d
06c775a3db8f039e5684629a63398552	2	121f31a8d362d369
06c775a3db8f039e5684629a63398552	4	4944b35ab40c0d70
06c775a3db8f039e5684629a63398552	6	cfc6261d30d5a909
06c775a3db8f039e5684629a63398552	10	e600fe8fe463c551
06c775a3db8f039e5684629a63398552	20	1df48aaa2da6c10a
06c9e7d682595a3ea26501bd57bc36a7	0	a057271c9071c99d
06c9e7d682595a3ea26501bd57bc36a7	2	628a85a1b97a5340
06c9e7d682595a3ea26501bd57bc36a7	4	8f13abf94ad584e0
06c9e7d682595a3ea26501bd57bc36a7	6	fcd8506c1dbcc37a
06c9e7d682595a3ea26501bd57bc36a7	10	2f020fbf3f0ba79b
06c9e7d682595a3ea26501bd57bc36a7	20	2f020fbf3f0ba79b
06cf898b21f50c827248a0f09c1d9b20	0	a057271c9071c99d
06cf898b21f50c827248a0f09c1d9b20	2	39c4f83f46e5543f
06cf898b21f50c827248a0f09c1d9b20	4	729d584459bb7b6f
06cf898b21f50c827248a0f09c1d9b20	6	f0a0f433eda05aad
06cf898b21f50c827248a0f09c1d9b20	10	892083807fa94ad3
06cf898b21f50c827248a0f09c1d9b20	20	53d6e5f39fcbc1b4
06d2543c151c2478fde159c6dc0424ac	0	a057271c9071c99d
06d2543c151c2478fde159c6dc0424ac	2	03793f478e1c082c
06d2543c151c2478fde159c6dc0424ac	4	83f51ec0ebca1b93
06d2543c151c2478fde159c6dc0424ac	6	9b139f1b56ad5faa
06d2543c151c2478fde159c6dc0424ac	10	c853f877d173fe34
06d2543c151c2478fde159c6dc0424ac	20	9c383a168d883914
06d38596ee5a5fd90877de6c04ede06b	0	a057271c9071c99d
06d38596ee5a5fd90877de6c04ede06b	2	fb02614a5bc9fa01
06d38596ee5a5fd90877de6c04ede06b	4	78d3248b1467d452
06d38596ee5a5fd90877de6c04ede06b	6	d4c62ab01b575a1c
06d38596ee5a5fd90877de6c04ede06b	10	403dd1579bc69518
06d38596ee5a5fd90877de6c04ede06b	20	580c57591c6397a4
06d65173e592488f8199e9388d4d261c	0	a057271c9071c99d
06d65173e592488f8199e9388d4d261c	2	a773fcfba3d03d43
06d65173e592488f8199e9388d4d261c	4	abc4c5588ef50593
06d65173e592488f8199e9388d4d261c	6	dfd4c409eca3a87b
06d65173e592488f8199e9388d4d261c	10	a2138f36e72089b0
06d65173e592488f8199e9388d4d261c	20	ce23e82d622e7492
06d6f4f8c3ac52d034143eca8d62d1e7	0	a057271c9071c99d
06d6f4f8c3ac52d034143eca8d62d1e7	2	e9e6bc96d8187822
06d6f4f8c3ac52d034143eca8d62d1e7	4	40289d2278c43e4f
06d6f4f8c3ac52d034143eca8d62d1e7	6	6e2ff7bc8d74720a
06d6f4f8c3ac52d034143eca8d62d1e7	10	c05014515cb66899
06d6f4f8c3ac52d034143eca8d62d1e7	20	dbc65854190c50c4
06d7ddacd91c84d9c6be5ace491b410a	0	a057271c9071c99d
06d7ddacd91c84d9c6be5ace491b410a	2	28417508cd0bff34
06d7ddacd91c84d9c6be5ace491b410a	4	4c62e70b2f6e1857
06d7ddacd91c84d9c6be5ace491b410a	6	a78e48371b4a30db
06d7ddacd91c84d9c6be5ace491b410a	10	09c60de0b08674e6
06d7ddacd91c84d9c6be5ace491b410a	20	09c60de0b08674e6
06d96f79264e9991a5a0a417c401657a	0	a057271c9071c99d
06d96f79264e9991a5a0a417c401657a	2	915a530d9a417145
06d96f79264e9991a5a0a417c401657a	4	35dcbcf2abf24c03
06d96f79264e9991a5a0a417c401657a	6	160db3d35bd23c6b
06d96f79264e9991a5a0a417c401657a	10	f840c82b97dde2ff
06d96f79264e9991a5a0a417c401657a	20	489e22003c23219b
06dd675f4930318f9a4e68c5737059f7	0	a057271c9071c99d
06dd675f4930318f9a4e68c5737059f7	2	4f085b2f5243e73a
06dd675f4930318f9a4e68c5737059f7	4	29656614493b350f
06dd675f4930318f9a4e68c5737059f7	6	1a61b8c7f145ab5a
06dd675f4930318f9a4e68c5737059f7	10	f2e784e189b19082
06dd675f4930318f9a4e68c5737059f7	20	1c28dc8a98fe35ac
06df09f5ff0b34724a6f43c12560c0b1	0	a057271c9071c99d
06df09f5ff0b34724a6f43c12560c0b1	2	3a3d1c94ee6e53ef
06df09f5ff0b34724a6f43c12560c0b1	4	35f4d1580045fbb8
06df09f5ff0b34724a6f43c12560c0b1	6	b9f987bc67ab6734
06df09f5ff0b34724a6f43c12560c0b1	10	0d5f45964f2809c3
06df09f5ff0b34724a6f43c12560c0b1	20	449098817df62d4f
06df75fc09ba7eb9f0ffb8d45aa8edfb	0	a057271c9071c99d
06df75fc09ba7eb9f0ffb8d45aa8edfb	2	edcbe3ca61568c49
06df75fc09ba7eb9f0ffb8d45aa8edfb	4	82209c6f6a6e5b3c
06df75fc09ba7eb9f0ffb8d45aa8edfb	6	cae59689f9a84c45
06df75fc09ba7eb9f0ffb8d45aa8edfb	10	a87579c8cc2eb1cb
06df75fc09ba7eb9f0ffb8d45aa8edfb	20	b08097ab03f475fd
06e03d438c75d06f8df09f2999509749	0	a057271c9071c99d
06e03d438c75d06f8df09f2999509749	2	ae1ff01d2acda29f
06e03d438c75d06f8df09f2999509749	4	8921c7130e07b2a5
06e03d438c75d06f8df09f2999509749	6	319ac792210abf2e
06e03d438c75d06f8df09f2999509749	10	5389988fbe408dd9
06e03d438c75d06f8df09f2999509749	20	ae7a4f7ae0f7591c
06e13d42320e5c9d06d63abce2e978fe	0	a057271c9071c99d
06e13d42320e5c9d06d63abce2e978fe	2	9d9db0e4929b58b9
06e13d42320e5c9d06d63abce2e978fe	4	6617e40779f05ffc
06e13d42320e5c9d06d63abce2e978fe	6	24fad544b54abe90
06e13d42320e5c9d06d63abce2e978fe	10	24fad544b54abe90
06e13d42320e5c9d06d63abce2e978fe	20	24fad544b54abe90
06e46ab0acac57a61638cbb741949a98	0	a057271c9071c99d
06e46ab0acac57a61638cbb741949a98	2	3c5c4a77d29cc205
06e46ab0acac57a61638cbb741949a98	4	e4f6fd21c70f382b
06e46ab0acac57a61638cbb741949a98	6	a74d43f1113d741c
06e46ab0acac57a61638cbb741949a98	10	315b125bf7bf44e2
06e46ab0acac57a61638cbb741949a98	20	9022f8fd810da6ed
06e5233a7d177a4f94b8a05eadb45368	0	a057271c9071c99d
06e5233a7d177a4f94b8a05eadb45368	2	7b4a53f245aeded8
06e5233a7d177a4f94b8a05eadb45368	4	1c86def9df53b73e
06e5233a7d177a4f94b8a05eadb45368	6	9e79e70ccea61422
06e5233a7d177a4f94b8a05eadb45368	10	dd8d8df868ce043d
06e5233a7d177a4f94b8a05eadb45368	20	fa6848435644bfca
06e91448c6aacd9086890ea46b4659b0	0	a057271c9071c99d
06e91448c6aacd9086890ea46b4659b0	2	f3b98d326e199dcc
06e91448c6aacd9086890ea46b4659b0	4	3db116f770463b63
06e91448c6aacd9086890ea46b4659b0	6	407186783e5fb6d7
06e91448c6aacd9086890ea46b4659b0	10	10538972b6f35c1b
06e91448c6aacd9086890ea46b4659b0	20	bc6a66e9ee2b72eb
06e928088bd822602edb83e41ce8dadb	0	a057271c9071c99d
06e928088bd822602edb83e41ce8dadb	2	df0f5246077e78e1
06e928088bd822602edb83e41ce8dadb	4	3f8b633a52c37892
06e928088bd822602edb83e41ce8dadb	6	34b906eaac35801b
06e928088bd822602edb83e41ce8dadb	10	4a98ff0415af9291
06e928088bd822602edb83e41ce8dadb	20	15e5f6340147deef
06e997650b24ac5b5f87c1c64f4a5dcb	0	a057271c9071c99d
06e997650b24ac5b5f87c1c64f4a5dcb	2	233696b636ae3c16
06e997650b24ac5b5f87c1c64f4a5dcb	4	610e722bd647ecef
06e997650b24ac5b5f87c1c64f4a5dcb	6	bda4a21503d61097
06e997650b24ac5b5f87c1c64f4a5dcb	10	3b5d527a26c8428f
06e997650b24ac5b5f87c1c64f4a5dcb	20	1ba537edd172052b
06eca5bfcdc4fbde5715c34c87f9ab75	0	a057271c9071c99d
06eca5bfcdc4fbde5715c34c87f9ab75	2	5d5f1bdebfcfc7fc
06eca5bfcdc4fbde5715c34c87f9ab75	4	d1f3f94e4a014d68
06eca5bfcdc4fbde5715c34c87f9ab75	6	e56a836ab11da900
06eca5bfcdc4fbde5715c34c87f9ab75	10	c9140526ff54a9b2
06eca5bfcdc4fbde5715c34c87f9ab75	20	12c825e1c79aa9ba
06f2da87052cef073227b497fcfcec79	0	a057271c9071c99d
06f2da87052cef073227b497fcfcec79	2	245284a9f67099c6
06f2da87052cef073227b497fcfcec79	4	2b47b87b688ff941
06f2da87052cef073227b497fcfcec79	6	d9c8afe3b5ee2043
06f2da87052cef073227b497fcfcec79	10	c57bad5038fa1ba0
06f2da87052cef073227b497fcfcec79	20	c57bad5038fa1ba0
06f4af23f9bd78087cf965f58487ae6b	0	a057271c9071c99d
06f4af23f9bd78087cf965f58487ae6b	2	3a40822d39089f8d
06f4af23f9bd78087cf965f58487ae6b	4	69d169e9037badd5
06f4af23f9bd78087cf965f58487ae6b	6	e772d686a57120c9
06f4af23f9bd78087cf965f58487ae6b	10	15332a9c540783e4
06f4af23f9bd78087cf965f58487ae6b	20	74d66d65f8845da4
06f538d7af257560476f9100e36d4445	0	a057271c9071c99d
06f538d7af257560476f9100e36d4445	2	86f952084b6be6c6
06f538d7af257560476f9100e36d4445	4	5a318295e318436c
06f538d7af257560476f9100e36d4445	6	2fa56027f1cb94ce
06f538d7af257560476f9100e36d4445	10	e81062fd4bf41a3d
06f538d7af257560476f9100e36d4445	20	4d74a5c63e0a39cb
06f692ab71fb031118f4c946556eca52	0	a057271c9071c99d
06f692ab71fb031118f4c946556eca52	2	b7ec5ce1295b5df6
06f692ab71fb031118f4c946556eca52	4	3aae8ceb46b889b6
06f692ab71fb031118f4c946556eca52	6	9a640d6f64b1f809
06f692ab71fb031118f4c946556eca52	10	353148097b59ccb6
06f692ab71fb031118f4c946556eca52	20	a9ce6b0d8309e8c8
06fef0b1347542d174e91d14db9e104a	0	a057271c9071c99d
06fef0b1347542d174e91d14db9e104a	2	49d5d191ececa733
06fef0b1347542d174e91d14db9e104a	4	962b7043663ace06
06fef0b1347542d174e91d14db9e104a	6	a7cc33ad9b32181b
06fef0b1347542d174e91d14db9e104a	10	7ad3c6ee6020390d
06fef0b1347542d174e91d14db9e104a	20	9c2614547d102545
0700de953ca94b49501cb311542ee5fb	0	a057271c9071c99d
0700de953ca94b49501cb311542ee5fb	2	ef57c4e67a2f1925
0700de953ca94b49501cb311542ee5fb	4	429d0e42c0e60c98
0700de953ca94b49501cb311542ee5fb	6	4d9abcfc4ca16f14
0700de953ca94b49501cb311542ee5fb	10	cb20e9f273185b28
0700de953ca94b49501cb311542ee5fb	20	779eee0d6b73af6f
0701a1e3481e99b590185bd6a3f8631c	0	a057271c9071c99d
0701a1e3481e99b590185bd6a3f8631c	2	84ebd62790cdd23a
0701a1e3481e99b590185bd6a3f8631c	4	5c6d791f9794b1b8
0701a1e3481e99b590185bd6a3f8631c	6	8003bd80bfb4832e
0701a1e3481e99b590185bd6a3f8631c	10	de858c8c7134da1a
0701a1e3481e99b590185bd6a3f8631c	20	69c60b00fdffdc4d
0701a5b57f9b37c5fcb77463c8582693	0	a057271c9071c99d
0701a5b57f9b37c5fcb77463c8582693	2	faed4412c44afa4d
0701a5b57f9b37c5fcb77463c8582693	4	7ef80d97ce7a6bba
0701a5b57f9b37c5fcb77463c8582693	6	afa24192b2082da5
0701a5b57f9b37c5fcb77463c8582693	10	404d164af3c9c39d
0701a5b57f9b37c5fcb77463c8582693	20	50b85d7911918f56
07022ad84cf8decdf213d2fd2c59fbae	0	a057271c9071c99d
07022ad84cf8decdf213d2fd2c59fbae	2	440228d352c7b849
07022ad84cf8decdf213d2fd2c59fbae	4	825fec2e124fdebf
07022ad84cf8decdf213d2fd2c59fbae	6	7a685e3f2a35706c
07022ad84cf8decdf213d2fd2c59fbae	10	3a19b919bf8e4fd8
07022ad84cf8decdf213d2fd2c59fbae	20	f3a7812398fee8ed
07037b045d5d9dd7d777fa8a3b0366a3	0	a057271c9071c99d
07037b045d5d9dd7d777fa8a3b0366a3	2	d3ffb646da1b033e
07037b045d5d9dd7d777fa8a3b0366a3	4	966f94c80b60442f
07037b045d5d9dd7d777fa8a3b0366a3	6	53c8e58434a435e0
07037b045d5d9dd7d777fa8a3b0366a3	10	a0a73cecbbf37a43
07037b045d5d9dd7d777fa8a3b0366a3	20	a0a73cecbbf37a43
0703f9c5516bcc84a0c03e872066523f	0	a057271c9071c99d
0703f9c5516bcc84a0c03e872066523f	2	173485909255c40d
0703f9c5516bcc84a0c03e872066523f	4	097dee034e1ce323
0703f9c5516bcc84a0c03e872066523f	6	f6b8117c06073ac9
0703f9c5516bcc84a0c03e872066523f	10	3260658bdae6c514
0703f9c5516bcc84a0c03e872066523f	20	a0ecac3880a25ed1
0704b6d19c7f53060c2e6b918b955226	0	a057271c9071c99d
0704b6d19c7f53060c2e6b918b955226	2	d66b9368777340aa
0704b6d19c7f53060c2e6b918b955226	4	783908a1898caf38
0704b6d19c7f53060c2e6b918b955226	6	e0043e24b9969788
0704b6d19c7f53060c2e6b918b955226	10	adf20b4e32654abe
0704b6d19c7f53060c2e6b918b955226	20	72e7fca546348608
0705e4046a68c2cca4aefb38db7e9c40	0	a057271c9071c99d
0705e4046a68c2cca4aefb38db7e9c40	2	a400324ea104bf46
0705e4046a68c2cca4aefb38db7e9c40	4	553f1128c2a02dfa
0705e4046a68c2cca4aefb38db7e9c40	6	6a20cba36ba509e6
0705e4046a68c2cca4aefb38db7e9c40	10	1ef9d86634c5355b
0705e4046a68c2cca4aefb38db7e9c40	20	9fb9add7cd8c0a01
070679b773977c574b9c7b14c7bd923f	0	a057271c9071c99d
070679b773977c574b9c7b14c7bd923f	2	cdb359f30d844668
070679b773977c574b9c7b14c7bd923f	4	48389f806b543a65
070679b773977c574b9c7b14c7bd923f	6	e1ae08131c6cf2a9
070679b773977c574b9c7b14c7bd923f	10	91878487607aecca
070679b773977c574b9c7b14c7bd923f	20	d0682111729d482c
070837da5e4923b6a5f8c0ba0e6ce0e2	0	a057271c9071c99d
070837da5e4923b6a5f8c0ba0e6ce0e2	2	31e8c7baf2732366
070837da5e4923b6a5f8c0ba0e6ce0e2	4	b13c045d7dce4341
070837da5e4923b6a5f8c0ba0e6ce0e2	6	7b84aca4caa19ccb
070837da5e4923b6a5f8c0ba0e6ce0e2	10	707e3a5a63660e40
070837da5e4923b6a5f8c0ba0e6ce0e2	20	be44394e288529b2
0708595c44d0a967151517a03927d87d	0	a057271c9071c99d
0708595c44d0a967151517a03927d87d	2	6145a2ce233226ea
0708595c44d0a967151517a03927d87d	4	0595f27aa2535903
0708595c44d0a967151517a03927d87d	6	2ef179f59e3f1ff3
0708595c44d0a967151517a03927d87d	10	00b8539033da9d76
0708595c44d0a967151517a03927d87d	20	5613774a1d8bfdfd
0709175593f5f943e5a793e15ae08395	0	a057271c9071c99d
0709175593f5f943e5a793e15ae08395	2	e3a48eb7d5af0fff
0709175593f5f943e5a793e15ae08395	4	7353615f5c0d507b
0709175593f5f943e5a793e15ae08395	6	0125f28af46b3746
0709175593f5f943e5a793e15ae08395	10	8164c162eebcd905
0709175593f5f943e5a793e15ae08395	20	d11df01526e47c6e
070e8e1dc84ee670df55e253450b47a4	0	a057271c9071c99d
070e8e1dc84ee670df55e253450b47a4	2	9297899194019941
070e8e1dc84ee670df55e253450b47a4	4	d5017238f69a3c19
070e8e1dc84ee670df55e253450b47a4	6	b54b3882de1b4e56
070e8e1dc84ee670df55e253450b47a4	10	02616161e78209e2
070e8e1dc84ee670df55e253450b47a4	20	7f064b4451cfc9d2
070fde310eca4ddf6967896052efcb30	0	a057271c9071c99d
070fde310eca4ddf6967896052efcb30	2	48840c5fc9811e3a
070fde310eca4ddf6967896052efcb30	4	1afaeecdd61989db
070fde310eca4ddf6967896052efcb30	6	bf01fab6158c44cb
070fde310eca4ddf6967896052efcb30	10	8ab2c6f144e86092
070fde310eca4ddf6967896052efcb30	20	89c37ab7cadedeb8
0712c7bb6ba573f67604efbf64f37656	0	a057271c9071c99d
0712c7bb6ba573f67604efbf64f37656	2	d2d1608ba93c1f28
0712c7bb6ba573f67604efbf64f37656	4	7d322558bd811bbf
0712c7bb6ba573f67604efbf64f37656	6	aef0b578ea85abc4
0712c7bb6ba573f67604efbf64f37656	10	b0586040be25c3c7
0712c7bb6ba573f67604efbf64f37656	20	68eb4a5d0ad93f0f
071e54205d91b7c174af2ca7f686f09b	0	a057271c9071c99d
071e54205d91b7c174af2ca7f686f09b	2	1d9281bdd30d1bee
071e54205d91b7c174af2ca7f686f09b	4	4ad16bc021c00984
071e54205d91b7c174af2ca7f686f09b	6	49e21c9fec500087
071e54205d91b7c174af2ca7f686f09b	10	fee4c62aa8158d45
071e54205d91b7c174af2ca7f686f09b	20	3ed4f8e74aa0c4b4
072199fed1704b4d1e60b996931c3d6b	0	a057271c9071c99d
072199fed1704b4d1e60b996931c3d6b	2	e0931ae1f1b0e412
072199fed1704b4d1e60b996931c3d6b	4	46cc2f07ad75ebf8
072199fed1704b4d1e60b996931c3d6b	6	f353f3f7e2beac15
072199fed1704b4d1e60b996931c3d6b	10	b57cd6dc7d99905a
072199fed1704b4d1e60b996931c3d6b	20	d56e9f2e891dbae0
072785fd927ff0fd180ce8b9cc00078f	0	a057271c9071c99d
072785fd927ff0fd180ce8b9cc00078f	2	9a04877446f3c593
072785fd927ff0fd180ce8b9cc00078f	4	14d2e61ffb2a7913
072785fd927ff0fd180ce8b9cc00078f	6	52fbca2d1aae2a6c
072785fd927ff0fd180ce8b9cc00078f	10	eeff38e0b96f2ce7
072785fd927ff0fd180ce8b9cc00078f	20	b8bc76c4bf367802
07284bf15be6d7faa78d4deb46c6b275	0	a057271c9071c99d
07284bf15be6d7faa78d4deb46c6b275	2	b82faade5ae4403c
07284bf15be6d7faa78d4deb46c6b275	4	c20b4c1ac5a35320
07284bf15be6d7faa78d4deb46c6b275	6	bce0e73883808548
07284bf15be6d7faa78d4deb46c6b275	10	15eaca858d7de12b
07284bf15be6d7faa78d4deb46c6b275	20	2be347186e798519
072af700ad0e8957ebbaf2993d850923	0	a057271c9071c99d
072af700ad0e8957ebbaf2993d850923	2	79eaefddb3475722
072af700ad0e8957ebbaf2993d850923	4	b8879da59f94b058
072af700ad0e8957ebbaf2993d850923	6	2685dced57889c8f
072af700ad0e8957ebbaf2993d850923	10	42377ccb2ee87ea2
072af700ad0e8957ebbaf2993d850923	20	2ef32047f50de38b
072cef48d683bfde42340d0ba84c5b1a	0	a057271c9071c99d
072cef48d683bfde42340d0ba84c5b1a	2	c57cff4185561504
072cef48d683bfde42340d0ba84c5b1a	4	d3ab8607389fb0db
072cef48d683bfde42340d0ba84c5b1a	6	01b54db23d496b59
072cef48d683bfde42340d0ba84c5b1a	10	0e2841726b3ab8b2
072cef48d683bfde42340d0ba84c5b1a	20	c5515bfe9dcf1e44
0733ae02d303c907fa2887f9fbb4ff55	0	a057271c9071c99d
0733ae02d303c907fa2887f9fbb4ff55	2	b6fad88a26304bf0
0733ae02d303c907fa2887f9fbb4ff55	4	79659456708e277a
0733ae02d303c907fa2887f9fbb4ff55	6	ebeaf79bfd06f2b3
0733ae02d303c907fa2887f9fbb4ff55	10	765aa223c9f6a660
0733ae02d303c907fa2887f9fbb4ff55	20	765aa223c9f6a660
0737a716930b33a5979d86c1eebd835b	0	a057271c9071c99d
0737a716930b33a5979d86c1eebd835b	2	e10e64f3d06f88e9
0737a716930b33a5979d86c1eebd835b	4	5e6872f3fa618863
0737a716930b33a5979d86c1eebd835b	6	4b1aaf62e4c14700
0737a716930b33a5979d86c1eebd835b	10	1fe89375085f3a7b
0737a716930b33a5979d86c1eebd835b	20	dffc53e603a71092
0739014c268a5a12568d0e641f88ad3c	0	a057271c9071c99d
0739014c268a5a12568d0e641f88ad3c	2	086969abce4723d6
0739014c268a5a12568d0e641f88ad3c	4	cd6d9852c17075d5
0739014c268a5a12568d0e641f88ad3c	6	9802a7b09e9e938d
0739014c268a5a12568d0e641f88ad3c	10	4f3992fe1258acda
0739014c268a5a12568d0e641f88ad3c	20	5e7fe86168fec098
0739de5c877d844ce28f81e00916a884	0	a057271c9071c99d
0739de5c877d844ce28f81e00916a884	2	5bf46dd83234b953
0739de5c877d844ce28f81e00916a884	4	244a730633e35e68
0739de5c877d844ce28f81e00916a884	6	337296b91fb5f177
0739de5c877d844ce28f81e00916a884	10	8e918cfc0ecd43cb
0739de5c877d844ce28f81e00916a884	20	8c0a2ac8056697d7
073a405fde5b5c7434281729f24d8728	0	a057271c9071c99d
073a405fde5b5c7434281729f24d8728	2	c2441c6c7b0820ed
073a405fde5b5c7434281729f24d8728	4	76abfa67a165e7ca
073a405fde5b5c7434281729f24d8728	6	cc6096d670afdf51
073a405fde5b5c7434281729f24d8728	10	b519ab9d28967a26
073a405fde5b5c7434281729f24d8728	20	a64ae170141fff3b
073c28dfd3204f4c51e03c297ac841c1	0	a057271c9071c99d
073c28dfd3204f4c51e03c297ac841c1	2	96b9da4a1b047df1
073c28dfd3204f4c51e03c297ac841c1	4	a8c464bb6ea69e4b
073c28dfd3204f4c51e03c297ac841c1	6	20692ddaa3572e56
073c28dfd3204f4c51e03c297ac841c1	10	15823e614b2d8b7f
073c28dfd3204f4c51e03c297ac841c1	20	1d5edaf6d31821ee
0742147dd68e5410c79a8506a7f54a1d	0	a057271c9071c99d
0742147dd68e5410c79a8506a7f54a1d	2	962fbb81742c322d
0742147dd68e5410c79a8506a7f54a1d	4	7e8618749958f68c
0742147dd68e5410c79a8506a7f54a1d	6	561a128d765a4c03
0742147dd68e5410c79a8506a7f54a1d	10	fe1f5bc65db57f67
0742147dd68e5410c79a8506a7f54a1d	20	acc2e390ede771d8
07434c4f17715737ade130bc6c57cf9d	0	a057271c9071c99d
07434c4f17715737ade130bc6c57cf9d	2	5f6f35b3db3e0f86
07434c4f17715737ade130bc6c57cf9d	4	e93f8437efd301bc
07434c4f17715737ade130bc6c57cf9d	6	79ea5de9fa14cd6a
07434c4f17715737ade130bc6c57cf9d	10	a5fe874b2ee2267c
07434c4f17715737ade130bc6c57cf9d	20	a5fe874b2ee2267c
074394da9029d9c82840091246607065	0	a057271c9071c99d
074394da9029d9c82840091246607065	2	eda04020c4f0c258
074394da9029d9c82840091246607065	4	3aa893cd96728142
074394da9029d9c82840091246607065	6	b2f5e8c1b6457990
074394da9029d9c82840091246607065	10	08f3a1219ddca975
074394da9029d9c82840091246607065	20	2a910dfea6f18a4b
0746ab2982f4d8c28f10df0900857dd5	0	a057271c9071c99d
0746ab2982f4d8c28f10df0900857dd5	2	fdc8e421609ac442
0746ab2982f4d8c28f10df0900857dd5	4	b84e4aa1e0aa6594
0746ab2982f4d8c28f10df0900857dd5	6	eeb921d17491604b
0746ab2982f4d8c28f10df0900857dd5	10	d161b4b12f286a92
0746ab2982f4d8c28f10df0900857dd5	20	216a493541ac1eb5
074dc4fde5af08b45569f981209e8b76	0	a057271c9071c99d
074dc4fde5af08b45569f981209e8b76	2	d4fb3ed8af8706b0
074dc4fde5af08b45569f981209e8b76	4	65fd0616b85c9e36
074dc4fde5af08b45569f981209e8b76	6	6a853940dd8c97a7
074dc4fde5af08b45569f981209e8b76	10	bb89126acbde0f61
074dc4fde5af08b45569f981209e8b76	20	610b53fcd6750683
074ff9642153695f0fe804049c743f69	0	a057271c9071c99d
074ff9642153695f0fe804049c743f69	2	9a207eff6e6f0f7b
074ff9642153695f0fe804049c743f69	4	3f4e960fc903d996
074ff9642153695f0fe804049c743f69	6	430698042dfbc2fa
074ff9642153695f0fe804049c743f69	10	e5b9356a2f668d07
074ff9642153695f0fe804049c743f69	20	97a905f1df38247a
0754e62937ec75e569b8b4122ad77d7d	0	a057271c9071c99d
0754e62937ec75e569b8b4122ad77d7d	2	1175f90aeab1bb76
0754e62937ec75e569b8b4122ad77d7d	4	1d74a08966a4ffd3
0754e62937ec75e569b8b4122ad77d7d	6	7380d059e5822773
0754e62937ec75e569b8b4122ad77d7d	10	aec6e8f085151f8e
0754e62937ec75e569b8b4122ad77d7d	20	0076a12f42de8d95
075c4fe7ae4cef57f1a4c00e58142e23	0	a057271c9071c99d
075c4fe7ae4cef57f1a4c00e58142e23	2	c60ed4541d740dae
075c4fe7ae4cef57f1a4c00e58142e23	4	3bf6086362eb84d3
075c4fe7ae4cef57f1a4c00e58142e23	6	3c3fc16708b42a0d
075c4fe7ae4cef57f1a4c00e58142e23	10	635f4e429d830a46
075c4fe7ae4cef57f1a4c00e58142e23	20	8b724162b2a2b389
075ca0a158690a55b7254d9aaee2e103	0	a057271c9071c99d
075ca0a158690a55b7254d9aaee2e103	2	996b1dbac846027b
075ca0a158690a55b7254d9aaee2e103	4	2c1a541760bb5663
075ca0a158690a55b7254d9aaee2e103	6	84649ec64349cdce
075ca0a158690a55b7254d9aaee2e103	10	acbd6500c2675931
075ca0a158690a55b7254d9aaee2e103	20	8e444f4583d7057c
075e1eef00500b25ceb5ea4823ccf1b0	0	a057271c9071c99d
075e1eef00500b25ceb5ea4823ccf1b0	2	1153e6e123afe1e4
075e1eef00500b25ceb5ea4823ccf1b0	4	ec5224bcd46597c4
075e1eef00500b25ceb5ea4823ccf1b0	6	5135bf2e1d6e2c07
075e1eef00500b25ceb5ea4823ccf1b0	10	b14c68ef1078a260
075e1eef00500b25ceb5ea4823ccf1b0	20	b14c68ef1078a260
076305ce31dd18724a3de91045800acc	0	a057271c9071c99d
076305ce31dd18724a3de91045800acc	2	c7bdea52a511b9e2
076305ce31dd18724a3de91045800acc	4	08b359570c961466
076305ce31dd18724a3de91045800acc	6	2094e785bbcf6137
076305ce31dd18724a3de91045800acc	10	97fd13ccd554cd69
076305ce31dd18724a3de91045800acc	20	NA
07638411f023fe6a4334c53384415f11	0	a057271c9071c99d
07638411f023fe6a4334c53384415f11	2	ed06e46e2fff20c6
07638411f023fe6a4334c53384415f11	4	785a94e16eb40e7e
07638411f023fe6a4334c53384415f11	6	8cb057f717be753f
07638411f023fe6a4334c53384415f11	10	3f9e3b7597ff2f9d
07638411f023fe6a4334c53384415f11	20	ddc962e629baa323
07682e22f82f9257d44b45777ac06168	0	a057271c9071c99d
07682e22f82f9257d44b45777ac06168	2	5ce02e11d68797ba
07682e22f82f9257d44b45777ac06168	4	da5a48f033ec189e
07682e22f82f9257d44b45777ac06168	6	a42d1a275aa02037
07682e22f82f9257d44b45777ac06168	10	128c7b524a37fc9f
07682e22f82f9257d44b45777ac06168	20	01bd13d4c14f7ec1
076955ba5ecdc2feb4587a8abdbe334b	0	a057271c9071c99d
076955ba5ecdc2feb4587a8abdbe334b	2	9625adf4a8542424
076955ba5ecdc2feb4587a8abdbe334b	4	dadc028f8fe799a6
076955ba5ecdc2feb4587a8abdbe334b	6	1e43f88a50a40bce
076955ba5ecdc2feb4587a8abdbe334b	10	48ff6dd6f7c5ba8e
076955ba5ecdc2feb4587a8abdbe334b	20	7f67ce59ef0e2fd0
076ab0a078db7377f3e7cfd6c2aab988	0	a057271c9071c99d
076ab0a078db7377f3e7cfd6c2aab988	2	c5ed6c9c53a4afb2
076ab0a078db7377f3e7cfd6c2aab988	4	cb9ee7bf656b6c5c
076ab0a078db7377f3e7cfd6c2aab988	6	4daf34617a5a5d2c
076ab0a078db7377f3e7cfd6c2aab988	10	3a477a5f643bf074
076ab0a078db7377f3e7cfd6c2aab988	20	20b79660cccada8c
076d4d6f83306ee69c35e3c99e30d8f8	0	a057271c9071c99d
076d4d6f83306ee69c35e3c99e30d8f8	2	65fc3e7e95898a1d
076d4d6f83306ee69c35e3c99e30d8f8	4	2ac40b237452c62a
076d4d6f83306ee69c35e3c99e30d8f8	6	2277152ff08058e5
076d4d6f83306ee69c35e3c99e30d8f8	10	4ee2febd99ccd7ba
076d4d6f83306ee69c35e3c99e30d8f8	20	8293bb7150ab66e7
076d84ee418eb4192d427e34d8829b93	0	a057271c9071c99d
076d84ee418eb4192d427e34d8829b93	2	06c758b62852a0d8
076d84ee418eb4192d427e34d8829b93	4	431c97e947903329
076d84ee418eb4192d427e34d8829b93	6	faed4f5341c9048e
076d84ee418eb4192d427e34d8829b93	10	16487a695b4af36b
076d84ee418eb4192d427e34d8829b93	20	2e6e570f52fa0614
076fba8945d3a54a06f326474477077d	0	a057271c9071c99d
076fba8945d3a54a06f326474477077d	2	85204573e8d50d53
076fba8945d3a54a06f326474477077d	4	830394503f69151f
076fba8945d3a54a06f326474477077d	6	6fcf1e0fa539a2d2
076fba8945d3a54a06f326474477077d	10	8564e2b30f95f258
076fba8945d3a54a06f326474477077d	20	7c2c3bd909152772
077942bcf7e284fd504ab832e1fa92b3	0	a057271c9071c99d
077942bcf7e284fd504ab832e1fa92b3	2	add79a5362cfc002
077942bcf7e284fd504ab832e1fa92b3	4	77166627a7f7e929
077942bcf7e284fd504ab832e1fa92b3	6	5c2283eeeffce887
077942bcf7e284fd504ab832e1fa92b3	10	7771efeeffefe016
077942bcf7e284fd504ab832e1fa92b3	20	c824a7d242190c45
0779cddacfa34241cdf579cb2370ab8e	0	a057271c9071c99d
0779cddacfa34241cdf579cb2370ab8e	2	458e9a70cabb798a
0779cddacfa34241cdf579cb2370ab8e	4	106b6296c759e3bc
0779cddacfa34241cdf579cb2370ab8e	6	95257a1a032cf4a5
0779cddacfa34241cdf579cb2370ab8e	10	f1285d8aada6b789
0779cddacfa34241cdf579cb2370ab8e	20	1add169e37c1e775
0779ed19ae69bf464cce003d1a573246	0	a057271c9071c99d
0779ed19ae69bf464cce003d1a573246	2	4901436053ac0582
0779ed19ae69bf464cce003d1a573246	4	6ca0aa9c649158fe
0779ed19ae69bf464cce003d1a573246	6	c68d5281744d11bc
0779ed19ae69bf464cce003d1a573246	10	aba5820065c51403
0779ed19ae69bf464cce003d1a573246	20	e4841e4e35c051e0
077a1a0ffd35b0166ac094b64b7de50e	0	a057271c9071c99d
077a1a0ffd35b0166ac094b64b7de50e	2	6f6f104c74c28623
077a1a0ffd35b0166ac094b64b7de50e	4	7938650eb2ff0a3d
077a1a0ffd35b0166ac094b64b7de50e	6	f99b5ef43f7b910e
077a1a0ffd35b0166ac094b64b7de50e	10	5a170bf40fe40711
077a1a0ffd35b0166ac094b64b7de50e	20	ddf1c977a8ca028a
077a92393c59108b44554b67217c8d7a	0	a057271c9071c99d
077a92393c59108b44554b67217c8d7a	2	c8869848817d11da
077a92393c59108b44554b67217c8d7a	4	bb459944a2ed5811
077a92393c59108b44554b67217c8d7a	6	78685e72a9ae7144
077a92393c59108b44554b67217c8d7a	10	9ba15de64a8608fc
077a92393c59108b44554b67217c8d7a	20	cd88828482592035
07851afab30a10e44c8c3a2ae7806177	0	a057271c9071c99d
07851afab30a10e44c8c3a2ae7806177	2	a4d37c34ab1b738f
07851afab30a10e44c8c3a2ae7806177	4	6e034dc8589446fa
07851afab30a10e44c8c3a2ae7806177	6	3e380763d39fbc96
07851afab30a10e44c8c3a2ae7806177	10	e967da9a375e0990
07851afab30a10e44c8c3a2ae7806177	20	8596740d36f9f17c
0785d79729317f6ff8323ee9b0cf27b5	0	a057271c9071c99d
0785d79729317f6ff8323ee9b0cf27b5	2	68a933514e9234c7
0785d79729317f6ff8323ee9b0cf27b5	4	a331f478793f6c41
0785d79729317f6ff8323ee9b0cf27b5	6	c9a7206073260d4d
0785d79729317f6ff8323ee9b0cf27b5	10	f6f21abde82ab2a1
0785d79729317f6ff8323ee9b0cf27b5	20	f6f21abde82ab2a1
07896fe3639c24cd24bb032ae19199cc	0	a057271c9071c99d
07896fe3639c24cd24bb032ae19199cc	2	649e09840470b4fb
07896fe3639c24cd24bb032ae19199cc	4	c6166c94a9fa403e
07896fe3639c24cd24bb032ae19199cc	6	c74e86a0cf7774ca
07896fe3639c24cd24bb032ae19199cc	10	f0497c432a66b118
07896fe3639c24cd24bb032ae19199cc	20	bb2343a82dc8f8ad
078f045706cfda160cbe9d1f042df57a	0	a057271c9071c99d
078f045706cfda160cbe9d1f042df57a	2	b4943bbf5bb7d61d
078f045706cfda160cbe9d1f042df57a	4	cf76a748e0b7396e
078f045706cfda160cbe9d1f042df57a	6	c42c237f1c07ba78
078f045706cfda160cbe9d1f042df57a	10	59a045f5ed669a5a
078f045706cfda160cbe9d1f042df57a	20	c65142d29d8b37f1
079052907b863d58dae49e3bf9a89ef3	0	a057271c9071c99d
079052907b863d58dae49e3bf9a89ef3	2	7c0cd9568bfcbdf9
079052907b863d58dae49e3bf9a89ef3	4	99527fe25013774a
079052907b863d58dae49e3bf9a89ef3	6	25df38475f57643c
079052907b863d58dae49e3bf9a89ef3	10	05da66cd4835d273
079052907b863d58dae49e3bf9a89ef3	20	8628bcda94ad5615
0793e9607e3293c505b0fa62cbb4258d	0	a057271c9071c99d
0793e9607e3293c505b0fa62cbb4258d	2	10fab50eb74f8fa2
0793e9607e3293c505b0fa62cbb4258d	4	e0467d51085ea497
0793e9607e3293c505b0fa62cbb4258d	6	0bd7a15e30275505
0793e9607e3293c505b0fa62cbb4258d	10	cf73c8de3e6eb175
0793e9607e3293c505b0fa62cbb4258d	20	e5f19d23d67895bd
0798737b490f0acf01738b9a45f0f2ab	0	a057271c9071c99d
0798737b490f0acf01738b9a45f0f2ab	2	a092eb8b409e531a
0798737b490f0acf01738b9a45f0f2ab	4	f8c69820a44f9b12
0798737b490f0acf01738b9a45f0f2ab	6	e63faa8de8fbc8f1
0798737b490f0acf01738b9a45f0f2ab	10	5fc8527feafdc154
0798737b490f0acf01738b9a45f0f2ab	20	b4fe1443ae2da698
07989235cf5ccffe2feed68ae979364a	0	a057271c9071c99d
07989235cf5ccffe2feed68ae979364a	2	62ad3944c49f27dd
07989235cf5ccffe2feed68ae979364a	4	dd4b2fe574529cd2
07989235cf5ccffe2feed68ae979364a	6	c41f86a57a42d271
07989235cf5ccffe2feed68ae979364a	10	675547ca01d484ae
07989235cf5ccffe2feed68ae979364a	20	cc608844349430bb
079b400eede86df1f1ffd6a3c303278b	0	a057271c9071c99d
079b400eede86df1f1ffd6a3c303278b	2	5aa8efcd4d073ad6
079b400eede86df1f1ffd6a3c303278b	4	1e02cf06c073c4e2
079b400eede86df1f1ffd6a3c303278b	6	1249896b0bf92747
079b400eede86df1f1ffd6a3c303278b	10	4d58f02d55d81882
079b400eede86df1f1ffd6a3c303278b	20	f8b15d84c01f8f9b
079b877e6d9da81bd36fc7bf8a812aa2	0	a057271c9071c99d
079b877e6d9da81bd36fc7bf8a812aa2	2	799f9ad5a5110eeb
079b877e6d9da81bd36fc7bf8a812aa2	4	a7529e86bc051de4
079b877e6d9da81bd36fc7bf8a812aa2	6	a7529e86bc051de4
079b877e6d9da81bd36fc7bf8a812aa2	10	a7529e86bc051de4
079b877e6d9da81bd36fc7bf8a812aa2	20	a7529e86bc051de4
079eca299ac6b96fc9c52995fcbf24a1	0	a057271c9071c99d
079eca299ac6b96fc9c52995fcbf24a1	2	785db17dfbfda829
079eca299ac6b96fc9c52995fcbf24a1	4	5d9a52801fe3167f
079eca299ac6b96fc9c52995fcbf24a1	6	dac928f3d7e166d3
079eca299ac6b96fc9c52995fcbf24a1	10	1248543bfe9a747f
079eca299ac6b96fc9c52995fcbf24a1	20	1deeb415bda84832
079fec8d04a6ee936227ea90ea0903bf	0	a057271c9071c99d
079fec8d04a6ee936227ea90ea0903bf	2	71c65c49cdc9a849
079fec8d04a6ee936227ea90ea0903bf	4	c9bd5089bf1cd218
079fec8d04a6ee936227ea90ea0903bf	6	cd1a1a0a96b245bd
079fec8d04a6ee936227ea90ea0903bf	10	40459cd6e44c3a66
079fec8d04a6ee936227ea90ea0903bf	20	01456c707f4f7037
07a160f359fe4e472773551d69816e83	0	a057271c9071c99d
07a160f359fe4e472773551d69816e83	2	1a896efc9d079a61
07a160f359fe4e472773551d69816e83	4	8ac43dcbeca17b7b
07a160f359fe4e472773551d69816e83	6	6403453db98d14de
07a160f359fe4e472773551d69816e83	10	cbaa6b8898285e21
07a160f359fe4e472773551d69816e83	20	d6ac061e72114820
07a27fe792de37e758e3351f270324c2	0	a057271c9071c99d
07a27fe792de37e758e3351f270324c2	2	c4418ec53557981b
07a27fe792de37e758e3351f270324c2	4	b168b7f0a5d574d4
07a27fe792de37e758e3351f270324c2	6	6fcdc1ec7937669b
07a27fe792de37e758e3351f270324c2	10	b840af0e7c906426
07a27fe792de37e758e3351f270324c2	20	c32b8cb3abf97532
07a39b7677af6e435341c115ad5772ce	0	a057271c9071c99d
07a39b7677af6e435341c115ad5772ce	2	cc3a9a814f3f5362
07a39b7677af6e435341c115ad5772ce	4	68e3da289e37b5e3
07a39b7677af6e435341c115ad5772ce	6	7ed0510db432462e
07a39b7677af6e435341c115ad5772ce	10	cdab5240973a259f
07a39b7677af6e435341c115ad5772ce	20	14a80b946a354d37
07aa35ddde44c01733038e5013b5a6ef	0	a057271c9071c99d
07aa35ddde44c01733038e5013b5a6ef	2	35a5049ef74bac7c
07aa35ddde44c01733038e5013b5a6ef	4	44567d6813d99aa1
07aa35ddde44c01733038e5013b5a6ef	6	c7afe7b0f6064205
07aa35ddde44c01733038e5013b5a6ef	10	2fcd0ac0d704ba01
07aa35ddde44c01733038e5013b5a6ef	20	16c64564894c7acf
07ab9b6d4190543591cbb0824588d392	0	a057271c9071c99d
07ab9b6d4190543591cbb0824588d392	2	1257713f9debc63b
07ab9b6d4190543591cbb0824588d392	4	8894ea97ca21d6f3
07ab9b6d4190543591cbb0824588d392	6	d072898c23f67de9
07ab9b6d4190543591cbb0824588d392	10	789689717de3ea02
07ab9b6d4190543591cbb0824588d392	20	524f12a1901fd3ae
07ac31424ed38f27d6b93195358e3968	0	a057271c9071c99d
07ac31424ed38f27d6b93195358e3968	2	8f114b4001c9d17d
07ac31424ed38f27d6b93195358e3968	4	c4188febf98e0ba4
07ac31424ed38f27d6b93195358e3968	6	227ab088b908e5dc
07ac31424ed38f27d6b93195358e3968	10	a25efe6d35341625
07ac31424ed38f27d6b93195358e3968	20	4441b60ffdc5c35a
07aeafc4ee93bb832fa134d4f5971cf6	0	a057271c9071c99d
07aeafc4ee93bb832fa134d4f5971cf6	2	666d67f6b467ff1c
07aeafc4ee93bb832fa134d4f5971cf6	4	aac5339794e67bff
07aeafc4ee93bb832fa134d4f5971cf6	6	861d53e6fb9ab86a
07aeafc4ee93bb832fa134d4f5971cf6	10	75c2c32884881192
07aeafc4ee93bb832fa134d4f5971cf6	20	975d3efcfcef9769
07b22dd6ccdd07fa12548656c4ea97a6	0	a057271c9071c99d
07b22dd6ccdd07fa12548656c4ea97a6	2	9215960bec8df751
07b22dd6ccdd07fa12548656c4ea97a6	4	159bd9e7240eb601
07b22dd6ccdd07fa12548656c4ea97a6	6	e164ce3917b264ca
07b22dd6ccdd07fa12548656c4ea97a6	10	ea1f5d52f00d321a
07b22dd6ccdd07fa12548656c4ea97a6	20	b97da5e1f5fc5757
07b46ab6d0c938fee77651dc4b63e1d6	0	a057271c9071c99d
07b46ab6d0c938fee77651dc4b63e1d6	2	96196817fd21a3a2
07b46ab6d0c938fee77651dc4b63e1d6	4	6f7cbc9f99a4c8a9
07b46ab6d0c938fee77651dc4b63e1d6	6	a804f74ccc2a7df3
07b46ab6d0c938fee77651dc4b63e1d6	10	a220b6f80addfa6e
07b46ab6d0c938fee77651dc4b63e1d6	20	729c821c5615eba6
07b476c83150d3cb7e08f5d045e255ab	0	a057271c9071c99d
07b476c83150d3cb7e08f5d045e255ab	2	fe2cc7711c61ecdc
07b476c83150d3cb7e08f5d045e255ab	4	961829381a5db884
07b476c83150d3cb7e08f5d045e255ab	6	6535e7425348cb59
07b476c83150d3cb7e08f5d045e255ab	10	643b0848fd3e4272
07b476c83150d3cb7e08f5d045e255ab	20	25e79f9471695bb3
07b48aebb6cc968704afb001b7a50d8d	0	a057271c9071c99d
07b48aebb6cc968704afb001b7a50d8d	2	d521ee35d981a28b
07b48aebb6cc968704afb001b7a50d8d	4	f1f6acab150597f1
07b48aebb6cc968704afb001b7a50d8d	6	793d4b29fb5e59bb
07b48aebb6cc968704afb001b7a50d8d	10	971d51f965e1aa8b
07b48aebb6cc968704afb001b7a50d8d	20	3a8fb2ffeaac4dec
07b55eb389b521faf2ea347a14b68938	0	a057271c9071c99d
07b55eb389b521faf2ea347a14b68938	2	618efd1fa4038666
07b55eb389b521faf2ea347a14b68938	4	c1b1645ceffe878d
07b55eb389b521faf2ea347a14b68938	6	4f0741d2be2366b1
07b55eb389b521faf2ea347a14b68938	10	6938bfe986e2916a
07b55eb389b521faf2ea347a14b68938	20	b8d5d22e425687f7
07b6f34060b07d837482bfc3f238b252	0	a057271c9071c99d
07b6f34060b07d837482bfc3f238b252	2	a0e494246bf3c90a
07b6f34060b07d837482bfc3f238b252	4	7323378d3cdb7e90
07b6f34060b07d837482bfc3f238b252	6	af2181e5a6411083
07b6f34060b07d837482bfc3f238b252	10	33a14da841c7bd74
07b6f34060b07d837482bfc3f238b252	20	0eed2db92a466e22
07b7859003d84402cbb1ebdc37655d55	0	a057271c9071c99d
07b7859003d84402cbb1ebdc37655d55	2	f1124e21ae56557f
07b7859003d84402cbb1ebdc37655d55	4	8dc2a94911790905
07b7859003d84402cbb1ebdc37655d55	6	0fd06982e2b0c3b9
07b7859003d84402cbb1ebdc37655d55	10	db53af277a38ca69
07b7859003d84402cbb1ebdc37655d55	20	b9dd869944c3dca6
07b8a0ca2372125b645a2fa257367ea9	0	a057271c9071c99d
07b8a0ca2372125b645a2fa257367ea9	2	2f61e25a08883dfe
07b8a0ca2372125b645a2fa257367ea9	4	1f9c63aea129732d
07b8a0ca2372125b645a2fa257367ea9	6	48241535c8edb367
07b8a0ca2372125b645a2fa257367ea9	10	7d57a7c4d7046c12
07b8a0ca2372125b645a2fa257367ea9	20	ac3ce532fc14007b
07b9e86b020a209bd76474c4db8ab14d	0	a057271c9071c99d
07b9e86b020a209bd76474c4db8ab14d	2	9f0b1c07d9e868b0
07b9e86b020a209bd76474c4db8ab14d	4	961ff4801649d51a
07b9e86b020a209bd76474c4db8ab14d	6	aed32f2aa14ca336
07b9e86b020a209bd76474c4db8ab14d	10	aed32f2aa14ca336
07b9e86b020a209bd76474c4db8ab14d	20	aed32f2aa14ca336
07b9f32381ed1420def289ad69994262	0	a057271c9071c99d
07b9f32381ed1420def289ad69994262	2	ca04d4a98973d018
07b9f32381ed1420def289ad69994262	4	0cc9d52a5cb033fe
07b9f32381ed1420def289ad69994262	6	30b2483cd0eab3a4
07b9f32381ed1420def289ad69994262	10	29a02d27bd83bc97
07b9f32381ed1420def289ad69994262	20	fe72d3154bd8a63d
07ba380599457b2942af3b7cbb304c7b	0	a057271c9071c99d
07ba380599457b2942af3b7cbb304c7b	2	09f3a1e664c8b7f2
07ba380599457b2942af3b7cbb304c7b	4	da0a807b143d912d
07ba380599457b2942af3b7cbb304c7b	6	2351c94dfae86ac9
07ba380599457b2942af3b7cbb304c7b	10	e973fcbfc468899b
07ba380599457b2942af3b7cbb304c7b	20	d78971c3c0acc4ff
07bbbb292324c8d8baeb232e144349fa	0	a057271c9071c99d
07bbbb292324c8d8baeb232e144349fa	2	d17b7a538de28f95
07bbbb292324c8d8baeb232e144349fa	4	f71eaf6c35597ea7
07bbbb292324c8d8baeb232e144349fa	6	97f3488d11f64801
07bbbb292324c8d8baeb232e144349fa	10	16431d44bcba69c2
07bbbb292324c8d8baeb232e144349fa	20	21afb03ace516c21
07c0800f4df07db586a51cd724332a65	0	a057271c9071c99d
07c0800f4df07db586a51cd724332a65	2	5d82f820acb63926
07c0800f4df07db586a51cd724332a65	4	51ae820066025681
07c0800f4df07db586a51cd724332a65	6	d0ee2586373d7741
07c0800f4df07db586a51cd724332a65	10	d19dffa160ca9b84
07c0800f4df07db586a51cd724332a65	20	c4ec2d299dd7a92a
07c3cce524e2b85d8315ac4397ef08c4	0	a057271c9071c99d
07c3cce524e2b85d8315ac4397ef08c4	2	e462e4ccdf272980
07c3cce524e2b85d8315ac4397ef08c4	4	f3c1189d79ae1a41
07c3cce524e2b85d8315ac4397ef08c4	6	4dbd1d30e261e935
07c3cce524e2b85d8315ac4397ef08c4	10	ac3d01e639db5a1c
07c3cce524e2b85d8315ac4397ef08c4	20	d8783b6c0d4ee645
07c50b89d97a55b6e1629999a445a2ba	0	a057271c9071c99d
07c50b89d97a55b6e1629999a445a2ba	2	4ebd41eb0d040a8c
07c50b89d97a55b6e1629999a445a2ba	4	20dd5d14ccc77c80
07c50b89d97a55b6e1629999a445a2ba	6	6edd94cd1a037fb4
07c50b89d97a55b6e1629999a445a2ba	10	8f4080fe9e7067fa
07c50b89d97a55b6e1629999a445a2ba	20	23a2681833269f0e
07c7baadfffe4f343b14dc65a7e62f75	0	a057271c9071c99d
07c7baadfffe4f343b14dc65a7e62f75	2	833aea9cef2c6a77
07c7baadfffe4f343b14dc65a7e62f75	4	250a570757284143
07c7baadfffe4f343b14dc65a7e62f75	6	cb5339141951079d
07c7baadfffe4f343b14dc65a7e62f75	10	d23e20947f7572c0
07c7baadfffe4f343b14dc65a7e62f75	20	37439290853188f5
07cb45c60089b9008bf3118591a99bf9	0	a057271c9071c99d
07cb45c60089b9008bf3118591a99bf9	2	7694cc8bc37fdc8c
07cb45c60089b9008bf3118591a99bf9	4	641a79f2766c6281
07cb45c60089b9008bf3118591a99bf9	6	4d8a92357cb29c5f
07cb45c60089b9008bf3118591a99bf9	10	b7fe11e799739b91
07cb45c60089b9008bf3118591a99bf9	20	89cdf6e0dc38a591
07cea7a64248a60d509368d09d3057c2	0	a057271c9071c99d
07cea7a64248a60d509368d09d3057c2	2	5ce760c15235e022
07cea7a64248a60d509368d09d3057c2	4	bc103df9507c9044
07cea7a64248a60d509368d09d3057c2	6	1c4339038a61e2f4
07cea7a64248a60d509368d09d3057c2	10	5a439477c60fee25
07cea7a64248a60d509368d09d3057c2	20	4e8d9a03e31215dd
07d0f56eb2e603bebdcad7b76235e225	0	a057271c9071c99d
07d0f56eb2e603bebdcad7b76235e225	2	99c1e2cd17fc4997
07d0f56eb2e603bebdcad7b76235e225	4	fbe6a520e0f21584
07d0f56eb2e603bebdcad7b76235e225	6	35a5f7f815278245
07d0f56eb2e603bebdcad7b76235e225	10	eed7d0d6ea91450f
07d0f56eb2e603bebdcad7b76235e225	20	b90457d6d047a7ba
07d2092780df7b212645ddf99edf6e13	0	a057271c9071c99d
07d2092780df7b212645ddf99edf6e13	2	a02f1f84e0f1cc89
07d2092780df7b212645ddf99edf6e13	4	d83b8f3dc1e0709f
07d2092780df7b212645ddf99edf6e13	6	ffb3d51fb263cb7a
07d2092780df7b212645ddf99edf6e13	10	fcf160cf60de4c7e
07d2092780df7b212645ddf99edf6e13	20	3ff1f87efa52c9fb
07d20a83feca9295e862a7d583da5971	0	a057271c9071c99d
07d20a83feca9295e862a7d583da5971	2	e37b7cfc357b634a
07d20a83feca9295e862a7d583da5971	4	460d6177bd8f4e51
07d20a83feca9295e862a7d583da5971	6	514ea55a2b6dfc31
07d20a83feca9295e862a7d583da5971	10	c68420d3520063d5
07d20a83feca9295e862a7d583da5971	20	c453bf3f415489c8
07d3686b96c09ba65403b55f06c8d36b	0	a057271c9071c99d
07d3686b96c09ba65403b55f06c8d36b	2	a565af621c81dac8
07d3686b96c09ba65403b55f06c8d36b	4	3d281371632c3da3
07d3686b96c09ba65403b55f06c8d36b	6	8a1d29c59164a7d4
07d3686b96c09ba65403b55f06c8d36b	10	d7c687cc5b5f2a0d
07d3686b96c09ba65403b55f06c8d36b	20	d7c687cc5b5f2a0d
07d4876685a00c116054d146cb363bb5	0	a057271c9071c99d
07d4876685a00c116054d146cb363bb5	2	7be55148677d31f6
07d4876685a00c116054d146cb363bb5	4	7c627e921c19612e
07d4876685a00c116054d146cb363bb5	6	a4fba99ca146dd87
07d4876685a00c116054d146cb363bb5	10	6954c442d735ab0c
07d4876685a00c116054d146cb363bb5	20	8df59a6bb214313d
07d889e8690331078d965dd852626e84	0	a057271c9071c99d
07d889e8690331078d965dd852626e84	2	fa5e85638cd9b46c
07d889e8690331078d965dd852626e84	4	895588bac31bf27b
07d889e8690331078d965dd852626e84	6	941d65241949fad5
07d889e8690331078d965dd852626e84	10	b96fbaf45a94b1d5
07d889e8690331078d965dd852626e84	20	d98267e7177fa46d
07d92f7130beefd10e6100908a6b0fa1	0	a057271c9071c99d
07d92f7130beefd10e6100908a6b0fa1	2	b4548109f493c682
07d92f7130beefd10e6100908a6b0fa1	4	b097b22763481f0a
07d92f7130beefd10e6100908a6b0fa1	6	e37c71370d7708b5
07d92f7130beefd10e6100908a6b0fa1	10	8994ce88b228cb63
07d92f7130beefd10e6100908a6b0fa1	20	d6696da381f6bc0c
07d99afd1451385b8f59705370617b80	0	a057271c9071c99d
07d99afd1451385b8f59705370617b80	2	3d7ceadd873f319b
07d99afd1451385b8f59705370617b80	4	c5a5704c91725ba1
07d99afd1451385b8f59705370617b80	6	71e68eb8dd54fd7a
07d99afd1451385b8f59705370617b80	10	0ae3dd482609196c
07d99afd1451385b8f59705370617b80	20	cf400a53c0e93394
07da51c683e5fa45251fef460cf66c60	0	a057271c9071c99d
07da51c683e5fa45251fef460cf66c60	2	2b7db69d365dbbcb
07da51c683e5fa45251fef460cf66c60	4	e087d491f46c453d
07da51c683e5fa45251fef460cf66c60	6	e36e119e908cc2af
07da51c683e5fa45251fef460cf66c60	10	ac45f3e7ad52fbea
07da51c683e5fa45251fef460cf66c60	20	ac45f3e7ad52fbea
07dab06913ef55d3a42e207a838c5c37	0	a057271c9071c99d
07dab06913ef55d3a42e207a838c5c37	2	2d0f458d7b2798b5
07dab06913ef55d3a42e207a838c5c37	4	88ad3ee8ba3776c0
07dab06913ef55d3a42e207a838c5c37	6	13db9446cf6f5397
07dab06913ef55d3a42e207a838c5c37	10	b41c447dc01fee16
07dab06913ef55d3a42e207a838c5c37	20	4bead867a35b8e9f
07db5bda1aabc6bf013fd5c22501bda0	0	a057271c9071c99d
07db5bda1aabc6bf013fd5c22501bda0	2	ad52c2f4b654abfb
07db5bda1aabc6bf013fd5c22501bda0	4	a3b99f80bd68972d
07db5bda1aabc6bf013fd5c22501bda0	6	a3b99f80bd68972d
07db5bda1aabc6bf013fd5c22501bda0	10	a3b99f80bd68972d
07db5bda1aabc6bf013fd5c22501bda0	20	a3b99f80bd68972d
07db9248a046677aa28dc35cb46a6ea1	0	a057271c9071c99d
07db9248a046677aa28dc35cb46a6ea1	2	43808c6bf2f6bad8
07db9248a046677aa28dc35cb46a6ea1	4	18b6390f90813d4d
07db9248a046677aa28dc35cb46a6ea1	6	96cca3e28a85f38b
07db9248a046677aa28dc35cb46a6ea1	10	c151b175ee700b5b
07db9248a046677aa28dc35cb46a6ea1	20	343be3adbc0c0190
07dd1f9bb66d375229df9f9c45237864	0	a057271c9071c99d
07dd1f9bb66d375229df9f9c45237864	2	b36c0d78e72ee713
07dd1f9bb66d375229df9f9c45237864	4	2e89ef010e1fd416
07dd1f9bb66d375229df9f9c45237864	6	8979387dae368247
07dd1f9bb66d375229df9f9c45237864	10	1d1bfef96e099d62
07dd1f9bb66d375229df9f9c45237864	20	e134f192638ca1bc
07dfdde9b1020080213803c0777a04bf	0	a057271c9071c99d
07dfdde9b1020080213803c0777a04bf	2	b45dbc4f6e6a0fce
07dfdde9b1020080213803c0777a04bf	4	4706f8210223d625
07dfdde9b1020080213803c0777a04bf	6	260329d0df3545c6
07dfdde9b1020080213803c0777a04bf	10	108f5c076c5cbe95
07dfdde9b1020080213803c0777a04bf	20	d09a7f8b618da0a9
07dfe40c43d9bd2f1c45bf06d490188b	0	a057271c9071c99d
07dfe40c43d9bd2f1c45bf06d490188b	2	fd060011012d2cd7
07dfe40c43d9bd2f1c45bf06d490188b	4	259a4d85288dba23
07dfe40c43d9bd2f1c45bf06d490188b	6	1c0d147745878ee8
07dfe40c43d9bd2f1c45bf06d490188b	10	d1e5497ae555401d
07dfe40c43d9bd2f1c45bf06d490188b	20	58b6f5fee799dadd
07dffb6f565305790eb6442b986f1c24	0	a057271c9071c99d
07dffb6f565305790eb6442b986f1c24	2	5fede267b40de170
07dffb6f565305790eb6442b986f1c24	4	da8b37bd3198f40e
07dffb6f565305790eb6442b986f1c24	6	f637ead41af5c76f
07dffb6f565305790eb6442b986f1c24	10	a44de475619a491b
07dffb6f565305790eb6442b986f1c24	20	c9b0ba8b1600eba2
07e064dbe45135dd8b266eea0c0c9b6c	0	a057271c9071c99d
07e064dbe45135dd8b266eea0c0c9b6c	2	e56dc35f851a34fe
07e064dbe45135dd8b266eea0c0c9b6c	4	076175d4524bee53
07e064dbe45135dd8b266eea0c0c9b6c	6	581fb9a5e20de14c
07e064dbe45135dd8b266eea0c0c9b6c	10	f48547bc0c30f25b
07e064dbe45135dd8b266eea0c0c9b6c	20	258b458768273d7e
07e1e29969e7eddc13877d118187c68e	0	a057271c9071c99d
07e1e29969e7eddc13877d118187c68e	2	a55e68ae62dad6fb
07e1e29969e7eddc13877d118187c68e	4	3bf68d5223104713
07e1e29969e7eddc13877d118187c68e	6	d15fc0855431fa93
07e1e29969e7eddc13877d118187c68e	10	4ec154e39a56e411
07e1e29969e7eddc13877d118187c68e	20	384a67ddbc2d4a9a
07e6413459f92b613498a719125b6239	0	a057271c9071c99d
07e6413459f92b613498a719125b6239	2	03f79bcf93953199
07e6413459f92b613498a719125b6239	4	09a152417157a58a
07e6413459f92b613498a719125b6239	6	e3da49bac047f912
07e6413459f92b613498a719125b6239	10	8dd60e83b2aa57fc
07e6413459f92b613498a719125b6239	20	899813187f0d103e
07e851c74295f7ddf472820c0f0164e8	0	a057271c9071c99d
07e851c74295f7ddf472820c0f0164e8	2	ec0c711bed2850e5
07e851c74295f7ddf472820c0f0164e8	4	7749450f6cb5b869
07e851c74295f7ddf472820c0f0164e8	6	9ba44a12b8970086
07e851c74295f7ddf472820c0f0164e8	10	deacfcebbf3ae2d9
07e851c74295f7ddf472820c0f0164e8	20	c1e52e00932efbea
07e94be3f47652c83090dbc7576c74d2	0	a057271c9071c99d
07e94be3f47652c83090dbc7576c74d2	2	89bc24f651246c12
07e94be3f47652c83090dbc7576c74d2	4	818be61030c1974f
07e94be3f47652c83090dbc7576c74d2	6	d1936105c4b8678e
07e94be3f47652c83090dbc7576c74d2	10	a611ed1cdb90b117
07e94be3f47652c83090dbc7576c74d2	20	a4652917be80b7e5
07ea88806d406de24635fb1aa9e57389	0	a057271c9071c99d
07ea88806d406de24635fb1aa9e57389	2	c4aa2adc9e72ac81
07ea88806d406de24635fb1aa9e57389	4	85bf48b5e4342c13
07ea88806d406de24635fb1aa9e57389	6	c76475c814a19043
07ea88806d406de24635fb1aa9e57389	10	1c5dcd52dc75f404
07ea88806d406de24635fb1aa9e57389	20	2368087c50408e7c
07eb075757e5ea1d04d3b7ce7b4d9724	0	a057271c9071c99d
07eb075757e5ea1d04d3b7ce7b4d9724	2	a0361dac1d903ce1
07eb075757e5ea1d04d3b7ce7b4d9724	4	7d30b677745e3032
07eb075757e5ea1d04d3b7ce7b4d9724	6	dcf3f271c78af9e9
07eb075757e5ea1d04d3b7ce7b4d9724	10	18058832ceed863b
07eb075757e5ea1d04d3b7ce7b4d9724	20	18058832ceed863b
07ec99f550accd7c9f4cd1bccc8692a1	0	a057271c9071c99d
07ec99f550accd7c9f4cd1bccc8692a1	2	11ac42ef6607abd5
07ec99f550accd7c9f4cd1bccc8692a1	4	b63d0f50b7c31ccf
07ec99f550accd7c9f4cd1bccc8692a1	6	adcaaade9bf2055b
07ec99f550accd7c9f4cd1bccc8692a1	10	04711b6b1f42ca34
07ec99f550accd7c9f4cd1bccc8692a1	20	375377616f1455e8
07ed900724afdd89963eb73ca7b9634f	0	a057271c9071c99d
07ed900724afdd89963eb73ca7b9634f	2	bc542190026e7484
07ed900724afdd89963eb73ca7b9634f	4	21388846c83ad219
07ed900724afdd89963eb73ca7b9634f	6	4a2a9f4a3ec7985d
07ed900724afdd89963eb73ca7b9634f	10	ed99a19cca28ef88
07ed900724afdd89963eb73ca7b9634f	20	ed99a19cca28ef88
07ef18df9dba70fdd92316b51caf7634	0	a057271c9071c99d
07ef18df9dba70fdd92316b51caf7634	2	eea85cd2c1d3e427
07ef18df9dba70fdd92316b51caf7634	4	ad91d513c3006993
07ef18df9dba70fdd92316b51caf7634	6	ec08607607a271d1
07ef18df9dba70fdd92316b51caf7634	10	822a9594f9daa381
07ef18df9dba70fdd92316b51caf7634	20	822a9594f9daa381
07f29d4de0b77c6ef5b0a4d1868bb017	0	a057271c9071c99d
07f29d4de0b77c6ef5b0a4d1868bb017	2	c2ee387f7098f510
07f29d4de0b77c6ef5b0a4d1868bb017	4	d0d899c9263c1361
07f29d4de0b77c6ef5b0a4d1868bb017	6	03bf0063617dea79
07f29d4de0b77c6ef5b0a4d1868bb017	10	3b5ab0da7f54112e
07f29d4de0b77c6ef5b0a4d1868bb017	20	1df89f507eaafbe5
07f5f3ca046261c3819c5c888ac837e5	0	a057271c9071c99d
07f5f3ca046261c3819c5c888ac837e5	2	e5caf00d477e49ef
07f5f3ca046261c3819c5c888ac837e5	4	e1e9486229156f24
07f5f3ca046261c3819c5c888ac837e5	6	ddb5b8b1e175d224
07f5f3ca046261c3819c5c888ac837e5	10	8d45c08a08383bf7
07f5f3ca046261c3819c5c888ac837e5	20	582783e1501d2776
07fa3fcdf3bfea7d119e5b27c26bb189	0	a057271c9071c99d
07fa3fcdf3bfea7d119e5b27c26bb189	2	887b236689f3d3a2
07fa3fcdf3bfea7d119e5b27c26bb189	4	e81bc5a76d6755f9
07fa3fcdf3bfea7d119e5b27c26bb189	6	ff594f99d225d8e4
07fa3fcdf3bfea7d119e5b27c26bb189	10	09ed317ddd854dbb
07fa3fcdf3bfea7d119e5b27c26bb189	20	350119d9f7959d0b
07fc0470c550aa7f7290a9442a3e2a83	0	a057271c9071c99d
07fc0470c550aa7f7290a9442a3e2a83	2	86b9eb6765a62b6f
07fc0470c550aa7f7290a9442a3e2a83	4	a5deacdce802d3a7
07fc0470c550aa7f7290a9442a3e2a83	6	e9c12ea7469d2ead
07fc0470c550aa7f7290a9442a3e2a83	10	04659a5a70f149f1
07fc0470c550aa7f7290a9442a3e2a83	20	d69c1b4d9b0c4370
07fc8dc21a3cac260e41353969025eb5	0	a057271c9071c99d
07fc8dc21a3cac260e41353969025eb5	2	915bdbeb51b2623e
07fc8dc21a3cac260e41353969025eb5	4	4b2466ad3d91f693
07fc8dc21a3cac260e41353969025eb5	6	90632ba1798298a5
07fc8dc21a3cac260e41353969025eb5	10	96c17d97a36c0059
07fc8dc21a3cac260e41353969025eb5	20	b29b2efd70b7bebd
0802ae5412e1596c92a036b52792eef7	0	a057271c9071c99d
0802ae5412e1596c92a036b52792eef7	2	747e67916dc942af
0802ae5412e1596c92a036b52792eef7	4	f690446ae35efba8
0802ae5412e1596c92a036b52792eef7	6	2fcaa997cefde78f
0802ae5412e1596c92a036b52792eef7	10	36b37c9fc261468c
0802ae5412e1596c92a036b52792eef7	20	3edfc43ab1cf3779
08032add3cca8760e3397cbeaf30fb84	0	a057271c9071c99d
08032add3cca8760e3397cbeaf30fb84	2	62c5020760ff82b2
08032add3cca8760e3397cbeaf30fb84	4	bc14a8f9656eb040
08032add3cca8760e3397cbeaf30fb84	6	a506dc3d5f1ec82a
08032add3cca8760e3397cbeaf30fb84	10	a2b581948789fd4c
08032add3cca8760e3397cbeaf30fb84	20	b0ca6ef5009116eb
08063f5baf6655656a300c946aaaca60	0	a057271c9071c99d
08063f5baf6655656a300c946aaaca60	2	8e4fd27e9c2cad23
08063f5baf6655656a300c946aaaca60	4	59d7268bf97dbb1d
08063f5baf6655656a300c946aaaca60	6	d2cb93e9f62e38f1
08063f5baf6655656a300c946aaaca60	10	78206238fe424788
08063f5baf6655656a300c946aaaca60	20	78206238fe424788
080896c437245ac25eb6d3ad6df12c4f	0	a057271c9071c99d
080896c437245ac25eb6d3ad6df12c4f	2	76cdac14a234230f
080896c437245ac25eb6d3ad6df12c4f	4	3865f74fe62c1051
080896c437245ac25eb6d3ad6df12c4f	6	895a76c86779f35b
080896c437245ac25eb6d3ad6df12c4f	10	a1481cd086730ce5
080896c437245ac25eb6d3ad6df12c4f	20	59e4ef73dbb02328
08099b9ad4ef3dbaa6cb53d8f04a9a5e	0	a057271c9071c99d
08099b9ad4ef3dbaa6cb53d8f04a9a5e	2	a36519dc34ea363c
08099b9ad4ef3dbaa6cb53d8f04a9a5e	4	8d9c0b407b448f35
08099b9ad4ef3dbaa6cb53d8f04a9a5e	6	3c5165e91e223141
08099b9ad4ef3dbaa6cb53d8f04a9a5e	10	61dc252213c670ea
08099b9ad4ef3dbaa6cb53d8f04a9a5e	20	61dc252213c670ea
080f5cf5606bfb7ebb93501b8e8a10fd	0	a057271c9071c99d
080f5cf5606bfb7ebb93501b8e8a10fd	2	d4fc9d50ddec377c
080f5cf5606bfb7ebb93501b8e8a10fd	4	8670ac0fd1bf445b
080f5cf5606bfb7ebb93501b8e8a10fd	6	8f35a8f032aabba9
080f5cf5606bfb7ebb93501b8e8a10fd	10	d727da16b896944a
080f5cf5606bfb7ebb93501b8e8a10fd	20	d727da16b896944a
0810eb03d022334fdd1d5a6ad4969d47	0	a057271c9071c99d
0810eb03d022334fdd1d5a6ad4969d47	2	994d33d4c6a1249a
0810eb03d022334fdd1d5a6ad4969d47	4	e7a0ec07a6e39f14
0810eb03d022334fdd1d5a6ad4969d47	6	d85075f2db264c1a
0810eb03d022334fdd1d5a6ad4969d47	10	4e4a3db053a2015b
0810eb03d022334fdd1d5a6ad4969d47	20	ab83497c9aacf377
0811f761eee5e4ef28196fd98884a67b	0	a057271c9071c99d
0811f761eee5e4ef28196fd98884a67b	2	bc14c184145d1f07
0811f761eee5e4ef28196fd98884a67b	4	4f7f2edb6deeccd9
0811f761eee5e4ef28196fd98884a67b	6	ac44361c8c48559c
0811f761eee5e4ef28196fd98884a67b	10	229c7887a8ebd9a2
0811f761eee5e4ef28196fd98884a67b	20	16adde1647e4bb57
081ed301081776dc61bdcab61b720bd1	0	a057271c9071c99d
081ed301081776dc61bdcab61b720bd1	2	0c9a718e374be255
081ed301081776dc61bdcab61b720bd1	4	9d0c06ce38be3cd1
081ed301081776dc61bdcab61b720bd1	6	98cc2a2bd85c3c57
081ed301081776dc61bdcab61b720bd1	10	d98fa562f224729d
081ed301081776dc61bdcab61b720bd1	20	46184be6ed94a7f5
081eeeb1adf1c1a6c008468703328211	0	a057271c9071c99d
081eeeb1adf1c1a6c008468703328211	2	ebd1f1ca87dc0bb4
081eeeb1adf1c1a6c008468703328211	4	3ba13d81e6aa6467
081eeeb1adf1c1a6c008468703328211	6	351b2c12f1dfe796
081eeeb1adf1c1a6c008468703328211	10	d918df21541ff505
081eeeb1adf1c1a6c008468703328211	20	c6a2fa885ab7451c
081f111af59344b61346367a930e24f6	0	a057271c9071c99d
081f111af59344b61346367a930e24f6	2	31dca624e7b24f50
081f111af59344b61346367a930e24f6	4	3568f09777a61e20
081f111af59344b61346367a930e24f6	6	6a1876f0a2fe230f
081f111af59344b61346367a930e24f6	10	c2c531a5b6e2f49f
081f111af59344b61346367a930e24f6	20	cd4547574e03e805
081f1d6563c9f40da1854ee2848491df	0	a057271c9071c99d
081f1d6563c9f40da1854ee2848491df	2	81af486cf76e5d8d
081f1d6563c9f40da1854ee2848491df	4	9021c84c563d2b18
081f1d6563c9f40da1854ee2848491df	6	6f8a36f1fe57ef37
081f1d6563c9f40da1854ee2848491df	10	16f0f5c9c213d5a6
081f1d6563c9f40da1854ee2848491df	20	2f9d932930c0e693
0823bc5f954c6366702877556f0d3680	0	a057271c9071c99d
0823bc5f954c6366702877556f0d3680	2	a68deecec85eaf0b
0823bc5f954c6366702877556f0d3680	4	35e483f10a2a4a21
0823bc5f954c6366702877556f0d3680	6	3d76467c48c48e4a
0823bc5f954c6366702877556f0d3680	10	92b7b36bc3f59576
0823bc5f954c6366702877556f0d3680	20	a89c80fc92ad30a5
0825876c0167b72f69077b744b5c167f	0	a057271c9071c99d
0825876c0167b72f69077b744b5c167f	2	6c825a3b28624fe4
0825876c0167b72f69077b744b5c167f	4	c7233a2c4ad6876f
0825876c0167b72f69077b744b5c167f	6	1479c9572b915831
0825876c0167b72f69077b744b5c167f	10	43ea497968ce0933
0825876c0167b72f69077b744b5c167f	20	e58791c804fad906
082c9fdbce838d9b18260fa5c4de2f5c	0	a057271c9071c99d
082c9fdbce838d9b18260fa5c4de2f5c	2	5f66695760ab99a9
082c9fdbce838d9b18260fa5c4de2f5c	4	3b1b1d4bdff7cfa7
082c9fdbce838d9b18260fa5c4de2f5c	6	b89412b781255522
082c9fdbce838d9b18260fa5c4de2f5c	10	e1ab6b9642f72f27
082c9fdbce838d9b18260fa5c4de2f5c	20	cc66e48dbbfe08dd
082f609e8e33aabc115e355976bc02a8	0	a057271c9071c99d
082f609e8e33aabc115e355976bc02a8	2	a257451c12351404
082f609e8e33aabc115e355976bc02a8	4	8267f6734cb47acb
082f609e8e33aabc115e355976bc02a8	6	5d3adb8bea04cf22
082f609e8e33aabc115e355976bc02a8	10	d7a771d517882c4d
082f609e8e33aabc115e355976bc02a8	20	837502d1b66a36f6
08300e286c3380f7e7291ca6a534c97b	0	a057271c9071c99d
08300e286c3380f7e7291ca6a534c97b	2	8ba779dcce2a50f4
08300e286c3380f7e7291ca6a534c97b	4	3901d538ab256438
08300e286c3380f7e7291ca6a534c97b	6	fcfb5ed500343aaa
08300e286c3380f7e7291ca6a534c97b	10	41b22add19d0c91f
08300e286c3380f7e7291ca6a534c97b	20	2f963949af6d5706
083030713683d8ab8e1d54372f241863	0	a057271c9071c99d
083030713683d8ab8e1d54372f241863	2	3581358b2c7563a0
083030713683d8ab8e1d54372f241863	4	1d4778d06ecf5d81
083030713683d8ab8e1d54372f241863	6	d610ddf631d2bb08
083030713683d8ab8e1d54372f241863	10	76ddf20c38e39a09
083030713683d8ab8e1d54372f241863	20	15f0393d1f0cf82b
083073b7820982b0bd5e9ff7de0b317d	0	a057271c9071c99d
083073b7820982b0bd5e9ff7de0b317d	2	0a1a128f32a7bdaa
083073b7820982b0bd5e9ff7de0b317d	4	42d7ccc3dfdccf22
083073b7820982b0bd5e9ff7de0b317d	6	5a026feb33d3b498
083073b7820982b0bd5e9ff7de0b317d	10	77071adf89224096
083073b7820982b0bd5e9ff7de0b317d	20	544292f6c85decab
0831000a5a9727aa5fa3332df10cdb57	0	a057271c9071c99d
0831000a5a9727aa5fa3332df10cdb57	2	5f4a9b547ba00dc6
0831000a5a9727aa5fa3332df10cdb57	4	dcf8c6bc9f61eed2
0831000a5a9727aa5fa3332df10cdb57	6	41dbf217324002cb
0831000a5a9727aa5fa3332df10cdb57	10	d90b6485ea559ba4
0831000a5a9727aa5fa3332df10cdb57	20	18f18b04f412d2da
0832446f790662899f2275ccef2e09fd	0	a057271c9071c99d
0832446f790662899f2275ccef2e09fd	2	25f4fb7e39c54879
0832446f790662899f2275ccef2e09fd	4	c5a1f5c05f75b008
0832446f790662899f2275ccef2e09fd	6	4e3f6ba88aaa1fc0
0832446f790662899f2275ccef2e09fd	10	8e625c6e060b97e8
0832446f790662899f2275ccef2e09fd	20	171a6566df2fa6aa
0833521b118f61bdf8198940a6fba69a	0	a057271c9071c99d
0833521b118f61bdf8198940a6fba69a	2	6ef3da04d50c9850
0833521b118f61bdf8198940a6fba69a	4	364bc7616218816d
0833521b118f61bdf8198940a6fba69a	6	f7bdb985b6e09ecb
0833521b118f61bdf8198940a6fba69a	10	968d66333b2c670f
0833521b118f61bdf8198940a6fba69a	20	c05bd9df9700fdb1
08365e3605c71b5363d5da9dbd92dc8d	0	a057271c9071c99d
08365e3605c71b5363d5da9dbd92dc8d	2	8217ffbd6b4be391
08365e3605c71b5363d5da9dbd92dc8d	4	40232993319b85c3
08365e3605c71b5363d5da9dbd92dc8d	6	3a5d409187a7454b
08365e3605c71b5363d5da9dbd92dc8d	10	670b81674e4001ba
08365e3605c71b5363d5da9dbd92dc8d	20	e8f0872dc958938a
0839f339c62831cc05032b3a63a98385	0	a057271c9071c99d
0839f339c62831cc05032b3a63a98385	2	3b2ed5511662f97f
0839f339c62831cc05032b3a63a98385	4	7cef8111524f0cfc
0839f339c62831cc05032b3a63a98385	6	751793920dd6fc60
0839f339c62831cc05032b3a63a98385	10	fd834aee51c182e3
0839f339c62831cc05032b3a63a98385	20	f812327884150fcd
083f5595bbec3402643615940b179ef2	0	a057271c9071c99d
083f5595bbec3402643615940b179ef2	2	e185dd8f29f9073a
083f5595bbec3402643615940b179ef2	4	edb665826e32660b
083f5595bbec3402643615940b179ef2	6	dacd313f1387416a
083f5595bbec3402643615940b179ef2	10	f642319425f17bf9
083f5595bbec3402643615940b179ef2	20	3e18af0fcfd59189
083ff60b002cd12c03837d3f5122844f	0	a057271c9071c99d
083ff60b002cd12c03837d3f5122844f	2	68a3a7e085567880
083ff60b002cd12c03837d3f5122844f	4	15263bbddc6ee28d
083ff60b002cd12c03837d3f5122844f	6	4ce82c8db13e41cf
083ff60b002cd12c03837d3f5122844f	10	11efa5fb4dc10042
083ff60b002cd12c03837d3f5122844f	20	7f032683f3453bbc
0842ae941be93eb229e7cdc000445ff6	0	a057271c9071c99d
0842ae941be93eb229e7cdc000445ff6	2	4a70105e741a4681
0842ae941be93eb229e7cdc000445ff6	4	41a582f69ef896e1
0842ae941be93eb229e7cdc000445ff6	6	695231cef01904c5
0842ae941be93eb229e7cdc000445ff6	10	46d29ea249f9e325
0842ae941be93eb229e7cdc000445ff6	20	c6d53e9ddfa80ded
0842eb01dc00232edc0b26ccb2f19f25	0	a057271c9071c99d
0842eb01dc00232edc0b26ccb2f19f25	2	a3b6e56ef37018a2
0842eb01dc00232edc0b26ccb2f19f25	4	b28d86cd211a9638
0842eb01dc00232edc0b26ccb2f19f25	6	a8a3eabdc99ae2b2
0842eb01dc00232edc0b26ccb2f19f25	10	abd05fee311e2373
0842eb01dc00232edc0b26ccb2f19f25	20	649da4dc7e3bf9e0
0845065a19d24f0c11ecad0f117d89b1	0	a057271c9071c99d
0845065a19d24f0c11ecad0f117d89b1	2	ed37c1cfbec356f2
0845065a19d24f0c11ecad0f117d89b1	4	0b6df08b44843c45
0845065a19d24f0c11ecad0f117d89b1	6	b1d2e55b8b8dcf29
0845065a19d24f0c11ecad0f117d89b1	10	7fae8577b6f163cd
0845065a19d24f0c11ecad0f117d89b1	20	7fae8577b6f163cd
08455b2e1e6fda910989f0481a20f1c3	0	a057271c9071c99d
08455b2e1e6fda910989f0481a20f1c3	2	226c012764b9c3a7
08455b2e1e6fda910989f0481a20f1c3	4	482a6a85fd833704
08455b2e1e6fda910989f0481a20f1c3	6	1b5beb62a16dbfc8
08455b2e1e6fda910989f0481a20f1c3	10	99d3e1c7df479538
08455b2e1e6fda910989f0481a20f1c3	20	884338df02b61c03
0845cac21beb56a1b208735eff6a31dd	0	a057271c9071c99d
0845cac21beb56a1b208735eff6a31dd	2	725ea7aedb585ce5
0845cac21beb56a1b208735eff6a31dd	4	2d8d4fdf271fbf7f
0845cac21beb56a1b208735eff6a31dd	6	a9c10642efda653d
0845cac21beb56a1b208735eff6a31dd	10	39554d77282137a1
0845cac21beb56a1b208735eff6a31dd	20	8445019fc695ab21
08469bbccc41da0c124d69c61ce7dc58	0	a057271c9071c99d
08469bbccc41da0c124d69c61ce7dc58	2	9efb9bc3fa4e6537
08469bbccc41da0c124d69c61ce7dc58	4	418229b059d1a6a6
08469bbccc41da0c124d69c61ce7dc58	6	c291a16fbc675679
08469bbccc41da0c124d69c61ce7dc58	10	b15e85bee219b024
08469bbccc41da0c124d69c61ce7dc58	20	0b66af5dae8bd125
08491a497c1e003292d84347af51ad91	0	a057271c9071c99d
08491a497c1e003292d84347af51ad91	2	85446a42d51449de
08491a497c1e003292d84347af51ad91	4	bba49f5dede17b92
08491a497c1e003292d84347af51ad91	6	8e2d616e2798f64b
08491a497c1e003292d84347af51ad91	10	51778ba3e02270d0
08491a497c1e003292d84347af51ad91	20	NA
084b88b00ad7460eca3e5fdb44cf5b42	0	a057271c9071c99d
084b88b00ad7460eca3e5fdb44cf5b42	2	3e9053c433b5c050
084b88b00ad7460eca3e5fdb44cf5b42	4	ebb1b228f58c47e1
084b88b00ad7460eca3e5fdb44cf5b42	6	eb81fd0c55373c16
084b88b00ad7460eca3e5fdb44cf5b42	10	eb81fd0c55373c16
084b88b00ad7460eca3e5fdb44cf5b42	20	eb81fd0c55373c16
084f6e6da7f9c5125d6f28a044b6225c	0	a057271c9071c99d
084f6e6da7f9c5125d6f28a044b6225c	2	0e54027a5cb50437
084f6e6da7f9c5125d6f28a044b6225c	4	328732528b8c0ebb
084f6e6da7f9c5125d6f28a044b6225c	6	a9103ff1563be5c8
084f6e6da7f9c5125d6f28a044b6225c	10	29088b9b0efdd3f3
084f6e6da7f9c5125d6f28a044b6225c	20	7ad5336c7850a9b1
084f859b2fa74e16d609c654a6e5fb37	0	a057271c9071c99d
084f859b2fa74e16d609c654a6e5fb37	2	c6390835bb871b8b
084f859b2fa74e16d609c654a6e5fb37	4	8025b5019d493c50
084f859b2fa74e16d609c654a6e5fb37	6	fda626760cb3e76b
084f859b2fa74e16d609c654a6e5fb37	10	3703f7bf2485a55b
084f859b2fa74e16d609c654a6e5fb37	20	3703f7bf2485a55b
0850db65220080c130d2f54005f9e2b3	0	a057271c9071c99d
0850db65220080c130d2f54005f9e2b3	2	0d925f93d806cea3
0850db65220080c130d2f54005f9e2b3	4	e572eee422d6ce7d
0850db65220080c130d2f54005f9e2b3	6	f5696558a22df697
0850db65220080c130d2f54005f9e2b3	10	1e3fcf28d2753a14
0850db65220080c130d2f54005f9e2b3	20	7b8d75458d5a783b
08530caa5c9232f2ffc5163cf79b38e7	0	a057271c9071c99d
08530caa5c9232f2ffc5163cf79b38e7	2	81f5af10db217e22
08530caa5c9232f2ffc5163cf79b38e7	4	c25c0a4cfb12e485
08530caa5c9232f2ffc5163cf79b38e7	6	0cde5c9b0f732078
08530caa5c9232f2ffc5163cf79b38e7	10	380deb992f23a5d4
08530caa5c9232f2ffc5163cf79b38e7	20	670a65cc50153067
0854ef1b4b1aab957712863ca3bb86ce	0	a057271c9071c99d
0854ef1b4b1aab957712863ca3bb86ce	2	2092d8f5ca1cbac1
0854ef1b4b1aab957712863ca3bb86ce	4	891185eb5d12735e
0854ef1b4b1aab957712863ca3bb86ce	6	5c34545d4afbc7d1
0854ef1b4b1aab957712863ca3bb86ce	10	fefcbbee344bf166
0854ef1b4b1aab957712863ca3bb86ce	20	c9e099f137098fa5
0855033e761d91ae367e867c5a569f9e	0	a057271c9071c99d
0855033e761d91ae367e867c5a569f9e	2	88697fbb403604f2
0855033e761d91ae367e867c5a569f9e	4	a479d19178b2ed48
0855033e761d91ae367e867c5a569f9e	6	a401dcdec69fee82
0855033e761d91ae367e867c5a569f9e	10	4165df5f0e3edd9f
0855033e761d91ae367e867c5a569f9e	20	52ee2dd2e9ee22d7
085792654d945c1de700245916f2c7f6	0	a057271c9071c99d
085792654d945c1de700245916f2c7f6	2	ffe71ecdcd6ed07f
085792654d945c1de700245916f2c7f6	4	d4fadd0f53e494ff
085792654d945c1de700245916f2c7f6	6	8ac4d637db4ef402
085792654d945c1de700245916f2c7f6	10	85c78274a137b1c3
085792654d945c1de700245916f2c7f6	20	48f0611dc2cdd8ce
085b8ebc423dcbd70eceaa04229cf5cd	0	a057271c9071c99d
085b8ebc423dcbd70eceaa04229cf5cd	2	426c91164434081e
085b8ebc423dcbd70eceaa04229cf5cd	4	b81e6ce83f8a78b9
085b8ebc423dcbd70eceaa04229cf5cd	6	805b386bd2106cc3
085b8ebc423dcbd70eceaa04229cf5cd	10	64ae55cbd179c40f
085b8ebc423dcbd70eceaa04229cf5cd	20	7a402817d592bc5a
085ede801f42d9729807245a96cf71ab	0	a057271c9071c99d
085ede801f42d9729807245a96cf71ab	2	27d723c79d60d90a
085ede801f42d9729807245a96cf71ab	4	11b701ef0a7610d0
085ede801f42d9729807245a96cf71ab	6	09e83a7429707a37
085ede801f42d9729807245a96cf71ab	10	c433ac2948aeb160
085ede801f42d9729807245a96cf71ab	20	5d98cd0ccdeca945
0861f15a38e3614dcc2220a20ed1e96b	0	a057271c9071c99d
0861f15a38e3614dcc2220a20ed1e96b	2	8dc44d64dd56cb57
0861f15a38e3614dcc2220a20ed1e96b	4	b1a9556296fd1f7c
0861f15a38e3614dcc2220a20ed1e96b	6	1e317e13258beeba
0861f15a38e3614dcc2220a20ed1e96b	10	9554e026ae3bd29b
0861f15a38e3614dcc2220a20ed1e96b	20	0cca6dfead4e2b01
086699aee5d37a1816b5afd81a1607dd	0	a057271c9071c99d
086699aee5d37a1816b5afd81a1607dd	2	fd44bf6e8faf1cb7
086699aee5d37a1816b5afd81a1607dd	4	4165e38061bce987
086699aee5d37a1816b5afd81a1607dd	6	f146cdb45c7c6a2e
086699aee5d37a1816b5afd81a1607dd	10	f58fa15059cb1250
086699aee5d37a1816b5afd81a1607dd	20	bc765bb3ff010256
0872cb17a6fd5afd67a85a7ad72ebcd4	0	a057271c9071c99d
0872cb17a6fd5afd67a85a7ad72ebcd4	2	d119ede324368ad3
0872cb17a6fd5afd67a85a7ad72ebcd4	4	002f7601c16a6e4a
0872cb17a6fd5afd67a85a7ad72ebcd4	6	6c7ffd38e20c830d
0872cb17a6fd5afd67a85a7ad72ebcd4	10	ef3cfdbf5cf53f70
0872cb17a6fd5afd67a85a7ad72ebcd4	20	87bc5b7573af52fb
08746660617e2a41bf03337d181e7719	0	a057271c9071c99d
08746660617e2a41bf03337d181e7719	2	1689f255abd3c672
08746660617e2a41bf03337d181e7719	4	2789b2c97f4bbb84
08746660617e2a41bf03337d181e7719	6	80974c8c1e39f375
08746660617e2a41bf03337d181e7719	10	50012d229380e4d0
08746660617e2a41bf03337d181e7719	20	2768ec547b9641ed
0876c518e5653369e20fb1ee0bb8db40	0	a057271c9071c99d
0876c518e5653369e20fb1ee0bb8db40	2	bb3dfdcd3cf37773
0876c518e5653369e20fb1ee0bb8db40	4	e531f84b7f4ed4f3
0876c518e5653369e20fb1ee0bb8db40	6	2018a4103981de9a
0876c518e5653369e20fb1ee0bb8db40	10	2324f3a2b8da9fb2
0876c518e5653369e20fb1ee0bb8db40	20	3396e6e4361a50a4
0877d9fd26eac8b48c93935689338acb	0	a057271c9071c99d
0877d9fd26eac8b48c93935689338acb	2	115c46123906d486
0877d9fd26eac8b48c93935689338acb	4	e56f174a96c7a708
0877d9fd26eac8b48c93935689338acb	6	e56f174a96c7a708
0877d9fd26eac8b48c93935689338acb	10	e56f174a96c7a708
0877d9fd26eac8b48c93935689338acb	20	e56f174a96c7a708
087904d57553076d5b9a1607315314ac	0	a057271c9071c99d
087904d57553076d5b9a1607315314ac	2	b7552618afd2f8ed
087904d57553076d5b9a1607315314ac	4	7fc495dac2b56ac1
087904d57553076d5b9a1607315314ac	6	8431eff03b70ebc7
087904d57553076d5b9a1607315314ac	10	NA
087904d57553076d5b9a1607315314ac	20	NA
087b4eb050ff793dc58a3d8e67c78928	0	a057271c9071c99d
087b4eb050ff793dc58a3d8e67c78928	2	31f2b99e162f8328
087b4eb050ff793dc58a3d8e67c78928	4	3d0a85c3eba39ce6
087b4eb050ff793dc58a3d8e67c78928	6	28abb888d7ffdf4f
087b4eb050ff793dc58a3d8e67c78928	10	3d329af53b832a7b
087b4eb050ff793dc58a3d8e67c78928	20	ce90233aaf64bb8e
087c98d833ae9f5e94593f10f825143b	0	a057271c9071c99d
087c98d833ae9f5e94593f10f825143b	2	39d9a9677606ca28
087c98d833ae9f5e94593f10f825143b	4	bf8bfc766c29a116
087c98d833ae9f5e94593f10f825143b	6	99f8e9fe0e7a79c5
087c98d833ae9f5e94593f10f825143b	10	013e6e944a3f5868
087c98d833ae9f5e94593f10f825143b	20	856a68297dcad2ad
087d747b5d4c1782d9bf4b8d12001441	0	a057271c9071c99d
087d747b5d4c1782d9bf4b8d12001441	2	a5e73d9c7137147b
087d747b5d4c1782d9bf4b8d12001441	4	4193b12a80c94fc6
087d747b5d4c1782d9bf4b8d12001441	6	b5b5c053e4d51e62
087d747b5d4c1782d9bf4b8d12001441	10	1284be4623b24daa
087d747b5d4c1782d9bf4b8d12001441	20	bf36dda9124b35b7
088779a0af750f81050c3eff80b6a83e	0	a057271c9071c99d
088779a0af750f81050c3eff80b6a83e	2	53b58df0925c3e81
088779a0af750f81050c3eff80b6a83e	4	04a60e965405bd69
088779a0af750f81050c3eff80b6a83e	6	cc13ecff538b66ad
088779a0af750f81050c3eff80b6a83e	10	5454a8b560a2db53
088779a0af750f81050c3eff80b6a83e	20	2ca4d5cd5a48a784
088b4f7d1968efe52c8609027b8ec908	0	a057271c9071c99d
088b4f7d1968efe52c8609027b8ec908	2	225a91e26fbee543
088b4f7d1968efe52c8609027b8ec908	4	1243d1d239e8c381
088b4f7d1968efe52c8609027b8ec908	6	311021e43238c3f4
088b4f7d1968efe52c8609027b8ec908	10	edd0c458fae1acf8
088b4f7d1968efe52c8609027b8ec908	20	2ccb931032de7515
088be8f2dd0eafbbf7c27171a83c325f	0	a057271c9071c99d
088be8f2dd0eafbbf7c27171a83c325f	2	c4e99a7e198b12e1
088be8f2dd0eafbbf7c27171a83c325f	4	d0de1b620e87a1f9
088be8f2dd0eafbbf7c27171a83c325f	6	51ccb18d2c3a4cc4
088be8f2dd0eafbbf7c27171a83c325f	10	233d84d0104c8d97
088be8f2dd0eafbbf7c27171a83c325f	20	4c9f645e97da2dcb
088c6214346611341f3b8386aad2a54d	0	a057271c9071c99d
088c6214346611341f3b8386aad2a54d	2	db39a86e530aef27
088c6214346611341f3b8386aad2a54d	4	fa6b5f155626acd8
088c6214346611341f3b8386aad2a54d	6	f578d91835887d1b
088c6214346611341f3b8386aad2a54d	10	22ed28fd27f10dba
088c6214346611341f3b8386aad2a54d	20	2f175d06c4356b8d
088ffd086f2d5e55553d5e79aa30aaf5	0	a057271c9071c99d
088ffd086f2d5e55553d5e79aa30aaf5	2	2672c7a7699f3be2
088ffd086f2d5e55553d5e79aa30aaf5	4	c7c4c6830a7f1357
088ffd086f2d5e55553d5e79aa30aaf5	6	55d467da0cae50b8
088ffd086f2d5e55553d5e79aa30aaf5	10	9a253f3e320467e0
088ffd086f2d5e55553d5e79aa30aaf5	20	e0ad5f2b66b2930d
089456508f74be2d96f4112cc495f80a	0	a057271c9071c99d
089456508f74be2d96f4112cc495f80a	2	356f64fc75406fd4
089456508f74be2d96f4112cc495f80a	4	26afcfbb6329e061
089456508f74be2d96f4112cc495f80a	6	d93f1b98ba5dba11
089456508f74be2d96f4112cc495f80a	10	d195f90a2b700ce4
089456508f74be2d96f4112cc495f80a	20	19b654a019966046
089556ebc4280793795053996bae2349	0	a057271c9071c99d
089556ebc4280793795053996bae2349	2	10ab57a518a453bf
089556ebc4280793795053996bae2349	4	64df748f930b649e
089556ebc4280793795053996bae2349	6	76a705ff592ac241
089556ebc4280793795053996bae2349	10	55f39e61ce0672be
089556ebc4280793795053996bae2349	20	82b61518599009f2
08976c104ef1a1efd7b95c7bbb3c3e23	0	a057271c9071c99d
08976c104ef1a1efd7b95c7bbb3c3e23	2	f6aaec29ff6e577d
08976c104ef1a1efd7b95c7bbb3c3e23	4	ded1478414fc63e2
08976c104ef1a1efd7b95c7bbb3c3e23	6	6187743df467cd5b
08976c104ef1a1efd7b95c7bbb3c3e23	10	fcbb1f29c4156dff
08976c104ef1a1efd7b95c7bbb3c3e23	20	1ceb9a6853abc545
08991fb6c7c45205df7f2bc2f51fb1d9	0	a057271c9071c99d
08991fb6c7c45205df7f2bc2f51fb1d9	2	387b899bec243f24
08991fb6c7c45205df7f2bc2f51fb1d9	4	4d67225953fba60b
08991fb6c7c45205df7f2bc2f51fb1d9	6	d57801161bce65ad
08991fb6c7c45205df7f2bc2f51fb1d9	10	c06f95b1e807034d
08991fb6c7c45205df7f2bc2f51fb1d9	20	dd1d5a72fd607453
089a76488a6965710a5f3743902fd41a	0	a057271c9071c99d
089a76488a6965710a5f3743902fd41a	2	50ddf1a5913776ac
089a76488a6965710a5f3743902fd41a	4	89cda07b6a933738
089a76488a6965710a5f3743902fd41a	6	3bdba61ff49fd1fc
089a76488a6965710a5f3743902fd41a	10	956dc1b62b183053
089a76488a6965710a5f3743902fd41a	20	05e6ba5b1336ce0f
089c0775c15f15ad5810c69bab91f31d	0	a057271c9071c99d
089c0775c15f15ad5810c69bab91f31d	2	fc92d4a3c77ba1f6
089c0775c15f15ad5810c69bab91f31d	4	3f3f07c8cd15ae48
089c0775c15f15ad5810c69bab91f31d	6	c035c1755937f5b8
089c0775c15f15ad5810c69bab91f31d	10	f88bebce99c32183
089c0775c15f15ad5810c69bab91f31d	20	a7ed27be7945539f
089ec06b35d6d5c89f2e47cf030aff36	0	a057271c9071c99d
089ec06b35d6d5c89f2e47cf030aff36	2	6b45822dc0776caf
089ec06b35d6d5c89f2e47cf030aff36	4	31fcb78c9dda932d
089ec06b35d6d5c89f2e47cf030aff36	6	7d9cf56dba454872
089ec06b35d6d5c89f2e47cf030aff36	10	d07802a3164e6142
089ec06b35d6d5c89f2e47cf030aff36	20	d62f59c85a674c11
089f909e37b3ef0c4d90687f7e22b68f	0	a057271c9071c99d
089f909e37b3ef0c4d90687f7e22b68f	2	161c16b37521ada7
089f909e37b3ef0c4d90687f7e22b68f	4	9638a5f1db1d5bc3
089f909e37b3ef0c4d90687f7e22b68f	6	ec486e45afbebf8d
089f909e37b3ef0c4d90687f7e22b68f	10	34f4f42e75670ced
089f909e37b3ef0c4d90687f7e22b68f	20	49d529b84b8fc251
089fb3a9b41e13d30852e8b023e39ed7	0	a057271c9071c99d
089fb3a9b41e13d30852e8b023e39ed7	2	b67c651a6b09046f
089fb3a9b41e13d30852e8b023e39ed7	4	eb7a9b97cf093b2a
089fb3a9b41e13d30852e8b023e39ed7	6	9d1b70f15b7e0993
089fb3a9b41e13d30852e8b023e39ed7	10	9554ed8ec12c41d5
089fb3a9b41e13d30852e8b023e39ed7	20	e72ad1e1f8577a97
08a0b2a5c263a20e058fe1d98b079a13	0	a057271c9071c99d
08a0b2a5c263a20e058fe1d98b079a13	2	97e0a9ba6abd0743
08a0b2a5c263a20e058fe1d98b079a13	4	01480341abdeab78
08a0b2a5c263a20e058fe1d98b079a13	6	dea335ce308ae3af
08a0b2a5c263a20e058fe1d98b079a13	10	c5f13c13007e0149
08a0b2a5c263a20e058fe1d98b079a13	20	51bb223ec76371af
08a25022c4136f2ceb36db62ce3503bb	0	a057271c9071c99d
08a25022c4136f2ceb36db62ce3503bb	2	58d112f4625c4dbe
08a25022c4136f2ceb36db62ce3503bb	4	301d50123b067956
08a25022c4136f2ceb36db62ce3503bb	6	08cd6e4aeea35822
08a25022c4136f2ceb36db62ce3503bb	10	97fd9a1e4dcc565c
08a25022c4136f2ceb36db62ce3503bb	20	5f9347dca6367e64
