ID	max_iters	hash
00063d88244921d6ec46aeab6866a8e2	6	90add37784b6aad5
00063d88244921d6ec46aeab6866a8e2	20	2013f536f71dca4e
00072cf107ae1349c8c59a15c5ce4af1	6	bcb8e1607a5b7e9b
00072cf107ae1349c8c59a15c5ce4af1	20	bcb8e1607a5b7e9b
00076733bdbce94d7e44eca84f1425f0	6	50fb3c0e85ed461e
00076733bdbce94d7e44eca84f1425f0	20	6f50cc1942891198
000781b7a545fe723159e53127aff659	6	91e7be44477af075
000781b7a545fe723159e53127aff659	20	a9e05ab697b69e7e
000a41cdca43be89ed62ea3abf2d0b64	6	fd8294e43b2e6469
000a41cdca43be89ed62ea3abf2d0b64	20	fe803449f1be6b6e
000e4e0db67e27083649c20a2a3f761b	6	ff6b2b8e181b4805
000e4e0db67e27083649c20a2a3f761b	20	ff6b2b8e181b4805
00107d84f57e2371476a7b2cabe0b351	6	f2fd1bccd63902a3
00107d84f57e2371476a7b2cabe0b351	20	53bd2c5000b8073e
001304ba2e4e8adbd179aa3d8acb697b	6	46b4947557c5b166
001304ba2e4e8adbd179aa3d8acb697b	20	46b4947557c5b166
001344c9b3cb1626af1c7c35155cf26a	6	48660e674c0c9052
001344c9b3cb1626af1c7c35155cf26a	20	39e4f26fcfa8d30b
0020aa0c69379226948904ad455b6c09	6	92cc0ba8835355d5
0020aa0c69379226948904ad455b6c09	20	92cc0ba8835355d5
00213e27dabcf679205144f3dde5d37e	6	02ee0a9e07cd8691
00213e27dabcf679205144f3dde5d37e	20	02ee0a9e07cd8691
0022f125b13bd7ccc91e793431c67a52	6	5626503a59165a62
0022f125b13bd7ccc91e793431c67a52	20	1fd00e44270287e3
0025a06f00f6e467f7cf4ef9e649b2a7	6	301fba0fa987274c
0025a06f00f6e467f7cf4ef9e649b2a7	20	8f8c701c2e2aff2d
00260e67c792062bc3e10e6b94522101	6	387b91cfc5f70274
00260e67c792062bc3e10e6b94522101	20	f9ed658d96703522
0026aaf8bbf2df73cb5db34a7b7a7a04	6	d27938437846686f
0026aaf8bbf2df73cb5db34a7b7a7a04	20	d8e1c3b757675d9c
00274d0721d26f867b2573377712cac9	6	e063661dd34d3603
00274d0721d26f867b2573377712cac9	20	adaa46e5caf5de35
00275f3018d50ba38867268739dfc44f	6	61d2fb9680d16eb6
00275f3018d50ba38867268739dfc44f	20	61d2fb9680d16eb6
002a0330958a14deb23dcc84b5489e8a	6	538d121983a6af45
002a0330958a14deb23dcc84b5489e8a	20	bb1be1bb853e0dc9
002bed2572e6e326815e674f288de8b4	6	c13e2de4b6dbaf40
002bed2572e6e326815e674f288de8b4	20	448cbd5042cf0e1c
003154fc91d34d29ec5cf93b0bc32143	6	eadb4918a54c9ad5
003154fc91d34d29ec5cf93b0bc32143	20	bcc614daada1950a
00316e383123773ae35d3210f5396205	6	d3f0c0352ea4f84c
00316e383123773ae35d3210f5396205	20	d3f0c0352ea4f84c
0033baadbd48d3f880e9b5a733bd4950	6	56ea4245f971022a
0033baadbd48d3f880e9b5a733bd4950	20	69f73fce02729b86
0035666407d4ccb5082630045d60a5fe	6	17bb06975225d0a7
0035666407d4ccb5082630045d60a5fe	20	17bb06975225d0a7
0038cea06eae4c3234b7bb65d9a8497c	6	cceb0dc8c31be57a
0038cea06eae4c3234b7bb65d9a8497c	20	cceb0dc8c31be57a
003a77d2aa15a5f93aa2cfe79b986c9e	6	e0234c4dc9a4be21
003a77d2aa15a5f93aa2cfe79b986c9e	20	f3a3b1164227fa20
003de2086be59a5fb7a7aaad0992cf47	6	f61e54b50dd2d65a
003de2086be59a5fb7a7aaad0992cf47	20	f61e54b50dd2d65a
003deabca05a76f3ee449221a80d8b62	6	3fc098d0694ae291
003deabca05a76f3ee449221a80d8b62	20	1bdf6595d8a376db
0041051c73dcdd885d412a38e8b09fba	6	3d1752c4767615ad
0041051c73dcdd885d412a38e8b09fba	20	77343e32db044360
0041f01bcd7d0d1f9541cea6da79ad57	6	ac2cdd62fcb15b11
0041f01bcd7d0d1f9541cea6da79ad57	20	ac2cdd62fcb15b11
0042a627dfba7daa62d6ce175540c8a2	6	cd2a5ed5f5ac5ef9
0042a627dfba7daa62d6ce175540c8a2	20	cd2a5ed5f5ac5ef9
0043cfdde474fa37dfeb5ce5952d22f6	6	00ef867882e6cf03
0043cfdde474fa37dfeb5ce5952d22f6	20	00ef867882e6cf03
0049919cdf9556bfda5bb365af72414c	6	3b28923e1e820740
0049919cdf9556bfda5bb365af72414c	20	4ced0abfe5c6833f
004b0f451f7d96f6a572e9e76360f51a	6	2507fa88cd652b4b
004b0f451f7d96f6a572e9e76360f51a	20	b31cd31649cc20db
005093e294b0ed0f7b23f341ff68968b	6	10c309c0cbda4508
005093e294b0ed0f7b23f341ff68968b	20	1945cf058fba07a1
00547b9476397463c8220560aeeea086	6	f411a1b87623a061
00547b9476397463c8220560aeeea086	20	3ffc4f1daffbf3d3
005522cf558f9b77ed345a289384e191	6	c8ebac3d151b7d30
005522cf558f9b77ed345a289384e191	20	c8ebac3d151b7d30
00597fb425e994af7a9d224ef4d09fc4	6	0e4a84c1cbf15170
00597fb425e994af7a9d224ef4d09fc4	20	7c95c88ac06485bd
0059d4b1cf79efbc6e6ed50caee0448e	6	fee3b9ae27bb0c7c
0059d4b1cf79efbc6e6ed50caee0448e	20	fee3b9ae27bb0c7c
005ccb378ced61c02105ed7ee0a62038	6	d818e98f182cd4a3
005ccb378ced61c02105ed7ee0a62038	20	d818e98f182cd4a3
005d76c0f37b33d8b752f7ebdd157a99	6	8ef953e7482261d6
005d76c0f37b33d8b752f7ebdd157a99	20	8ef953e7482261d6
00613b57720df18bec8d8dc68dc57a7b	6	a88d6c875fe23c14
00613b57720df18bec8d8dc68dc57a7b	20	0e8e7a462d51b430
006282ac3d0013b911249d14c326f53d	6	c51e8a61cc0bbc16
006282ac3d0013b911249d14c326f53d	20	d645824806883467
0062dc10471119b9e13da682216b190f	6	860de29a6a0df63e
0062dc10471119b9e13da682216b190f	20	978058658b26cc38
0064aa2e16c9d4b18d32a45d3073fce9	6	df901a5af518999d
0064aa2e16c9d4b18d32a45d3073fce9	20	1af0db401a1cffe8
0067d012901f358831afb6d6e5f83767	6	8c48962c8092fa61
0067d012901f358831afb6d6e5f83767	20	95533c1ef2de509a
006be0fb3ae0a75aac0e386c2e6c4669	6	6ac91768a64d52bd
006be0fb3ae0a75aac0e386c2e6c4669	20	37e0093cd39a98eb
006c57c6c09a6e4a4402f1dd264cab15	6	04dbdb9614d5f824
006c57c6c09a6e4a4402f1dd264cab15	20	2dc542cfa83bc3fd
006cc1f4e081e7fd96a50a2171792f21	6	4c78fe76848872c0
006cc1f4e081e7fd96a50a2171792f21	20	b030e9172816ed96
006da0e3f4ad5b1ecd3651e66dbea36d	6	f1372cacf6ed092b
006da0e3f4ad5b1ecd3651e66dbea36d	20	9dabed31d63d76d5
006dcf7e3d0fa7c39b0f542ad0ec949e	6	a8ed1030b033ab84
006dcf7e3d0fa7c39b0f542ad0ec949e	20	NA
006e293dfc476b21c246b963c6eb16b7	6	cd42706d787c9c5e
006e293dfc476b21c246b963c6eb16b7	20	1f5f44b7e665d456
0071b624d91ebe408b0585f8c4e34fd9	6	67539111b35ef2dd
0071b624d91ebe408b0585f8c4e34fd9	20	2dff9403ab5426c9
0072b0ce5c4ab8386763d10ef88f636e	6	89c866b0b5cdb258
0072b0ce5c4ab8386763d10ef88f636e	20	d1d8569ee2cc55be
0072b38614d34eb3c6ffc36aef13ee3a	6	e8172ead1a35c4ba
0072b38614d34eb3c6ffc36aef13ee3a	20	8d733bc1b0ef72b7
00784e1e1a9ae772aae7f33c1fa5fbe2	6	d1670b29c4fc26d5
00784e1e1a9ae772aae7f33c1fa5fbe2	20	d1670b29c4fc26d5
00847fca81490df01b9e239fd6027378	6	0095351785a0e052
00847fca81490df01b9e239fd6027378	20	89e7f6d87ef6d5b1
0085c7242003811caf4b7eff64022e55	6	fac5e52def834f4f
0085c7242003811caf4b7eff64022e55	20	bfa27b13627b7360
008d1f79eec2b7712637e48aec7a63cd	6	a473441f48d35bf1
008d1f79eec2b7712637e48aec7a63cd	20	4c6423e1ba2af473
008d78352c3d630340e6a3ef0d7242d7	6	19c5983da66d4f94
008d78352c3d630340e6a3ef0d7242d7	20	1393f8c0d3703994
008e7716c69009090ff6bd0048dc55f8	6	69904f6ef9664ad8
008e7716c69009090ff6bd0048dc55f8	20	8c9f6118085babc6
008fa3f37db9759dee825665e78e2e80	6	a0533c5cc1778ca9
008fa3f37db9759dee825665e78e2e80	20	e1aa53c7066b324a
0091ac9434f528a4007d82d2443d2dc9	6	08e4d032589a484b
0091ac9434f528a4007d82d2443d2dc9	20	08e4d032589a484b
0092f19206d4641caaa3a638914bee3f	6	b18ddc7d2420c117
0092f19206d4641caaa3a638914bee3f	20	1d657a4957117187
0094d44002500c187e3c2d07a13bee7c	6	0cb74d0bd9e652df
0094d44002500c187e3c2d07a13bee7c	20	0cb74d0bd9e652df
009a4a6c23299b864508393ee726625a	6	5d95387ce842a977
009a4a6c23299b864508393ee726625a	20	f7def5ed99fdd103
00a1604721e43896a93b5329e5b38af4	6	dcc7d76a6bf01006
00a1604721e43896a93b5329e5b38af4	20	1088cdd2dcd6fee4
00a30fb1c0150fe3d6692afd2b220887	6	a350e9de3b15db63
00a30fb1c0150fe3d6692afd2b220887	20	2f5ef180aa3b409a
00a62eb89afbf27e1addf8f5c437da9b	6	1e252c87f97a6c55
00a62eb89afbf27e1addf8f5c437da9b	20	4eb7be753746ab96
00a981f385cd209d41e1efa1f5f29bac	6	c495cd4f1e876427
00a981f385cd209d41e1efa1f5f29bac	20	6650ffb14e3395f8
00ae4072f9b57d5d3cfe8919aff1b776	6	fd5b194afa7b3760
00ae4072f9b57d5d3cfe8919aff1b776	20	747a82e729d112b4
00aec3b2e38968bf8a922709e2acfccd	6	7e45dd6b7e22cd44
00aec3b2e38968bf8a922709e2acfccd	20	7e45dd6b7e22cd44
00aefd1fc30c425075166ca051e57218	6	6c35c84933556740
00aefd1fc30c425075166ca051e57218	20	cd3e24167a467c28
00b1c27aee52d6dd9e112fa55d4cc1ca	6	ed6780f492ccad03
00b1c27aee52d6dd9e112fa55d4cc1ca	20	64c712debd50f0de
00b46ace235e3915a439c77a231a5657	6	b81a99f956392563
00b46ace235e3915a439c77a231a5657	20	1a5a7e833656f16a
00b9b467c26540853360491401da61a5	6	9096f5dfaee70b80
00b9b467c26540853360491401da61a5	20	6ef4bfbc54db79b9
00bb0b4ef28ed38c49de4c54b9fabc4d	6	ba9945e266409603
00bb0b4ef28ed38c49de4c54b9fabc4d	20	bdea06a0cdb2792f
00bbdbb1bc700e4c4ceb0d6e86e33c23	6	a69bf71b6a20a1c7
00bbdbb1bc700e4c4ceb0d6e86e33c23	20	a69bf71b6a20a1c7
00be4c67683c8edeca138279e13942cb	6	072f5edd88c6f588
00be4c67683c8edeca138279e13942cb	20	b449183f0b7072a2
00be590675417eba2bb2585790ac392d	6	0ae83b1bd75f56ae
00be590675417eba2bb2585790ac392d	20	0ae83b1bd75f56ae
00c4c1dfa04e7cd8b7abc80a4a4f7153	6	c3ae5994d3da7c13
00c4c1dfa04e7cd8b7abc80a4a4f7153	20	c3ae5994d3da7c13
00d0eef039aa1f9cf1cf2647a58fe313	6	b66a8336e3d998bd
00d0eef039aa1f9cf1cf2647a58fe313	20	b66a8336e3d998bd
00d1fe07ab948b348bb3fb423b1ef40d	6	68e08a09cf2659c7
00d1fe07ab948b348bb3fb423b1ef40d	20	94d66b02cba758f9
00d239e486137a4f7264adb4fb57d5ae	6	9d70be451d23844d
00d239e486137a4f7264adb4fb57d5ae	20	9d70be451d23844d
00d25e6106c5c09bb5d8d0f7eae7385a	6	d23ba24609706826
00d25e6106c5c09bb5d8d0f7eae7385a	20	a8893709fe518356
00d3338cd6cdfa099ff29f036c77d93d	6	6872504acb2fc062
00d3338cd6cdfa099ff29f036c77d93d	20	ca05daf8833c40bd
00d41fe5805aef9e2e3b63e1d9497edf	6	909d1861733ab9d9
00d41fe5805aef9e2e3b63e1d9497edf	20	d063f549f328b88f
00d46b1518fddf95bc8ba424e1b5b77d	6	603f4479d87b66cf
00d46b1518fddf95bc8ba424e1b5b77d	20	3e0db43a810d2b43
00d5f0932042a96518b03e6fd2feaf48	6	be78361c7b72d317
00d5f0932042a96518b03e6fd2feaf48	20	a78925ba035a29c7
00d74259dcca2176f1cd561f52bc0326	6	631aa608d98a053c
00d74259dcca2176f1cd561f52bc0326	20	631aa608d98a053c
00df199d465391a52fc37b87f81a957f	6	ec4fcca158f6141c
00df199d465391a52fc37b87f81a957f	20	ec4fcca158f6141c
00e010712b854966aa56caf9c9dc4696	6	2ec594c79fa8372c
00e010712b854966aa56caf9c9dc4696	20	5996dc45a51acf38
00e1e5a05ed04bcb437bd7fc57a88b7f	6	f7f34edf6802429c
00e1e5a05ed04bcb437bd7fc57a88b7f	20	f7f34edf6802429c
00e289099ea9bcef6a056a8c8ba8a3c0	6	faaf683908472b80
00e289099ea9bcef6a056a8c8ba8a3c0	20	e42feaf2a56a11d8
00e32767bee1894beb0b71867f279d36	6	436771051a4947aa
00e32767bee1894beb0b71867f279d36	20	d759dbf26e2e5fc3
00e45ab8a1baf16155af6e59c3df5dbb	6	ce7bcd407f700f10
00e45ab8a1baf16155af6e59c3df5dbb	20	ce7bcd407f700f10
00e5aac4701e62ae50c9f1504057fce8	6	c90bd32e4d541e7d
00e5aac4701e62ae50c9f1504057fce8	20	688a27c7fe142d4f
00e974264f8f9048b68c983f36643115	6	938e650f4faa91eb
00e974264f8f9048b68c983f36643115	20	fdeda8aa9e7457b3
00ec2992d59f85705eb8e1f4f1e01b3d	6	f6ea186625480a6c
00ec2992d59f85705eb8e1f4f1e01b3d	20	4f26eecdba0fe4ea
00ecd19c442956ff9a22584fd9bf439e	6	76c787aafe61e397
00ecd19c442956ff9a22584fd9bf439e	20	76c787aafe61e397
00ee79ac35e86f955a633d339777cfd5	6	58d2df71accbd0b8
00ee79ac35e86f955a633d339777cfd5	20	1957d9bf985296af
00f122e0bb11a9bf197002715699e204	6	61c6ba1694150a61
00f122e0bb11a9bf197002715699e204	20	b2f26302ad74801b
00f2eb377986e7decbc863931680a3b2	6	8d50b1e05456c578
00f2eb377986e7decbc863931680a3b2	20	1b2fa7563fd8ecbc
00f4aca773e5675f35263dcd46b15bde	6	24a69e57b1ef3f59
00f4aca773e5675f35263dcd46b15bde	20	24a69e57b1ef3f59
00f88a15e12e7b364077c33125a35547	6	9bfa36855e78b28a
00f88a15e12e7b364077c33125a35547	20	9bfa36855e78b28a
00f969737ba4338bd233cd3ed249bd55	6	8323c8162171530a
00f969737ba4338bd233cd3ed249bd55	20	8323c8162171530a
00fefbd32304db604a87910d187e8365	6	da47fc15f2d22b61
00fefbd32304db604a87910d187e8365	20	96efddd96d025a42
0101d013a916d903e8e618d7db1edbb3	6	95d7cfe861cf7349
0101d013a916d903e8e618d7db1edbb3	20	c3af0db422c813af
01077fa04638a98befd66bff16f4accd	6	d0d7b4d7edd0da88
01077fa04638a98befd66bff16f4accd	20	45941003c242e6c9
01079ada0aa5a4f3bf4bb131b807eb38	6	d86d37ab60c6d2e3
01079ada0aa5a4f3bf4bb131b807eb38	20	30cf306ae663c107
0107da33f8475f96dcaa3bd57e3cfb0f	6	ce7c79909c8f82ab
0107da33f8475f96dcaa3bd57e3cfb0f	20	ac738aed109e49be
0107f34364dfff8ab062193b2c71b4de	6	1f9094744f0472f5
0107f34364dfff8ab062193b2c71b4de	20	8e3f194f6101e975
01092687660de604975b7e75932607b7	6	f7c97ea1dced15ed
01092687660de604975b7e75932607b7	20	a2bc0f3d8761bbcc
010a035bfd273b17438896d04f47b4be	6	a2cea95cc1fcbca3
010a035bfd273b17438896d04f47b4be	20	7898a4f7915c1389
010c2e0ca6399116d206100ca14aa880	6	4cc958c8b4c48b39
010c2e0ca6399116d206100ca14aa880	20	4cc958c8b4c48b39
010c9d7a6e9e6cac63f110915d9dd56e	6	b7bb35800779257f
010c9d7a6e9e6cac63f110915d9dd56e	20	b7bb35800779257f
010eb724ccc815100d40bcc948f9c598	6	07b3ecdbfa0d660b
010eb724ccc815100d40bcc948f9c598	20	07b3ecdbfa0d660b
01135f7a79d555bd0406f00fac22cbe2	6	f6b2fcdb0a24abd1
01135f7a79d555bd0406f00fac22cbe2	20	681ec8d419f10424
01136f74588604a67b5e5950a2525129	6	f9357a933b680ff9
01136f74588604a67b5e5950a2525129	20	876cff9a099116dd
0113bc2aba73927ba3828baab15fb8c6	6	ecd97498a7cc5dd7
0113bc2aba73927ba3828baab15fb8c6	20	810b080cc5f51830
0114ad337fee86dfb02871d8a971b130	6	bf7a5dd196431697
0114ad337fee86dfb02871d8a971b130	20	dc0b3fe42dc186af
0119a8fe54c110d927344cd950a43671	6	79d208d824977a94
0119a8fe54c110d927344cd950a43671	20	141d7baa34a84529
01209700b6b45ca5fda7fbcb17765db1	6	1b73651c47bcd4e9
01209700b6b45ca5fda7fbcb17765db1	20	4d0914b1ba4cf058
0121f7a2adac25bb3f01fb841fdce55f	6	7d29a41f2408e538
0121f7a2adac25bb3f01fb841fdce55f	20	7d29a41f2408e538
01225987412b6f8423cc68be93385f6e	6	d69c2d5cb0b71861
01225987412b6f8423cc68be93385f6e	20	cc3bc9ec98af9b7e
01243b47967a3d012ea22e993355c833	6	2f6f3ba190887001
01243b47967a3d012ea22e993355c833	20	6ce6f97f2dc3bbb7
012a40c3c94a3f1701efa5e73611529c	6	a563074f35b00142
012a40c3c94a3f1701efa5e73611529c	20	a563074f35b00142
012e56e8b23c29cb222b64bdeb523409	6	328cf05d8cbb795b
012e56e8b23c29cb222b64bdeb523409	20	94deddc3211a9211
01363e6edd7b668dcd8706534c4e1f4f	6	ae82e0e81ed9ae68
01363e6edd7b668dcd8706534c4e1f4f	20	cc63d02e1e00588a
0136adb99bdca756b28f8aca2bf8a1b3	6	0a283e47058f7612
0136adb99bdca756b28f8aca2bf8a1b3	20	ba13d9603368fa83
013a51ccada51812061ed2d6504e23a5	6	61ce879745e477f9
013a51ccada51812061ed2d6504e23a5	20	61ce879745e477f9
013eb6c4963e5a4724c4b34599f0bb64	6	a652751b3360309b
013eb6c4963e5a4724c4b34599f0bb64	20	cac687914e59a0a4
013ed5a359706d5bc4ce7e2dac38bad8	6	dfd2bd7360a48508
013ed5a359706d5bc4ce7e2dac38bad8	20	db7119187097a332
0141b82b3d2a411d8c2168119e2d7452	6	5e0aacdddb0ebdc9
0141b82b3d2a411d8c2168119e2d7452	20	a947d0192ed9fb11
014a36afe8dfc0c7cd6098f66fb8756a	6	b8a6096cf4e1d640
014a36afe8dfc0c7cd6098f66fb8756a	20	b8a6096cf4e1d640
014eb73b695be1a41c61e15ca919f0f8	6	90db59058d53e157
014eb73b695be1a41c61e15ca919f0f8	20	f0224f45cf86257c
0151782431fa0ec1f855523721c52682	6	2478c364edba20ec
0151782431fa0ec1f855523721c52682	20	f15f213d41644ff0
0151bedac526ee195bc52e4134cd80e7	6	7d17fb353cd8792a
0151bedac526ee195bc52e4134cd80e7	20	1253abc05beab770
0151ced92d88d7b46424ccf1d26d7716	6	849fdbb66935dda7
0151ced92d88d7b46424ccf1d26d7716	20	8af9b56d75082a2c
0152ba35c2942027426ebe4a074f5fdf	6	9f102ab8a2a69246
0152ba35c2942027426ebe4a074f5fdf	20	c475844b896ff795
0152d286cde406747d179c36a95c2fdc	6	0123d75219a9dde8
0152d286cde406747d179c36a95c2fdc	20	f73715068afa56c8
0154182ac2508df34a7bf7120a368e70	6	5a03fbc00f2c7a41
0154182ac2508df34a7bf7120a368e70	20	459e530519131cfd
015a78f0b46546a98970be8f3101443c	6	56f7595cf46e04ad
015a78f0b46546a98970be8f3101443c	20	56f7595cf46e04ad
015a8c86d53869abb26f9dbe4a5f1e54	6	01a64023895a6801
015a8c86d53869abb26f9dbe4a5f1e54	20	01a64023895a6801
01653db16d6cedc27f5314d680efc055	6	6f84063581003533
01653db16d6cedc27f5314d680efc055	20	6f84063581003533
01657386753a1369dd286a3fee9062e4	6	3787e4c1b0acb1de
01657386753a1369dd286a3fee9062e4	20	3787e4c1b0acb1de
01665130994f549bc94ea4b1e91111cd	6	5253b0d061c31c90
01665130994f549bc94ea4b1e91111cd	20	5a42df834315f4e0
0167ead7da1e981805564ca981f64bea	6	19fa766396556eea
0167ead7da1e981805564ca981f64bea	20	3e68ed5adb5b7fd9
016ad2dcc5ac2bb3eb555f2a8a6e412b	6	10c4660b56a58283
016ad2dcc5ac2bb3eb555f2a8a6e412b	20	bc38dd2e06b12a33
016c52d4105ea384ade3644ab71415c4	6	f9aad0ecebb65c17
016c52d4105ea384ade3644ab71415c4	20	f9aad0ecebb65c17
016fa607917cff1ece5bd5c624a49491	6	69223c5e2923259f
016fa607917cff1ece5bd5c624a49491	20	d3f9a357079ddf62
0174593b6652936010405e3f4b6799c1	6	4c0108e7d2935861
0174593b6652936010405e3f4b6799c1	20	2824b792d21f16d5
0176764afff2ea9f16a90fec9a516ed2	6	d60bddaa73a1ff48
0176764afff2ea9f16a90fec9a516ed2	20	9298aff34ca80c18
0177419016ca9d3abad0c15998bdf72f	6	dbd562e5a1fa06a5
0177419016ca9d3abad0c15998bdf72f	20	7dbae09f55adb812
01796eb1fc5b82e2d36e60dacb631250	6	f20e31d9a54f60fa
01796eb1fc5b82e2d36e60dacb631250	20	12bd742004d024f7
017ba03ed108f492c9293c7c95e5cae9	6	e45943af3fbdb5e9
017ba03ed108f492c9293c7c95e5cae9	20	db9fcff4b6353459
017bba0f995e6d9921253e5a59521435	6	972bc6ced75dc631
017bba0f995e6d9921253e5a59521435	20	ed50964e6b0cb82a
017d217fc0568c83c47f2c35bb685481	6	4fdd58c248afc3f0
017d217fc0568c83c47f2c35bb685481	20	18e0d4ef090adf51
017fe0fa773f3213acb3fc70d12a0d5f	6	a6f273a00c2eeac8
017fe0fa773f3213acb3fc70d12a0d5f	20	75f1c0c06bf9dcdf
01813075a2ddb68ae1fc655ca003437e	6	22dbaacb2c541b71
01813075a2ddb68ae1fc655ca003437e	20	b0f47c2c49fb0033
01843a0195183ca14246a88bf7bad482	6	7c3796568c0b3881
01843a0195183ca14246a88bf7bad482	20	958d9d82d5bfa147
0184fc46a3e15163bf4f114a2689fe5c	6	a2c080f31e9f8bf4
0184fc46a3e15163bf4f114a2689fe5c	20	c6212e8d716d2064
018b45eea6e1db3dc076ce5650c1b33a	6	de9c1e7a364f28a7
018b45eea6e1db3dc076ce5650c1b33a	20	56b5cd03cd2d94a2
018baa8023b064875f9459bb4b164239	6	a50dfb6491f45562
018baa8023b064875f9459bb4b164239	20	3fe964a7e1118596
018e0d55855905e9914c4c1af52eea55	6	a8fb0a92e6e18650
018e0d55855905e9914c4c1af52eea55	20	a8fb0a92e6e18650
019044d2c20a2f868da3325a8392ae49	6	c07980d405c2c1f8
019044d2c20a2f868da3325a8392ae49	20	35f0f411d2fc6004
0191a0bf3412ed407ba669f8d69081ee	6	7be0fa41d0c38471
0191a0bf3412ed407ba669f8d69081ee	20	8ba218430eee0485
019312023ae44dd892cd3f62550aea6e	6	6783dff3a0e47910
019312023ae44dd892cd3f62550aea6e	20	6783dff3a0e47910
01933666e24a4fcb6240ce46b6160380	6	d99296d34a29e565
01933666e24a4fcb6240ce46b6160380	20	d99296d34a29e565
0193bb2b5b7c07ad179001c34a885f6c	6	131e801e83a210a9
0193bb2b5b7c07ad179001c34a885f6c	20	3900f3bee76947ca
01943b1d6f8e65a44e99f97da3236241	6	cde7e595dec87b1f
01943b1d6f8e65a44e99f97da3236241	20	dc32fea83f700727
0194a15658e15953f779d436681f1199	6	3b77753853e4310e
0194a15658e15953f779d436681f1199	20	3b77753853e4310e
01950351dd73990085d75e125b1551de	6	9a94a7d8f8d651d3
01950351dd73990085d75e125b1551de	20	eef8ffd8a0369256
0195cb8a6b36b6e6fe6b23365828e198	6	5762824b97694b77
0195cb8a6b36b6e6fe6b23365828e198	20	5762824b97694b77
01966a0fc52b2200a13f5f835275a919	6	a7599cb67d8ef5b6
01966a0fc52b2200a13f5f835275a919	20	a7599cb67d8ef5b6
01979ca4966cc363ec3caeebd8d3fc31	6	1719911e49d718b9
01979ca4966cc363ec3caeebd8d3fc31	20	94667d8d3c2d6eb1
019dc69c96737c3d62696c9acf3edf1b	6	5daab79d4c352ffe
019dc69c96737c3d62696c9acf3edf1b	20	ef71f726b1438307
01a160920ac2891c97339805cb3093b1	6	07b534dcee10f7a1
01a160920ac2891c97339805cb3093b1	20	41d274d94a2a8a28
01a2e098e96522a52a76c783a5b0b587	6	6ab7c12a238bd9ad
01a2e098e96522a52a76c783a5b0b587	20	7ef20c9343e5dc74
01a74343f618546e9ad2a60849140317	6	96a7c5ae8181be0e
01a74343f618546e9ad2a60849140317	20	fc0f0b00ddce2990
01a7a38902771cf5e7f37b7e0275b0fb	6	a5b0a4637a0bea1b
01a7a38902771cf5e7f37b7e0275b0fb	20	59946c3f1b984467
01a82297e8d8f68eeeb26329d1bf26c2	6	a5bda0c3a7d51dde
01a82297e8d8f68eeeb26329d1bf26c2	20	a5bda0c3a7d51dde
01af042093bf36119811b6e658e7a231	6	ba51f45b84e1b87c
01af042093bf36119811b6e658e7a231	20	907f3156b721e2bb
01b105afb0dcb7a28cfe775c98b6ee00	6	de08b53176353a73
01b105afb0dcb7a28cfe775c98b6ee00	20	b9600d32f918b538
01b4cb9b343aef8334f5d22e4d8f0380	6	b2c94cfd8db03ebd
01b4cb9b343aef8334f5d22e4d8f0380	20	cd53b6fc86519814
01bc467c0134087a88cb308e5fb259ec	6	166689d0756b8ca9
01bc467c0134087a88cb308e5fb259ec	20	90a27a0c07e3be22
01bc4d75a43a8293132d0be627341207	6	1f4df41cc378e77c
01bc4d75a43a8293132d0be627341207	20	68049fd6faabc734
01bd0865ab694bc71d80b7d285d5777d	6	92ce391a29ce4921
01bd0865ab694bc71d80b7d285d5777d	20	79c18cc56ce01438
01c09bcfbd1f9c2cf781d37abdfc7473	6	9b62f2730ba82a52
01c09bcfbd1f9c2cf781d37abdfc7473	20	fc92127399abeb5c
01c48559d4870a5f3216291060fbeb39	6	13c6cd5d0c79dc41
01c48559d4870a5f3216291060fbeb39	20	13c6cd5d0c79dc41
01c64036a1e08f96e79e92d72cb8626c	6	5cc5ad65037e710c
01c64036a1e08f96e79e92d72cb8626c	20	a160497adcaff876
01cced75cb378574bc849f76e909c94f	6	f0679d4f41190564
01cced75cb378574bc849f76e909c94f	20	f43f8313fb7d7adc
01cf0326d2ab46b71fe4e2eac97b2b18	6	0220372aeb8adc50
01cf0326d2ab46b71fe4e2eac97b2b18	20	8bdd2ba98a94efa1
01d037bf22a943430790eedd667f415e	6	f161b415eaad26f3
01d037bf22a943430790eedd667f415e	20	77f35881d59a135e
01d12e6a44b845def1455663b490d7cc	6	567499e61c724c44
01d12e6a44b845def1455663b490d7cc	20	567499e61c724c44
01d142c43f3ce9a8c5ef7a1ecdbb6cba	6	ee85c57e0b771b35
01d142c43f3ce9a8c5ef7a1ecdbb6cba	20	a998b65823700989
01d494c2afa4960a236bf8412e2bd08a	6	3e64c3f696314949
01d494c2afa4960a236bf8412e2bd08a	20	9311c9e09c53a58f
01d55a3ba267f6b2a2911c9239f2bd31	6	26e5af9f6f82cd53
01d55a3ba267f6b2a2911c9239f2bd31	20	810e1ed7f518a863
01d7029fd605b0f8aa31ce2260b9f874	6	9b9423ac72f08f3c
01d7029fd605b0f8aa31ce2260b9f874	20	d89664326cc696b9
01da0d23a7273b00c0252c1ca964444f	6	0491d9c58a0183c2
01da0d23a7273b00c0252c1ca964444f	20	0491d9c58a0183c2
01db0170c4c634550cc710a645093cfb	6	17864e863066d20b
01db0170c4c634550cc710a645093cfb	20	17864e863066d20b
01dd5feb463fa80f73809718f6ff735b	6	ca71aac68941dc23
01dd5feb463fa80f73809718f6ff735b	20	9d84be0c0d80623d
01df60e0a1690421fa6d8e73358af751	6	bede3a71e891439e
01df60e0a1690421fa6d8e73358af751	20	ad2b90d9c09e28f8
01e407c1be777e7a6bff6f69c871191e	6	a497d54411f5c589
01e407c1be777e7a6bff6f69c871191e	20	b44bf4d7720138b4
01e457295031b531787c8f092a9487f1	6	657e3b1be2aa76b0
01e457295031b531787c8f092a9487f1	20	e0c4ca3153680040
01e460fb1710367a663ab3f7274270db	6	020f985be466ece3
01e460fb1710367a663ab3f7274270db	20	0e5f4a5456e8778e
01e6b02d61a5105f4cc4d1275e4ee626	6	7407f4e66644b8e4
01e6b02d61a5105f4cc4d1275e4ee626	20	7407f4e66644b8e4
01e7e51d745a9ffd5d8c0d4be157a6ea	6	85977c2dcc3ccf24
01e7e51d745a9ffd5d8c0d4be157a6ea	20	85977c2dcc3ccf24
01efd93e498fa0aa8b15a225c0222824	6	e5095ea801c60fc3
01efd93e498fa0aa8b15a225c0222824	20	726f4dffd74d8bfb
01f6f378126fba702bfdca976b9ae406	6	9451d734666f872a
01f6f378126fba702bfdca976b9ae406	20	5dc2636d9d768caf
01fb606163f23f52d676aa4f46b4381a	6	ed60221e42a10b00
01fb606163f23f52d676aa4f46b4381a	20	ed60221e42a10b00
02009b14e291072e12a5b27dffdf5a7b	6	335ff0b100627a55
02009b14e291072e12a5b27dffdf5a7b	20	b17c035027a1cdfc
0202cc5d16223bceb61e66cc4d7168f7	6	2e0471603dd79824
0202cc5d16223bceb61e66cc4d7168f7	20	b1b4e5e3ff755a77
0202d973562cc1efd380b93faf711df3	6	e6fcf38b51b575e3
0202d973562cc1efd380b93faf711df3	20	e517e83cf3ddb38f
02039a75cd47093fce9f1af3ab61a5e8	6	664bfab8e6182bb5
02039a75cd47093fce9f1af3ab61a5e8	20	60946384218451d0
0205c97b33f228ca830b36156eae9bc9	6	0c9566714d7c66ed
0205c97b33f228ca830b36156eae9bc9	20	0c9566714d7c66ed
0205e0724a8a912dde9ad7dfba2aee0b	6	870d34a9bc645fe4
0205e0724a8a912dde9ad7dfba2aee0b	20	870d34a9bc645fe4
02066c116dbacc40ec5cca2067db26c0	6	dddd3b7f35697f39
02066c116dbacc40ec5cca2067db26c0	20	bafbc6fa90240b41
020bb8e3ad83c3e377648b6103c6fb4a	6	d6671bc8569748f3
020bb8e3ad83c3e377648b6103c6fb4a	20	77377a5e96143ac5
020c63aa1ae5c6fe7aeb8e2fbef99a3c	6	fc161abd9a38ca34
020c63aa1ae5c6fe7aeb8e2fbef99a3c	20	4555e67d5ac4a4af
021331d523ad3092616ff99cf0c6c355	6	ab19ca76c520eefa
021331d523ad3092616ff99cf0c6c355	20	5ef1f18926a8b28e
021686368317a35103f1f671f783d958	6	c4569e7ea4c883c9
021686368317a35103f1f671f783d958	20	bed70a866c22ad78
0216f9d35f2b695b904fffb312e3e611	6	81f5ae84d27d1bcc
0216f9d35f2b695b904fffb312e3e611	20	dad7475417a3a6b9
02189c82c0395b9968ecb32895bc73c2	6	1969c91353108f65
02189c82c0395b9968ecb32895bc73c2	20	1969c91353108f65
02197ec055ea06c347bf1c6ceb6facf7	6	05af2eebb46a3f9c
02197ec055ea06c347bf1c6ceb6facf7	20	47afbc4d3507013c
02223564bd2f5c20768e63cf28c785e3	6	1b8c197a0dd3469e
02223564bd2f5c20768e63cf28c785e3	20	33cd4d204e93f81f
02257f12aa71e6622d2bf4d0f7111ebf	6	9eca43d661a8c100
02257f12aa71e6622d2bf4d0f7111ebf	20	044ceac11d2f10aa
0225fa9581c622e5abbc8497a97edf4e	6	1f549a2a48c2daee
0225fa9581c622e5abbc8497a97edf4e	20	1f549a2a48c2daee
0227c865edaeda75e13eea36d57b7eed	6	929e46dd8bbd6c17
0227c865edaeda75e13eea36d57b7eed	20	5de16ba4623da7ac
022b841952d37f0d6a0d050c9b4b0071	6	4e02a4f803a92771
022b841952d37f0d6a0d050c9b4b0071	20	11dbd038aba7d28a
022d902dc901cc9dbcb9e9af8b6728e2	6	e31b8fb11578c3d4
022d902dc901cc9dbcb9e9af8b6728e2	20	cdaa94f0787d7b09
022d99ed11a6bbad03a8d07be558411b	6	db5b4dd48075883a
022d99ed11a6bbad03a8d07be558411b	20	ecc07f1f22d3dc23
022dc7e9935f3570c088db58bd84b2c6	6	138d8928d75059a3
022dc7e9935f3570c088db58bd84b2c6	20	afe1abf679b7cda0
022e05157f3057a9888a85eb94a26d3a	6	bf8253fbc6728956
022e05157f3057a9888a85eb94a26d3a	20	bf8253fbc6728956
022fd6b1d5a66e11de5fdb58d51db99c	6	8ca9b5c2a8a99c76
022fd6b1d5a66e11de5fdb58d51db99c	20	8ca9b5c2a8a99c76
0230774d18baa0fb8e3267dcac0014f3	6	afe76a3f25173dd4
0230774d18baa0fb8e3267dcac0014f3	20	062ce6caafe69f6d
0232a4f59601e7a78fa29e06d5091764	6	70c6aea5763928eb
0232a4f59601e7a78fa29e06d5091764	20	a8daabd1350882ad
02393be00525d205cbe0b6ca8ed22f48	6	05026fbc68d9d07d
02393be00525d205cbe0b6ca8ed22f48	20	05026fbc68d9d07d
023e522c9160d4d1584c5ce1a6ce48d1	6	01363fa12c32e7e0
023e522c9160d4d1584c5ce1a6ce48d1	20	01363fa12c32e7e0
02404a08ea36dd43362bbddc578c839d	6	d0abbe81039bd0f6
02404a08ea36dd43362bbddc578c839d	20	d1b0a138aa056d8d
0240f5bddc39ad2f0a786c811fc434a8	6	129a07361338ceb5
0240f5bddc39ad2f0a786c811fc434a8	20	399b73f180d5497d
0241f35c5752768d2b0580533d143a14	6	30c84f3137e148ea
0241f35c5752768d2b0580533d143a14	20	5491179ac2a592ba
0246c609c3a0f893028313b2291dac7c	6	67dce471990af683
0246c609c3a0f893028313b2291dac7c	20	e6a30b3581d2f377
024750eb1d45dbe3c081ff3372fff5be	6	476c622b41df8f1e
024750eb1d45dbe3c081ff3372fff5be	20	48f4694875d26fe5
024af9416f8c1dad1b4f974757e38d51	6	aceeb305e63bda46
024af9416f8c1dad1b4f974757e38d51	20	0ea1c3e050341bc4
024bff5f92c610e530b3756f2ccb037d	6	7104e65189406a0c
024bff5f92c610e530b3756f2ccb037d	20	41c69624fce55d06
024d71cebfe2f5c3b574e2482b2c7b66	6	ee21312b762920d9
024d71cebfe2f5c3b574e2482b2c7b66	20	ee21312b762920d9
024ea469a7c368eadf441544cae9f90c	6	08d824d49de258b9
024ea469a7c368eadf441544cae9f90c	20	d15f042bd3e90b19
02505bcdae17368b0b44efe673160eda	6	38a14f1293d721a7
02505bcdae17368b0b44efe673160eda	20	b29ae30068f7182a
0257941d88a81ef2839a94587d03e87f	6	718238385c142101
0257941d88a81ef2839a94587d03e87f	20	3a2af3c1ca23ec5f
025890af6c6f91ea4e405dbccab6be90	6	600ce7b3d5efbc33
025890af6c6f91ea4e405dbccab6be90	20	ef4fcce2fd839953
025b05bcc900fa8e2675ba23c6e6d454	6	c79e116ae9101601
025b05bcc900fa8e2675ba23c6e6d454	20	25c06cb1da9bdf20
025b4355cf82995a0c901b109bb2be55	6	55101d2f8b099fac
025b4355cf82995a0c901b109bb2be55	20	8c25a708dd28c786
025fe6b9b2e74c53011badb9f2c79976	6	fb3792884391586a
025fe6b9b2e74c53011badb9f2c79976	20	ffb939789449c797
02609dfe236c0c2beeac79e61cbe6151	6	04b889589b9a6fb0
02609dfe236c0c2beeac79e61cbe6151	20	484bbb6151dd6c16
0261b44c278c36459061c368aa00575a	6	a4b0fbc7186a8f0f
0261b44c278c36459061c368aa00575a	20	e3a08b5e70be7182
02627689047d06fbb642eef14768d751	6	07c8f561f490098e
02627689047d06fbb642eef14768d751	20	642ad345b7c8ff9b
0262e0507796703aeed95b8eb6346828	6	c599a07806ccd4af
0262e0507796703aeed95b8eb6346828	20	876eea62e22078cb
0265448c232e3a25aa5bcd29b1b14567	6	ce2365d7be8588dc
0265448c232e3a25aa5bcd29b1b14567	20	ce2365d7be8588dc
026697efcbda72c2263c11b12cd22677	6	25ee25da6223524a
026697efcbda72c2263c11b12cd22677	20	45a3536c165cfe1c
026c28cff76457b2fa8eba99520a0f9a	6	e96007ce98cc7a0e
026c28cff76457b2fa8eba99520a0f9a	20	e96007ce98cc7a0e
026d5d5889dc62956ad30fa3a6ed61e4	6	b4231741e3e8cfc5
026d5d5889dc62956ad30fa3a6ed61e4	20	85a7ae777f80ce69
0272edf70e38a36b32b924ceb16c7156	6	691365d2a0c45e3e
0272edf70e38a36b32b924ceb16c7156	20	595ea27032453f66
027330866147a897c5c9b5d4d47d28cb	6	de1cfc7074a0713b
027330866147a897c5c9b5d4d47d28cb	20	8e7f9f553eca74f4
0275407378707ad9eed2f8b30386a789	6	bc44dd1ff35af95b
0275407378707ad9eed2f8b30386a789	20	c3e29f5e679060f5
027761d107a7927810afd569bfd81a4e	6	06b7b1705a764503
027761d107a7927810afd569bfd81a4e	20	06b7b1705a764503
0278eee117c3821771e2d18d710a89ad	6	ead37aa4fc2552f5
0278eee117c3821771e2d18d710a89ad	20	f8af93bf32fefd0d
027b35979bc619b89cad395d958b3270	6	2874686a011bfc5f
027b35979bc619b89cad395d958b3270	20	8747719e3ebd40d0
027dd75e80e8fd4374ed8eec187f956a	6	da15eeb5f284fe47
027dd75e80e8fd4374ed8eec187f956a	20	0203f7e974c1e194
0286e90d6f0176c6f49ca4b6d0c08dff	6	f6098deea992177a
0286e90d6f0176c6f49ca4b6d0c08dff	20	851ca52a342f0960
028d0cc7af63e9bba5795f20e24db4f6	6	5fa79fcd746d2845
028d0cc7af63e9bba5795f20e24db4f6	20	9627738009e8d2eb
028d1cef617dc62904ce9a7718081d4b	6	00b669e711c7b708
028d1cef617dc62904ce9a7718081d4b	20	2059a53195f33ba4
0291268a34c2d681dbed04f2c169fa9f	6	1b1e58d6926050b9
0291268a34c2d681dbed04f2c169fa9f	20	NA
0294158664d9ada36bd23fbb652cb823	6	7131e3e549ec366d
0294158664d9ada36bd23fbb652cb823	20	d8facc74e0c6403c
029769d31380aed4e9915d27c73d18d6	6	b67a1817029607f1
029769d31380aed4e9915d27c73d18d6	20	385042dcce7921b8
0297c2a35f116ffd5382aea5b421e6df	6	24dd32554f4d009f
0297c2a35f116ffd5382aea5b421e6df	20	24dd32554f4d009f
0299da6b2088736e46a6ebf067804596	6	2bf5259be53adfa6
0299da6b2088736e46a6ebf067804596	20	2bf5259be53adfa6
029a78f54a28bab5de0ac9ea07823e74	6	cad22b2f67b61d3f
029a78f54a28bab5de0ac9ea07823e74	20	d1da4b4257ce9ad5
029cf5345cbde37e75d11fe7c9f07ded	6	a0347255a57bce9c
029cf5345cbde37e75d11fe7c9f07ded	20	abb0bb51a6d7cc17
029ef821bff942b1be483e35b4256d79	6	27fbe591da000521
029ef821bff942b1be483e35b4256d79	20	27fbe591da000521
029f943a34e4b12fa59c6a3664e481bb	6	7fa8006048162721
029f943a34e4b12fa59c6a3664e481bb	20	868747577816ee93
02a5d44d0559dc046e591dd8c10f2c10	6	02fc39388e291ecb
02a5d44d0559dc046e591dd8c10f2c10	20	5e171dbce9aa2972
02aa8df7d5f231c1fa8c138bf71881b8	6	f8522b5158e7e280
02aa8df7d5f231c1fa8c138bf71881b8	20	f8522b5158e7e280
02aab5b634bc3b1de8567a15f468dd53	6	b96922ffadda6bb4
02aab5b634bc3b1de8567a15f468dd53	20	3e79fa9fa6acf5a8
02abb73bd8e7095a9f18f82d8239eb97	6	f8ae2d8a1229d04a
02abb73bd8e7095a9f18f82d8239eb97	20	f8ae2d8a1229d04a
02ad1665470545464a4d28a0d4b94570	6	8879595ee8826eac
02ad1665470545464a4d28a0d4b94570	20	8cb132656de7cfd9
02ad294c09a41578dac649a64b6aadd6	6	643b5ca0a6c1e521
02ad294c09a41578dac649a64b6aadd6	20	643b5ca0a6c1e521
02ae49a7f45355f52f90208a8ba5164d	6	01a41401fb337f7f
02ae49a7f45355f52f90208a8ba5164d	20	2f1d527d86a43a78
02ae8832f0c2821eef1e72d3df540a22	6	425795796e5acd8c
02ae8832f0c2821eef1e72d3df540a22	20	5278097da013be52
02b0ba33fc854c843c151f951be44010	6	e95396f8f008bf38
02b0ba33fc854c843c151f951be44010	20	b4af2beee8e6a068
02b385a378c232c0671c7ccae533ddfb	6	94096e7c2deaa44d
02b385a378c232c0671c7ccae533ddfb	20	d8ebd5a1ed62c8dd
02b3ef3c69fd77ed8ef830f4256b0022	6	5aa94257be6d78bb
02b3ef3c69fd77ed8ef830f4256b0022	20	744618198eb5b671
02b60dfe8004125530bfd1b4d055dc6b	6	5e912d347d2c331e
02b60dfe8004125530bfd1b4d055dc6b	20	3e435a482fb5f0c3
02b69d0e5c2b68d5c3d650164b6c277d	6	6841038a97812e2b
02b69d0e5c2b68d5c3d650164b6c277d	20	571d404d46edcc41
02bc149bbe801807912f651c7bad3e74	6	26e7e00c1c4a8c90
02bc149bbe801807912f651c7bad3e74	20	26e7e00c1c4a8c90
02c18b0862662b066404f55c815e459b	6	d69c7744faeb6c60
02c18b0862662b066404f55c815e459b	20	588ceb8f30f3794b
02c1c6307289afd9f6ac81979b251df2	6	9258534531163508
02c1c6307289afd9f6ac81979b251df2	20	41f5d3f10b3e40b0
02c1d1c6fb0c6558032f7b5f115702cf	6	6788d8e0a9af2a9c
02c1d1c6fb0c6558032f7b5f115702cf	20	8275023e3b4497f9
02c23ebafea72bcb7135ab806aa3e1a6	6	6a8e14280ab6adc8
02c23ebafea72bcb7135ab806aa3e1a6	20	de93d19ce9759f0f
02c3dfc0e9c16c69a66b5b7412e512ef	6	812ecc021277baaa
02c3dfc0e9c16c69a66b5b7412e512ef	20	8a0f597b3506ebe3
02c3f1d24074cba45a64d0b4b5aa0238	6	7bafa9dd7b402b2a
02c3f1d24074cba45a64d0b4b5aa0238	20	74bc60d56e527d45
02c6fe8483e4f4474b7ac9731772535d	6	e53790ae078b3e3c
02c6fe8483e4f4474b7ac9731772535d	20	aa7cdc14f78fd435
02cba4bd89eb7ecbf0f063c4c4fef7d6	6	809ae6a17cedeca7
02cba4bd89eb7ecbf0f063c4c4fef7d6	20	809ae6a17cedeca7
02ce47de081045ece3d651b805235346	6	81f119cd382d6fc2
02ce47de081045ece3d651b805235346	20	81f119cd382d6fc2
02cf287a41c2cc7a79c682495df002d4	6	79891744bfc9115b
02cf287a41c2cc7a79c682495df002d4	20	9735184143c80a94
02cf500db31aa951989bf4947d9165e5	6	dc4b7d78e14c4215
02cf500db31aa951989bf4947d9165e5	20	eef7ca47d19a19bc
02cfa5a71b5c89a1b10b5f5a5221ed05	6	fe40e1cb577bda68
02cfa5a71b5c89a1b10b5f5a5221ed05	20	0a162df7ef80f0bc
02cff9bea08ed95b701d23e743e2ce13	6	3430a160d04985ae
02cff9bea08ed95b701d23e743e2ce13	20	3430a160d04985ae
02d15c71f00ba4808c8efff0ed6d71ce	6	7a78270c15476449
02d15c71f00ba4808c8efff0ed6d71ce	20	59fd5d825fa278d0
02d4f72ae5dd9be8edcd3bff7e63f8ad	6	126af672f3391728
02d4f72ae5dd9be8edcd3bff7e63f8ad	20	93fe7415de246aab
02d8847ee38504792705d794eb93e9a7	6	06dacace38adffdd
02d8847ee38504792705d794eb93e9a7	20	e411820e213016a0
02d8ce98d8be14b6cb115dd4752d7c09	6	839417a555818c29
02d8ce98d8be14b6cb115dd4752d7c09	20	839417a555818c29
02da8e9305ee7b4ad33c348f46afebea	6	d713d8fb20f25551
02da8e9305ee7b4ad33c348f46afebea	20	d713d8fb20f25551
02de69784e1bd36ed3ac1a0a7371fad0	6	4d04749ff4d02e44
02de69784e1bd36ed3ac1a0a7371fad0	20	b41de031597fbb14
02e336c79a69ddf2e868232321abd154	6	f900aafad3e1da02
02e336c79a69ddf2e868232321abd154	20	c50cb2f7ffff202a
02e4f23ed59566d343b605dc2cc30a01	6	92d2a59e6e770560
02e4f23ed59566d343b605dc2cc30a01	20	da551e26276efa07
02e781d6f1761a8135a599de8c34bc88	6	710ac44878a18697
02e781d6f1761a8135a599de8c34bc88	20	71204ce182f83138
02ee4550987a8545d00d0ad14d4b215c	6	72e209f23381d0e7
02ee4550987a8545d00d0ad14d4b215c	20	dfb8613a8731025a
02eef920cd1aab9ef3492fe27bf515c4	6	55983061ca76b879
02eef920cd1aab9ef3492fe27bf515c4	20	1b22d6bcb64980ed
02eff2cc9db1e6abe53e55e9e3f5277f	6	606e338cc9f139c4
02eff2cc9db1e6abe53e55e9e3f5277f	20	606e338cc9f139c4
02f019f0a4040c0f9b52cd910997a362	6	c28e6822ac9ce38a
02f019f0a4040c0f9b52cd910997a362	20	00377690ca456664
02f2343e32f9070f149708d77556b4aa	6	dad4385736be9690
02f2343e32f9070f149708d77556b4aa	20	1fd057b8a45b693a
02f3a178829aa3838b2ad9a14f986913	6	d4147c74d7d65d7d
02f3a178829aa3838b2ad9a14f986913	20	7c4db0307aaaa92a
02f3e7cd5ffb56be6f619896a40fd628	6	d3a148ab74dc7a76
02f3e7cd5ffb56be6f619896a40fd628	20	d3a148ab74dc7a76
02f6ca52f1ada872d82035088701b66a	6	e3a71d1963682df6
02f6ca52f1ada872d82035088701b66a	20	b84c2511e3de7e3c
02fe323166b147f507e045f04062854d	6	b99661e31ba63129
02fe323166b147f507e045f04062854d	20	e3f7043662d99bcd
02ff9a8d99be52af14523c433e6caff4	6	d58661d244629305
02ff9a8d99be52af14523c433e6caff4	20	d58661d244629305
0300d80a6c897c389a07ee4bcf3e926c	6	81fc269eea054dde
0300d80a6c897c389a07ee4bcf3e926c	20	81fc269eea054dde
03041657b7177746724b819433c83b20	6	6c386bdf1755508b
03041657b7177746724b819433c83b20	20	6ec2be6827c66ed0
03083b81684212efcf3f415df0127130	6	91c148abf4ef0e58
03083b81684212efcf3f415df0127130	20	dadfb78d94124bdf
0309535f129965796de4193e1605bfa9	6	796aee5e9aed4533
0309535f129965796de4193e1605bfa9	20	ddfd05c9686f31f1
0309ea422084568c2b4df13b32094380	6	27bc13a35ffdd1c2
0309ea422084568c2b4df13b32094380	20	27bc13a35ffdd1c2
030ae49b1ccd2bdce8a35ae95997bdca	6	78e76d57f7c0a648
030ae49b1ccd2bdce8a35ae95997bdca	20	ceac580d43b31e75
030f36e3ef0e56533706d6c1b4fd31e1	6	4416e3c69a413a01
030f36e3ef0e56533706d6c1b4fd31e1	20	67641969bd50a9b5
0313ef9736992ac0bef42713aedf8a1f	6	d88a9782b17438de
0313ef9736992ac0bef42713aedf8a1f	20	d88a9782b17438de
0316093cadcfd18a4e30b7974e62fecd	6	7471f5cbc8333da0
0316093cadcfd18a4e30b7974e62fecd	20	7471f5cbc8333da0
031757c0a6797eddf3e84bcefbbdb753	6	ed875e0bafc3f09b
031757c0a6797eddf3e84bcefbbdb753	20	13cdbc66931541a7
031a9d2143b30c6682f1f8fe23526804	6	e7c9d26796890578
031a9d2143b30c6682f1f8fe23526804	20	342594d3409c0ca2
031c116d206f65d7c267d30108cd00a0	6	c4285765c53909cb
031c116d206f65d7c267d30108cd00a0	20	c1df6a150a334e22
031c99d72be38eedacc8b402784e9821	6	bddd36672f6c937d
031c99d72be38eedacc8b402784e9821	20	1851306c542c6714
031daf860acbce867db7559c74bb1c60	6	885d3fc42fdbf638
031daf860acbce867db7559c74bb1c60	20	c8af3317b10765c6
031f2533749fafff58983d342f8c7ee3	6	d0d898b4ef200003
031f2533749fafff58983d342f8c7ee3	20	338f09e79616cf9b
0320af21bba8b8cd940a95277377803d	6	39e3535c33b3895d
0320af21bba8b8cd940a95277377803d	20	39e3535c33b3895d
032117a0ac42531420174f9b1234b6de	6	93b160ef97c12a5f
032117a0ac42531420174f9b1234b6de	20	7a51bb20ac0c23e5
0321654854668173ef9983b879622722	6	d755fd14fa09ced2
0321654854668173ef9983b879622722	20	dc153b82b5b08247
032172c44f98289cf10e06ffeaf7745b	6	a5803d8bb3c52880
032172c44f98289cf10e06ffeaf7745b	20	ebf49d127a1111f6
0325f5bdfff16d1756f786bfdccd2d26	6	6f8c71cfb402f7ae
0325f5bdfff16d1756f786bfdccd2d26	20	cd717b82e3e15be7
0327aa4bd6b07b94d14e53efc57d0d00	6	3974155f306174ac
0327aa4bd6b07b94d14e53efc57d0d00	20	0f1c85c5a903f26a
032941f5f28c9ac53fa1c80d35f3206f	6	a854e345f403e105
032941f5f28c9ac53fa1c80d35f3206f	20	8d66e7df41e10a87
03332c1d032fcd09f91254199387215a	6	d243fc860b42f8e5
03332c1d032fcd09f91254199387215a	20	7f1ab78903926c41
033560dbd1b4d3545b4b40ef90aaaa29	6	8ecea8020ecd39be
033560dbd1b4d3545b4b40ef90aaaa29	20	37079b1c97d28c1c
0336f81b60baac5b8f481dd3c32861a5	6	6f6b7be9e5fc0e9d
0336f81b60baac5b8f481dd3c32861a5	20	838e2ed1d81763bb
033743e540b7f6e2114a3e6981558795	6	a6d504d4597d51aa
033743e540b7f6e2114a3e6981558795	20	ff5306c9e6360cd7
03385e315b37cbb189ab45f90acf5af0	6	cceb0dc8c31be57a
03385e315b37cbb189ab45f90acf5af0	20	cceb0dc8c31be57a
033b0be3724bb9a94ffbce3d0901db59	6	5e44580858756ba4
033b0be3724bb9a94ffbce3d0901db59	20	5e44580858756ba4
033bdaf71d51a1645014a54ea614312f	6	bb3aba389142922a
033bdaf71d51a1645014a54ea614312f	20	9fac096c91085331
033d611722714d5206cc0184479e92e2	6	3d96eb95ddb181c1
033d611722714d5206cc0184479e92e2	20	3d96eb95ddb181c1
033f38da07bdbbad4763eaf1fe97ce37	6	0ecd1f1243096255
033f38da07bdbbad4763eaf1fe97ce37	20	716739af5402894e
034619cf0ad20017ed9dd5f88caacae6	6	76d0e89fc1aa1d3b
034619cf0ad20017ed9dd5f88caacae6	20	76d0e89fc1aa1d3b
0346be00d2d7d3393d134d8be1138c45	6	cb9758bb773d8dfe
0346be00d2d7d3393d134d8be1138c45	20	cb9758bb773d8dfe
03475e329b9fbc8246a09a4f888f9023	6	55660c63a6290d98
03475e329b9fbc8246a09a4f888f9023	20	55660c63a6290d98
0350d0a0f0922b1184d3183ae3d58f4b	6	e45790817fe8e094
0350d0a0f0922b1184d3183ae3d58f4b	20	4f4af9c67cadb6c0
0358188e041daccdd2fad07e1188f28c	6	60dfd43976ad7407
0358188e041daccdd2fad07e1188f28c	20	60dfd43976ad7407
0359596347daa117da50950748bc06d1	6	830ddabde9c343f0
0359596347daa117da50950748bc06d1	20	41929028e829f043
035c200bbf0a783e4ec9656cfa9b2f68	6	6f88f53ac24cabe0
035c200bbf0a783e4ec9656cfa9b2f68	20	6f88f53ac24cabe0
035c23ef8339c6d16ecd45601af8a589	6	c20ff1dd25e0cf6e
035c23ef8339c6d16ecd45601af8a589	20	92969475639a0331
036126151ea302c37e340f6552777678	6	04b3360590829d96
036126151ea302c37e340f6552777678	20	658d4cd08c675a98
03645a35cda06bab02dd280017fa8c3f	6	9b7073f840dda00a
03645a35cda06bab02dd280017fa8c3f	20	9b7073f840dda00a
0365db8065a89550e1ba73d86ec48cc2	6	bf6407b43c59970b
0365db8065a89550e1ba73d86ec48cc2	20	bf6407b43c59970b
0369497a41c3914b796cb81e64dd2e55	6	7c8097f4ff0b58ec
0369497a41c3914b796cb81e64dd2e55	20	cff2f977909a5a0d
0369d8788498fe92e8337f326a929367	6	e3637a408b7bdfcd
0369d8788498fe92e8337f326a929367	20	e3637a408b7bdfcd
036b541db9d0839b0591d408ff4f77ae	6	c356ee202c82d801
036b541db9d0839b0591d408ff4f77ae	20	138b54c2ce3e69a7
036bb9f40335cf9c6bb167e8c3703926	6	fa468c6cc7f2642f
036bb9f40335cf9c6bb167e8c3703926	20	fa468c6cc7f2642f
036bbc647cdc27d4ca455cd3cf311262	6	27fbb2b5cb963aaa
036bbc647cdc27d4ca455cd3cf311262	20	bbce4f798781a67f
037030471a83c04cf17c7cdbc8236e83	6	ca2cdb8614dd220a
037030471a83c04cf17c7cdbc8236e83	20	ca2cdb8614dd220a
0379936c75c225f1a9a113762b019da6	6	7cb3bd44fc00e4be
0379936c75c225f1a9a113762b019da6	20	7c760692348845b0
037a2d470c1c9727d55d5d947dd8394c	6	79082b97409fef30
037a2d470c1c9727d55d5d947dd8394c	20	5be79355836fc21b
037a652d6e4bea27881073be25176934	6	35254371fa54b866
037a652d6e4bea27881073be25176934	20	a074cf219f186b6e
037c423f56548082b1935e88c48ffdda	6	0392289bfcb77c79
037c423f56548082b1935e88c48ffdda	20	0392289bfcb77c79
037cdc23d5ce303ee466680f4fdfe1fc	6	6ab7e12526aa8fef
037cdc23d5ce303ee466680f4fdfe1fc	20	9eb3b7f493ba6c93
037d21e060a2e3eab8b080aa84ceee75	6	51ad22def51da1c6
037d21e060a2e3eab8b080aa84ceee75	20	51ad22def51da1c6
0380d80ca292251e5afcf16c65707eb5	6	ca110db258209309
0380d80ca292251e5afcf16c65707eb5	20	6d253095fce13fa2
0381d8662f1fbc50581c54921a178b0a	6	a5da45d60c3c9856
0381d8662f1fbc50581c54921a178b0a	20	24c12d958dd7611a
03873e44115e30db6c3ccc2941c14101	6	2d482231f4732e10
03873e44115e30db6c3ccc2941c14101	20	cd24dff92c755b86
0389d1800e05f1ef2e60e640b86279d9	6	094628cc2599085b
0389d1800e05f1ef2e60e640b86279d9	20	6a0826d54d3627dc
038b307ca27d32bbf2535bc7fbae82b3	6	0e6bf1964e4e8e33
038b307ca27d32bbf2535bc7fbae82b3	20	0e6bf1964e4e8e33
0391a7be47a1d4f1bf2180cffea667b1	6	141350de8c0a7269
0391a7be47a1d4f1bf2180cffea667b1	20	141350de8c0a7269
039378621dce8907fe5286ce965cce5c	6	3cb20776b6968ae5
039378621dce8907fe5286ce965cce5c	20	b9d3f20ab9d532b7
0393ff33cb3cade4b83e0b5bd60996a4	6	83900b01422965d9
0393ff33cb3cade4b83e0b5bd60996a4	20	9491ce3e61d05b3f
03942ae21753e7dead072ab1f6c1c3b1	6	357671c438c8523d
03942ae21753e7dead072ab1f6c1c3b1	20	c276e2dd6d80e042
03980ada4055f6198fcd7ee52bb220f1	6	97d441ffc519a52f
03980ada4055f6198fcd7ee52bb220f1	20	2c62c381730e3f48
0398e6b20de133ba8b49c74b67dad7b7	6	304e7b3edf628944
0398e6b20de133ba8b49c74b67dad7b7	20	dfc0c2be8cd9dddf
039b45f4a3979c9176b115bb8e88342f	6	24c398dcd3f22d04
039b45f4a3979c9176b115bb8e88342f	20	24c398dcd3f22d04
039c2bf64eab47d423b7740f3863bc49	6	f0fa8a0050f6352c
039c2bf64eab47d423b7740f3863bc49	20	a6c1f4063ca386d9
039d09672019a346c710ba7d49c4f91b	6	6905b8e3a25d0362
039d09672019a346c710ba7d49c4f91b	20	9f21022b7d1b5e75
039f5e361b0d24319e37e08dbc07e50d	6	57fb4cf0008fb910
039f5e361b0d24319e37e08dbc07e50d	20	d35e6f46a4ade562
03a1a18521814692f56a8ecbea0031d4	6	31adf33d3a1e6be1
03a1a18521814692f56a8ecbea0031d4	20	b8f948551391ec0c
03a1ada3e778fcec8a7ee0c9e685d4be	6	e7bc16a5f77d4215
03a1ada3e778fcec8a7ee0c9e685d4be	20	4989c875b9bb0c3a
03a43a7ea55217f53542ed3f029963af	6	2cd0f9657d50aed4
03a43a7ea55217f53542ed3f029963af	20	410a57de3458cd3f
03a4cfbba1ef7eafe2b4f01e444c411f	6	f8f985c91f2cb2c0
03a4cfbba1ef7eafe2b4f01e444c411f	20	1d08cd512c5335b6
03a6f26e998c764c46c97dd9778036a1	6	9671c7b9cdc6a835
03a6f26e998c764c46c97dd9778036a1	20	f84378c6b6a9eacc
03ae7447931228f49a3eec4f2f8fe9a9	6	4d0cd88b9bafa0d8
03ae7447931228f49a3eec4f2f8fe9a9	20	e3964cfc9135615f
03b08ff6f932aa7c6597059061c5fc6c	6	dbc553771e09aa5e
03b08ff6f932aa7c6597059061c5fc6c	20	febc0ac2fb783683
03b0e7b608a5f1052c1cdb58ffc69262	6	ecf1ac20e04a129d
03b0e7b608a5f1052c1cdb58ffc69262	20	3879f28172e0b3cf
03b297cfd24f7fffb743780ef9578886	6	40022d40253e913e
03b297cfd24f7fffb743780ef9578886	20	1ba012899619ce0e
03b75ba4f3a1bdcc58c89e6846eecaab	6	220e87daf8fdd299
03b75ba4f3a1bdcc58c89e6846eecaab	20	4a19a06da773381c
03ba29d5cb38d345357a74a7b5ccd759	6	be72e00bcb66358a
03ba29d5cb38d345357a74a7b5ccd759	20	bf99d59cb9dfdff2
03bb7baaa45980753a0e7050ae44755d	6	dbb9b1231ee97bbc
03bb7baaa45980753a0e7050ae44755d	20	3c04ff97ff787b13
03c41956324a467d4f265ee58af51f25	6	59bd7b39d395d52f
03c41956324a467d4f265ee58af51f25	20	63a6a2b83bfaf3bc
03c44a93577c98119dc498053888937a	6	e60085fe4e79823e
03c44a93577c98119dc498053888937a	20	b77d5d7e60418df1
03c5fef8cb8957ecf687548c8d504d10	6	5bb17a7339c89401
03c5fef8cb8957ecf687548c8d504d10	20	5bb17a7339c89401
03c6170c9b8917706b0ad0a28400d195	6	76872b8356064ae7
03c6170c9b8917706b0ad0a28400d195	20	3dd5601efaa17333
03c7c131fc68f902620c24f5f28cd179	6	afbe4d9127b98881
03c7c131fc68f902620c24f5f28cd179	20	afbe4d9127b98881
03c8a9ffce923a8cb3452f18d371eacf	6	7db12724937ece20
03c8a9ffce923a8cb3452f18d371eacf	20	815e4d6cd5ba2b03
03cb9868146a1c420ba8e3b1b08865b8	6	be2c96a95cf7ac24
03cb9868146a1c420ba8e3b1b08865b8	20	be2c96a95cf7ac24
03cd587fe1f5eb6c6c10ede767571241	6	fe989fcb444e3500
03cd587fe1f5eb6c6c10ede767571241	20	a21d73934b6df2e7
03cf322e6530ef37b455bafbf451bd77	6	cd3875c9c5250cc4
03cf322e6530ef37b455bafbf451bd77	20	d18864c0217c7945
03d1940f76051f548ee86eb71a38ff14	6	6d6f381fb40a49eb
03d1940f76051f548ee86eb71a38ff14	20	79b81a81f5de47e7
03d1d6df36fdec5be7b60e6f0cd382f7	6	532008aeca8e8a8e
03d1d6df36fdec5be7b60e6f0cd382f7	20	532008aeca8e8a8e
03d74bc7a2c848e5f834eb31bc6c839e	6	2d8c052be14a6400
03d74bc7a2c848e5f834eb31bc6c839e	20	e49a9f1833a07e7d
03d8064f3be30daecf2ffe4c54361e61	6	cc8afc16f18aebb7
03d8064f3be30daecf2ffe4c54361e61	20	2036c38006d82945
03d93f5c0378205e17260e16e463ac67	6	16284a1428e20ae4
03d93f5c0378205e17260e16e463ac67	20	72f59d3ad6c52eab
03d9b7f7c619fdf000a1ba5eab146379	6	03b6bb96854b288a
03d9b7f7c619fdf000a1ba5eab146379	20	03b6bb96854b288a
03de316ba1e90305471a3b8620cb9cd7	6	fb15dac685b535d2
03de316ba1e90305471a3b8620cb9cd7	20	4664bdd1192d0355
03deea471ff6f90e6b7519407f8b2056	6	285412c35b55b6a1
03deea471ff6f90e6b7519407f8b2056	20	285412c35b55b6a1
03e1a95e608657462464d0a748428d34	6	c6308db1ac1eab85
03e1a95e608657462464d0a748428d34	20	d7af9680816e0b19
03e399326b5d3dc202cdc3a9fb1b71f0	6	3aedea1c6dd56469
03e399326b5d3dc202cdc3a9fb1b71f0	20	8889b424180f3e76
03e3afdc2972da43f4549ba405ff2da4	6	2f65431e4595360f
03e3afdc2972da43f4549ba405ff2da4	20	2f65431e4595360f
03e7f2c151ed62ad925ac241e4e1d792	6	9752a28dfd5cd3aa
03e7f2c151ed62ad925ac241e4e1d792	20	c6df15296393121a
03e906525c3ec52373157721a7ebba48	6	c5957570dbd449ac
03e906525c3ec52373157721a7ebba48	20	bb3730c7904c8707
03e9d1abe418a1727bbf2ead77d69d02	6	1e1f0f9399fcec0c
03e9d1abe418a1727bbf2ead77d69d02	20	1e1f0f9399fcec0c
03f06674e02ef12873c8f4e542c5c805	6	bcc36afb50a2c33d
03f06674e02ef12873c8f4e542c5c805	20	bcc36afb50a2c33d
03f08e458eea1ef5ce14661c8a7bdc60	6	a3e0b57a6a4fdcfd
03f08e458eea1ef5ce14661c8a7bdc60	20	a3e0b57a6a4fdcfd
03f25e67e52baf9fb1e782026d46c8a8	6	20d8b0cd5cd6ce81
03f25e67e52baf9fb1e782026d46c8a8	20	38ace0ea12931d3c
03f59ceb6fc1c1825ab604d526620a54	6	607109af68e3792b
03f59ceb6fc1c1825ab604d526620a54	20	c4d08f11f4aa6d17
03f8fb3e8459ebb1e526bedde7a121a7	6	31e8c1cb1d5e2a40
03f8fb3e8459ebb1e526bedde7a121a7	20	31e8c1cb1d5e2a40
03fb9af7b390fe9e0739150ca3410cf0	6	895a1d3d19f33094
03fb9af7b390fe9e0739150ca3410cf0	20	5407a571c5ea135b
04017562bd59e5a511debb2fd6051f62	6	8653ddb4dc46696c
04017562bd59e5a511debb2fd6051f62	20	8653ddb4dc46696c
0403cb413f30fe0fac6ae792a93364c9	6	189702d6eaeaa401
0403cb413f30fe0fac6ae792a93364c9	20	189702d6eaeaa401
04071576275e4113b60c21601b364345	6	473c5a317c11b1c9
04071576275e4113b60c21601b364345	20	cb983831b50c5a91
04091a59646a7e0f1c64c57c26d3d91e	6	0fd965cb9a1f1d1f
04091a59646a7e0f1c64c57c26d3d91e	20	36ac4be11e3653ab
040dbf7981a3ede37ecc00548fdede93	6	8ce2acd77a0c7610
040dbf7981a3ede37ecc00548fdede93	20	8fe37901991931ca
040e4bdb9f4b0f58d3ec4d2f869363f4	6	46cdf0dee412e800
040e4bdb9f4b0f58d3ec4d2f869363f4	20	f52eeef63d309805
04121bd92efc49da7b54943da62c993f	6	4c0342c6be6e5651
04121bd92efc49da7b54943da62c993f	20	c438c26adf870edc
04121f3fbe313b7046c9f54ac1e26c75	6	e097c5e54f22c93d
04121f3fbe313b7046c9f54ac1e26c75	20	a550fcec1fb11bdd
0412f6f3174dfc4c27ad0b61280cd739	6	09bf84c6553ebed0
0412f6f3174dfc4c27ad0b61280cd739	20	09bf84c6553ebed0
04157f716c1e9606c6a530657bf8f957	6	93070cacda91a8f8
04157f716c1e9606c6a530657bf8f957	20	e4cbf9bbc3b7eb5e
0415acae197134f9d1cd7bea5ac3f2fd	6	6173d40a4d12111e
0415acae197134f9d1cd7bea5ac3f2fd	20	6173d40a4d12111e
04166b0a94fb2e4da58436ea480e2586	6	3a2e299e5b0c2049
04166b0a94fb2e4da58436ea480e2586	20	3a2e299e5b0c2049
041699620802b7ed905f93976ae60bef	6	87e2a587f3c82ad2
041699620802b7ed905f93976ae60bef	20	ace380ecef130e88
041a4e925fd664bf8e2e41b8eb9f2840	6	0b04ff70022bb34b
041a4e925fd664bf8e2e41b8eb9f2840	20	0b04ff70022bb34b
041aa7c18006a2f33e5c5ec83eb08505	6	3b9b60d64874c7dd
041aa7c18006a2f33e5c5ec83eb08505	20	3b9b60d64874c7dd
041afddade3479f2b9ebe3f5cf390c7e	6	26f14028e456ff1f
041afddade3479f2b9ebe3f5cf390c7e	20	7d7c97694b7c1eaf
041bf8c064b4f6f8fabcd2a9793b8c7b	6	7b30a07f28c4bd6d
041bf8c064b4f6f8fabcd2a9793b8c7b	20	7b30a07f28c4bd6d
041df0acc65530f7e1e628130c3d411d	6	b2906733051fc24a
041df0acc65530f7e1e628130c3d411d	20	b7dc15ca5b049e66
041dfae4c5f8679c1b54f1fb3b8cb0f5	6	607099632d1c6df2
041dfae4c5f8679c1b54f1fb3b8cb0f5	20	6b632ff26269f5df
041e654adaeb51d241eafd1e29a5fbfb	6	56ee2d752a436a84
041e654adaeb51d241eafd1e29a5fbfb	20	a9f188f6bc8d90ca
041ef0a56340a623c38e6b9012933624	6	2372bec82d1e150a
041ef0a56340a623c38e6b9012933624	20	2372bec82d1e150a
041f5fd5d1c9ae9f0ba37a745b5dfd23	6	83b433eb37efcd48
041f5fd5d1c9ae9f0ba37a745b5dfd23	20	5168160d6ff8eab0
041f974b7b2e24ffbc50eda1bb04f917	6	42e7720d04eb8a16
041f974b7b2e24ffbc50eda1bb04f917	20	91a24171c9e9f282
0421d8c1dec913b76dc72d781a864a80	6	cb8b66d69ed92dac
0421d8c1dec913b76dc72d781a864a80	20	cb8b66d69ed92dac
0422d43dc86ee9111d46c1a10992ea29	6	4e77a02484cec857
0422d43dc86ee9111d46c1a10992ea29	20	4e77a02484cec857
04282eb8fedd703fb176b37c5d037a0c	6	ed13720f57bb0d24
04282eb8fedd703fb176b37c5d037a0c	20	27d4d8ce16d7843d
04283728b84c4b0ff6cb44ca4bc4ab65	6	a2b0bdcd879da311
04283728b84c4b0ff6cb44ca4bc4ab65	20	2c484e8bddce1667
042846b7b23a617ad1730e9eb2dbdceb	6	0785ee709d4cbcd0
042846b7b23a617ad1730e9eb2dbdceb	20	0657e85af9317c19
04296c034b9b888599263926aab8ddc8	6	dc9cdb310b947d13
04296c034b9b888599263926aab8ddc8	20	dc9cdb310b947d13
042b503bc444d79e1593cbdc73d18c96	6	a88a9a020ac1c670
042b503bc444d79e1593cbdc73d18c96	20	547b34041a8c7fff
042cdc726a92bf0a2195b3b426f35bce	6	4f516d8d382c32d0
042cdc726a92bf0a2195b3b426f35bce	20	da35cb903b6db26b
0430dd41069c93d385b767e768c1095f	6	9f32ecabd6cc88ea
0430dd41069c93d385b767e768c1095f	20	9f32ecabd6cc88ea
04327b18171b43ff06586707499b97fc	6	8b71ab3e7359ab67
04327b18171b43ff06586707499b97fc	20	43a2676396eab077
0436f8cdece0f293915bbc6d711f6850	6	edd64de697bac0b8
0436f8cdece0f293915bbc6d711f6850	20	2b7a044feda4b30d
043c40bb7bdb3a2eccb3eb0b79f47cab	6	e8dc7738cb8abcd0
043c40bb7bdb3a2eccb3eb0b79f47cab	20	e8dc7738cb8abcd0
043cdbde77d0a494be264ee322847809	6	51a058f83c00fec0
043cdbde77d0a494be264ee322847809	20	c5fb3456d81e9754
043ddf84451e8b1a50f3f5662897e385	6	1c496833d598b777
043ddf84451e8b1a50f3f5662897e385	20	1c496833d598b777
043f806db615f7a138d4beffe3367c1a	6	7552849cc90aa14d
043f806db615f7a138d4beffe3367c1a	20	7552849cc90aa14d
04411a580ede5fd258d84ce872b5f53b	6	9870dcda82cff3c6
04411a580ede5fd258d84ce872b5f53b	20	c2f82ab832f389dc
0443c64d68e48da7bd100c03c82c0c4b	6	ed6c202c0cdc84c8
0443c64d68e48da7bd100c03c82c0c4b	20	2643af3a038986d2
0445a4d6be24882bac0988a055e7f379	6	8f2c6a7089194637
0445a4d6be24882bac0988a055e7f379	20	6862be04a895ef1f
0445e60a23b32e2adc07e34ec3f5dbf4	6	c669d294d2123108
0445e60a23b32e2adc07e34ec3f5dbf4	20	c669d294d2123108
0447371bb8a97e8fe5d3cee6de1db766	6	2bfcc0f585941b52
0447371bb8a97e8fe5d3cee6de1db766	20	87998e65ac841f22
0449da0fb33b7ed1f7b7f0e2924cfb14	6	c0976a8b450fd9eb
0449da0fb33b7ed1f7b7f0e2924cfb14	20	65da6e8b5009d5e0
044a4186f6873d19008743aa0dfd004d	6	149a1934d11cc668
044a4186f6873d19008743aa0dfd004d	20	336f0e08fa79b4dc
044a95f1445afa3e02a258417ab90ab9	6	0383c5e0881b692d
044a95f1445afa3e02a258417ab90ab9	20	0383c5e0881b692d
044d27388c142e8e47812d9518e01b2f	6	4b83df81680ea4c1
044d27388c142e8e47812d9518e01b2f	20	b376ac75809c43af
044eced3d5aac22e0f34ad02071132f7	6	a57b3c071bf8d137
044eced3d5aac22e0f34ad02071132f7	20	eae7c5930d39012a
045182d177d3f95d7cfef1205d609f37	6	db93e691a46bbcf9
045182d177d3f95d7cfef1205d609f37	20	467bf80fcb142c39
045490bc2ea6b39133e367e0d5985ec6	6	89a33ff3e6a69a2f
045490bc2ea6b39133e367e0d5985ec6	20	ce24bd055a48915c
04557a22f623dcbae86173fced057c99	6	45119763c568c141
04557a22f623dcbae86173fced057c99	20	4af4b67a86a74991
045613366353b062992e68937ca53edf	6	17210b91060f9101
045613366353b062992e68937ca53edf	20	dec69f8b283837da
0458851a021830f297e5dc3418ece838	6	34c80f027a959258
0458851a021830f297e5dc3418ece838	20	6ab4a04eb2c6329c
045941155fcb708d6d80e421c87c2abf	6	a77c4da6cc5e0f85
045941155fcb708d6d80e421c87c2abf	20	286f98b2c7508198
0459bb2e18a01e6f3f305dc8be7040bc	6	fddd6c284d3af051
0459bb2e18a01e6f3f305dc8be7040bc	20	fddd6c284d3af051
045e3c00486daba698458469f773f700	6	91e81176f3a301d5
045e3c00486daba698458469f773f700	20	cc21e225259ac81d
045eeffb8750ff847de87bc37f922c02	6	1aa6961ad46bbb64
045eeffb8750ff847de87bc37f922c02	20	f9b8d9ff4caeb841
046027fd1061d32ad6cba9174f9f37c8	6	8f79882819f4209f
046027fd1061d32ad6cba9174f9f37c8	20	670cfaaa67f58a15
04619a36750d6e3e9f34e433e9a0cedc	6	60321a7f3aa6dbd0
04619a36750d6e3e9f34e433e9a0cedc	20	60321a7f3aa6dbd0
0461c116d94becf63a1c41b320f6eea3	6	4593e047ea0e6155
0461c116d94becf63a1c41b320f6eea3	20	4593e047ea0e6155
0462a0427297f8979588174b502bd044	6	f902095ac19a5486
0462a0427297f8979588174b502bd044	20	f902095ac19a5486
0463b72200ae80c02835c027d3606c4e	6	24e6d8a7baa8cd17
0463b72200ae80c02835c027d3606c4e	20	3999a581328a21dc
0464c7eea603a1169b0d74903226ee9c	6	a270730e7923b1b4
0464c7eea603a1169b0d74903226ee9c	20	364dd7943f609382
04674c7c9520c7edc0426b820f837726	6	8941bd996fce2266
04674c7c9520c7edc0426b820f837726	20	8941bd996fce2266
0467f94ce29392897b1c964f6557ce46	6	cbdedaf610969857
0467f94ce29392897b1c964f6557ce46	20	22a86baf5624296b
047566aaff65b42f2d1e89e0e1fc957f	6	555d84b71c234ad3
047566aaff65b42f2d1e89e0e1fc957f	20	387e2f7b5e2eb5b8
04782106e70a3e200feb487e5dfd826b	6	be2951f28defb5cb
04782106e70a3e200feb487e5dfd826b	20	be2951f28defb5cb
0478f201a06ab2219542330f36a3698c	6	1a46f1d6eb3b55f6
0478f201a06ab2219542330f36a3698c	20	48d737087623792a
047a18e21c771877710468a88576cf29	6	b929e41b0118f6cc
047a18e21c771877710468a88576cf29	20	b929e41b0118f6cc
047a24a20dcf32612975fff862a229dd	6	b070735ac2d71068
047a24a20dcf32612975fff862a229dd	20	20bdea35fdecc1d7
047c92e7c0a36a23d8107f4313517719	6	fa7058c0e27b587f
047c92e7c0a36a23d8107f4313517719	20	1b368a5c755443d1
047fbe00ecc60835f1ee9d458bbd7ee8	6	63f74547bbbcbd0e
047fbe00ecc60835f1ee9d458bbd7ee8	20	ee64f84365a81781
0480133b8911f6e9c3b4bb2755327649	6	4e9abdb829256670
0480133b8911f6e9c3b4bb2755327649	20	4e9abdb829256670
048142b6048cb6c10415e08f68a2c3a3	6	9f8b660652159d93
048142b6048cb6c10415e08f68a2c3a3	20	6b9c3a284c688a6e
04823801df6304e0fd0f36b9f956c2dc	6	ea94c528005e6137
04823801df6304e0fd0f36b9f956c2dc	20	ea94c528005e6137
04842030167d0508d3e42d8f0dda29e0	6	3236289a85d888ec
04842030167d0508d3e42d8f0dda29e0	20	fe69c21537c5fa6b
0488830078c4a680d8014bbff36deeb1	6	ee7de32d71cb97f2
0488830078c4a680d8014bbff36deeb1	20	9d50774b42919eed
04897f61ac34d82804d57aa07322a400	6	102c444624c5b419
04897f61ac34d82804d57aa07322a400	20	51d16c79d535b38c
04898b587aa76d7625bdfe23fd8a1a0a	6	8375e536d22deb96
04898b587aa76d7625bdfe23fd8a1a0a	20	e0a42960066ac7ce
048a70da40ea4908c783b8314be2da97	6	e22e98ef8d598d55
048a70da40ea4908c783b8314be2da97	20	7c10c6098b2f193b
048ddbb09453a83d40fa85110d0958f3	6	634e1fbc3bd4be57
048ddbb09453a83d40fa85110d0958f3	20	634e1fbc3bd4be57
048e257d6d04d3d17f6547ca07fedd76	6	fc39d150f1ee9f2d
048e257d6d04d3d17f6547ca07fedd76	20	fc39d150f1ee9f2d
049072033960eab882a3b0933d414f36	6	499393fd521a7652
049072033960eab882a3b0933d414f36	20	155bba37ff258a3b
04909da47036ae2ccf4fd8d025b83344	6	0f42f7fb98b9dc56
04909da47036ae2ccf4fd8d025b83344	20	0f42f7fb98b9dc56
0491901f00c8663e5b49a0dbbf96412f	6	6f153cee6a62f4b1
0491901f00c8663e5b49a0dbbf96412f	20	6f153cee6a62f4b1
04929ae99a2b834405a1db90e2747245	6	3dbd2c4c5a9941e4
04929ae99a2b834405a1db90e2747245	20	3dbd2c4c5a9941e4
04935c7718d4ada8516e0d99c46df41b	6	3c144f1c56735cbb
04935c7718d4ada8516e0d99c46df41b	20	7ea6aaefddbfec08
0494c37fc0ae2de1550eea216cfc1752	6	802c4c51de70f5c4
0494c37fc0ae2de1550eea216cfc1752	20	7bed56fc839ffc52
04956720311452f8ad4bc3d771fdfbc0	6	4705227495ba56c5
04956720311452f8ad4bc3d771fdfbc0	20	ff5c24e05a819b90
049775f8bfc13fefc68f086cd3667df4	6	96ab1cf1a07c7afd
049775f8bfc13fefc68f086cd3667df4	20	a634eae2a7517526
0498569a656eb22b361a106e0cecff9b	6	58b722e8a67604b8
0498569a656eb22b361a106e0cecff9b	20	aea475f28c99501c
04992f0208bb60792163c32fbc207165	6	663136e551a9f9cb
04992f0208bb60792163c32fbc207165	20	663136e551a9f9cb
049a5615101bbe36f025a7b87d3c7360	6	ea226c91eaa66c22
049a5615101bbe36f025a7b87d3c7360	20	723b791598747e58
049ddd5ace159bd3d3363c9c36217d6d	6	4f69729eb2635fe0
049ddd5ace159bd3d3363c9c36217d6d	20	19b368591c97af83
049df9eac33b5770ea20ec1f022f0173	6	a5ef86c1d7b7f1fc
049df9eac33b5770ea20ec1f022f0173	20	a5ef86c1d7b7f1fc
04a05b619dfddaebbe864e7b94e108c1	6	a279a6f8592fda11
04a05b619dfddaebbe864e7b94e108c1	20	a279a6f8592fda11
04a0b133fe5760af8a58451053673fc9	6	c4b9318e59fb6963
04a0b133fe5760af8a58451053673fc9	20	c4b9318e59fb6963
04a3e6aed6697c05b23934f51e9d5321	6	53ac1df29148f81a
04a3e6aed6697c05b23934f51e9d5321	20	01981ca7682c826e
04a7b805cf12ae898f723b735fa959df	6	4fda62d926dbb328
04a7b805cf12ae898f723b735fa959df	20	ef787f70e2a77053
04a97eb41fd59e3495641ea2442177c9	6	6fda62a0e3d623d0
04a97eb41fd59e3495641ea2442177c9	20	9b22df84fc0aa1d5
04aa3db794a4a1129b037aac393e0bb5	6	f30a6a8800fe4b4a
04aa3db794a4a1129b037aac393e0bb5	20	f30a6a8800fe4b4a
04aac627660a42b5661595b06de9685f	6	788e08f5e90b0cc0
04aac627660a42b5661595b06de9685f	20	788e08f5e90b0cc0
04afde06992c1171bbcac67b3b58c53c	6	dd20e8aac0607bd5
04afde06992c1171bbcac67b3b58c53c	20	09d90d902b02a265
04b111df3a3747388e923ae5252c9f4d	6	7d2e827d929af600
04b111df3a3747388e923ae5252c9f4d	20	95d0e6922f1ad2f3
04b1f0add9aaef195413ca4c03ea58ba	6	ceedcc8ffbb35c0d
04b1f0add9aaef195413ca4c03ea58ba	20	7fd67ef331054938
04b21b20b0f2aca4b886eb7832b6b0e8	6	413e9b512daa509b
04b21b20b0f2aca4b886eb7832b6b0e8	20	413e9b512daa509b
04b2a7f442ed1b15439d0678ce902d6f	6	a69b49cc3daf0a0b
04b2a7f442ed1b15439d0678ce902d6f	20	5fd1f5eb14d9fd5d
04b4dfec9afb6529764a94d1cea16abb	6	2356e71604e8eeb4
04b4dfec9afb6529764a94d1cea16abb	20	2356e71604e8eeb4
04b58fb62b01369ce326152f7c7416e9	6	8739091058e746d4
04b58fb62b01369ce326152f7c7416e9	20	d0bd86ed6879b514
04b88891edf088b990a3b3b81763efdd	6	d7218a16d65a28c8
04b88891edf088b990a3b3b81763efdd	20	f3f44f6d56ee7e8c
04b9913aca917f957c43cd4d07e5785d	6	f1fa28c4c9c0e30e
04b9913aca917f957c43cd4d07e5785d	20	a6b8eb8a1c7d824a
04c03de21b275b4e5e9f5882bf2c5ec1	6	2d86fcbcda8debc9
04c03de21b275b4e5e9f5882bf2c5ec1	20	2d86fcbcda8debc9
04c045b6ea95a35e248f3c5fa17e4c56	6	f6e1b779be4bebd8
04c045b6ea95a35e248f3c5fa17e4c56	20	f6e1b779be4bebd8
04d00ada667e60a3153fb811809d7e34	6	e80644c311b02e17
04d00ada667e60a3153fb811809d7e34	20	e509b91fb2438652
04d0ae28e10d4a35ebab62f42f0200e8	6	abe598c4338ea7db
04d0ae28e10d4a35ebab62f42f0200e8	20	aa2da4061c95b8eb
04d1b01eb1d69df1e9951f5243295833	6	22dcb39a1b672b4c
04d1b01eb1d69df1e9951f5243295833	20	22dcb39a1b672b4c
04d22a87377168b4bae34b530adee132	6	e8b622945d5fe627
04d22a87377168b4bae34b530adee132	20	442eb6e47d7a05f2
04d28cb98f3362dfcd4ab74d4bb82de3	6	0e7e92a7213f1a3a
04d28cb98f3362dfcd4ab74d4bb82de3	20	5427778699610f8d
04d2cca932a87b98ebfc7bbd0fe6ed5d	6	7683be18233886b5
04d2cca932a87b98ebfc7bbd0fe6ed5d	20	dc844312743fcbe7
04d964003e9d42e6f2483e64564c1f54	6	ecb47c94553af840
04d964003e9d42e6f2483e64564c1f54	20	b885f69d6b272a84
04d9e4c3ab38c5caa1983ac2c1263bc1	6	d802505d5a7b8d7f
04d9e4c3ab38c5caa1983ac2c1263bc1	20	d802505d5a7b8d7f
04dbb417a7eeebd7ffe3199b414f4242	6	747684ba3e8c5a00
04dbb417a7eeebd7ffe3199b414f4242	20	f1f1bb29a3ce5228
04dcc4912a16549fc97d918545b68af5	6	3f0aa0c77d94bb1a
04dcc4912a16549fc97d918545b68af5	20	3f0aa0c77d94bb1a
04dd37bd8e319df958e1e091ec60de5b	6	f98e20a53d9a5308
04dd37bd8e319df958e1e091ec60de5b	20	f98e20a53d9a5308
04ded94454830d4ea960327e8b91f5a3	6	c04fb4ade7422cc9
04ded94454830d4ea960327e8b91f5a3	20	dff5e0b7c110fdbb
04dee0e90b8ce346e65a60c81f6687df	6	a12d7d4954bbe7f9
04dee0e90b8ce346e65a60c81f6687df	20	619b921def0073c4
04e219c640ed59dc68ea2d50493de5b5	6	fc8a500852d72496
04e219c640ed59dc68ea2d50493de5b5	20	7c1ebf63de53e1e5
04e47e6635908600ef3938b32644825a	6	282d0e882fecb809
04e47e6635908600ef3938b32644825a	20	282d0e882fecb809
04e50bc7a121716e396dc538ab24490e	6	12ae632b53aff343
04e50bc7a121716e396dc538ab24490e	20	12ae632b53aff343
04e54fdde41e2e623789c3f7df6d274d	6	5fd08fa58081f04a
04e54fdde41e2e623789c3f7df6d274d	20	5fd08fa58081f04a
04e6e374423615babd4062f67a532c5e	6	9f20c268d6225dcc
04e6e374423615babd4062f67a532c5e	20	5e32d6f703b3d0a8
04ed29d91e703f9ebfd81d2d4fa97103	6	eeae39b103fad1cc
04ed29d91e703f9ebfd81d2d4fa97103	20	74c410386db11110
04eeb39d680097817142fe4d52c0e422	6	709cdf784f08f3ad
04eeb39d680097817142fe4d52c0e422	20	709cdf784f08f3ad
04ef162792ce0f1d675cf363db2fd99b	6	499a0350821db11b
04ef162792ce0f1d675cf363db2fd99b	20	499a0350821db11b
04f0b56ff8811424c3f44cb7662b3faf	6	99dfdef86cd111b1
04f0b56ff8811424c3f44cb7662b3faf	20	99dfdef86cd111b1
04f1442bafdd6433d41588d2c2e72e0b	6	f0016569fe33d319
04f1442bafdd6433d41588d2c2e72e0b	20	f0016569fe33d319
04f43bb4a4f2c193a18e7195a4fd8e41	6	ec016cf5dfe31f63
04f43bb4a4f2c193a18e7195a4fd8e41	20	1e113dacad1fa9e7
04f542671e8167741228d22abd0303db	6	3effe64f7bce1fe5
04f542671e8167741228d22abd0303db	20	ec42f48509be9a72
04f6dd1892f3382e8356d107ba156256	6	99d9d0b750079422
04f6dd1892f3382e8356d107ba156256	20	140ea07906c97aa2
04f7b0f8afc58d5b7be2c486c01e8164	6	ad9100d35a7dba42
04f7b0f8afc58d5b7be2c486c01e8164	20	ad9100d35a7dba42
04f7b83bdf8d56116cc9d7a659464c37	6	c6c6de45c2972338
04f7b83bdf8d56116cc9d7a659464c37	20	c6c6de45c2972338
04f829be98c8646b8a08aa9a7f20af10	6	4a9a13b6fe257d12
04f829be98c8646b8a08aa9a7f20af10	20	db56c9bb7be80a93
04f8b455b41f208ea19769f051ddcb1b	6	fab4293b7f325ab9
04f8b455b41f208ea19769f051ddcb1b	20	4e2c7e3a684ce7cb
04f9cf38c15c4f048fc25f03cb621536	6	4bb1782072133c75
04f9cf38c15c4f048fc25f03cb621536	20	a2654ad5814549f6
04f9f1f61d99108b7ad0fa77d275dc4c	6	1cacb32c4ebf638e
04f9f1f61d99108b7ad0fa77d275dc4c	20	1cacb32c4ebf638e
04fa0a71339fa76067a75ff448ef6f67	6	24b94c9061568b0a
04fa0a71339fa76067a75ff448ef6f67	20	45d860e8d4201e68
04fb14e644b1858851c739b1a2170334	6	3c7dd1dd822031ae
04fb14e644b1858851c739b1a2170334	20	7993d1a7895b2733
04fef94bab64c9e3cc8b2b696f38f7be	6	2b8f1947e9b570f9
04fef94bab64c9e3cc8b2b696f38f7be	20	2b8f1947e9b570f9
050214ecbd9e96136fe1bc73447f1303	6	d48a096b1829c1f1
050214ecbd9e96136fe1bc73447f1303	20	f381a090c169e903
0502f436e37331d0b92274e0db73b134	6	27ba83eb073806a8
0502f436e37331d0b92274e0db73b134	20	7d5ae6be5a77a3a4
0504d4dc55e80f42ffa698a4ece021c0	6	584859f21cccb7f2
0504d4dc55e80f42ffa698a4ece021c0	20	e6189012727e0940
05065ca3c3a5b2b415d7e9afd0bd2c16	6	59cff8e161e4cac0
05065ca3c3a5b2b415d7e9afd0bd2c16	20	489ea92b75741f2d
050688d137e1f4d563f7bd5d84d7e344	6	d65ee58bb2f5c778
050688d137e1f4d563f7bd5d84d7e344	20	5045ae043e0ea77a
0506afbcee2355dd568a2923e4461649	6	15ce93ea8dd44bd6
0506afbcee2355dd568a2923e4461649	20	98355ad02dc55a64
0506d033a4ca469af10d95dbf36a86e9	6	2ddff5d8a9d65f48
0506d033a4ca469af10d95dbf36a86e9	20	18fc03a0b6383b17
05070c567100ecb6cdbc2ffe0fae57e2	6	da52a4542215b8f4
05070c567100ecb6cdbc2ffe0fae57e2	20	da52a4542215b8f4
0513c7d43a5874fa6a17a184091b3d68	6	cc8f357da4d4a99d
0513c7d43a5874fa6a17a184091b3d68	20	220fdb6afd1922a2
0515200de14d9d8eb513e88e3d28ad7c	6	fce909cda8025d58
0515200de14d9d8eb513e88e3d28ad7c	20	76b1b180d8657044
0515bc0e0f1028fd4d086139035f5f38	6	a42535c20c176829
0515bc0e0f1028fd4d086139035f5f38	20	a42535c20c176829
0518b5dc204f26b356671785e02852e1	6	bc33489194bb2d45
0518b5dc204f26b356671785e02852e1	20	bc33489194bb2d45
0518c5a3eb17ee72f00424e63bd7940b	6	6820fc232368e74f
0518c5a3eb17ee72f00424e63bd7940b	20	14d99239efd3c157
051b63ae234e63226a7984d76f9dc331	6	171b735cc657e081
051b63ae234e63226a7984d76f9dc331	20	171b735cc657e081
051c7db6f9d6daa9238ad64ddae6cea0	6	1b2fed3f6dc52244
051c7db6f9d6daa9238ad64ddae6cea0	20	50bd851aaacb860b
051cb2ec3e94e7f2a72232530f847408	6	a6a60cb3aa77d74b
051cb2ec3e94e7f2a72232530f847408	20	887220c011da3acc
0520814ad7ca7c063109ee7a28e89de8	6	365dcfaf918a7ce0
0520814ad7ca7c063109ee7a28e89de8	20	2c5be9b69aca0806
0521cd68355dd16e8f7940f43003d904	6	9ee16f81bf398e38
0521cd68355dd16e8f7940f43003d904	20	00aa837a9a440530
0524e21cb713c3ba78906a6716409c80	6	7a0cf73f92757b19
0524e21cb713c3ba78906a6716409c80	20	78b908cd295c6127
0525891c206c0382ffc813834bdd526c	6	8a44b81953fab038
0525891c206c0382ffc813834bdd526c	20	8a44b81953fab038
0529f3356671518a0fc851f09b693b51	6	34a71f28f1529831
0529f3356671518a0fc851f09b693b51	20	4e29cf8ce338abcd
052e03355eef1d923d532699e04f0eb2	6	47673029f214d0b7
052e03355eef1d923d532699e04f0eb2	20	f6c8d6b58536cd26
0533a1506eb61460bee3917f61ca4c49	6	bf02de6cfd881aba
0533a1506eb61460bee3917f61ca4c49	20	bf02de6cfd881aba
0534387f90398a24495d4b7b05f9b342	6	3a085836ee0f4d79
0534387f90398a24495d4b7b05f9b342	20	6c20a7c45143dcf7
05373ec86c44b2afb60fb93316b30001	6	ad0e3b64ad9430fb
05373ec86c44b2afb60fb93316b30001	20	bc2a3813396bf63e
053c477a86dac016582436e67ecf0bc3	6	352c25f3639b68a2
053c477a86dac016582436e67ecf0bc3	20	9cae30371f4c3265
053e06424279f5cfec8bb14dfa9af23c	6	0d97d63f20336474
053e06424279f5cfec8bb14dfa9af23c	20	27678ca23dd9d79e
0541dc77ecea9c210d3c4231d97c02de	6	5b0e2cbdb36c93d7
0541dc77ecea9c210d3c4231d97c02de	20	d99b2c4c90fe8365
05423f54e9e0bf97ce3fca2abe2ba3e6	6	0a71bb0387e23796
05423f54e9e0bf97ce3fca2abe2ba3e6	20	b301910d8552685b
05469ff4aedf9286f024177d0d09fbd5	6	945fd577faa1b305
05469ff4aedf9286f024177d0d09fbd5	20	9217e00bbd6501d9
054c1e5254cdc36bb85e06e53cafe8eb	6	3d3214dd71c8eaa7
054c1e5254cdc36bb85e06e53cafe8eb	20	d8e9be119ea639c7
054c7052d5110e9731a9d0bf34d651ec	6	b6a1e2b046ddd226
054c7052d5110e9731a9d0bf34d651ec	20	8bf496d2df4c0184
05513edb5e778987bd727804ed4fa01e	6	9b09cf53c4d955a2
05513edb5e778987bd727804ed4fa01e	20	9b09cf53c4d955a2
0553f2a01f0838c1f3347f622cc3c30c	6	36f6ccb53e9560a4
0553f2a01f0838c1f3347f622cc3c30c	20	b6942abe82c715b2
0554c1dc9f40db098fb58d3086515b6b	6	8a01bacf67ddf2e7
0554c1dc9f40db098fb58d3086515b6b	20	30f8108b8d88f147
0556cacde8ebb77956342a6e81309553	6	4409c1ce08273157
0556cacde8ebb77956342a6e81309553	20	e0e8a92e76b65d80
0557d21452d411c00f766973a59837a5	6	f386c9d0ef206932
0557d21452d411c00f766973a59837a5	20	f386c9d0ef206932
055836a43eb318de92f09c555ba4f3b5	6	6e26305378f7ab56
055836a43eb318de92f09c555ba4f3b5	20	6e26305378f7ab56
055db8f900741c7b8d7b731e99662588	6	31f6779dcaa9f091
055db8f900741c7b8d7b731e99662588	20	9fd3f54c64af26ca
055f942145df4b6c9fd0d10a3f1da98e	6	727b608027d2da3e
055f942145df4b6c9fd0d10a3f1da98e	20	1eafda1bb96b759a
0561461e2c7ff1d87aec1e5c709caa1a	6	a761b8b1afdb1daf
0561461e2c7ff1d87aec1e5c709caa1a	20	7532ca1629b86f9b
056263f3ef83f1b0c0fd48cab346e8e4	6	9eaf3de0219d9596
056263f3ef83f1b0c0fd48cab346e8e4	20	0cdf6a89438b633f
05650550f21d60a3989cae43fb5ebd93	6	e6833eeb17074483
05650550f21d60a3989cae43fb5ebd93	20	5624cdfe1531eb00
05670a916f890c9c4345ff4fd19561bf	6	60cd28401f77b359
05670a916f890c9c4345ff4fd19561bf	20	4d8567c190c4fc6c
0567f2309e01e99021245fd34a97417d	6	a4426ed928d77e5c
0567f2309e01e99021245fd34a97417d	20	fecb5c4978275cf1
05680de3febd39916e496dd772cb8c19	6	4c6efc944174d9eb
05680de3febd39916e496dd772cb8c19	20	3489a65c0a1df6e4
0568bb0b42891e57247ed4b436dff85d	6	f9b75f6335fd04a9
0568bb0b42891e57247ed4b436dff85d	20	cba64ef59e934502
0568ff4af327110a55355527e3c454e2	6	bf248c7d3217e223
0568ff4af327110a55355527e3c454e2	20	c72caa5665ad13fc
0569ecb5da00dd3ffc8cdfab85a4956c	6	a534835674a31856
0569ecb5da00dd3ffc8cdfab85a4956c	20	53d4527b2a4294ba
056acec954f198b911fd8c6894a6fad4	6	b290af46589cf49c
056acec954f198b911fd8c6894a6fad4	20	5001cfcb88d0495c
0574a9f4769dfe44ea0680aa8d935f13	6	676474d0a3ef69e1
0574a9f4769dfe44ea0680aa8d935f13	20	7d5c954562e50976
0575710ecfdc61ede3807eb1c6a1b01f	6	d7811d60ad628a1e
0575710ecfdc61ede3807eb1c6a1b01f	20	57ecc9de3d2fc9c7
0578dbb863e1dccfd5d352c1b8ba198c	6	f3beb5e1fe4e3afa
0578dbb863e1dccfd5d352c1b8ba198c	20	3cf043a88e1265d3
0579fb9d75e018b9366db9150db7453a	6	4502b7cb388ff37a
0579fb9d75e018b9366db9150db7453a	20	2d7d86831fd8e62a
057ee74505bbc50bfb10d6814c5a3c4d	6	0de540bc0b72cfa6
057ee74505bbc50bfb10d6814c5a3c4d	20	03c1ce9e2e21cffc
057f143aae50b8abc3e083b7609353be	6	b1cd9b0ce6600cb4
057f143aae50b8abc3e083b7609353be	20	e3bd7722de9c1d20
058129d7cf63b8a0a10e932a0728ac36	6	81461ea9e05a4a77
058129d7cf63b8a0a10e932a0728ac36	20	f31bb52e23cc45c7
05817b4e1add561af0e1165e01fb48cc	6	b67fa511edb10116
05817b4e1add561af0e1165e01fb48cc	20	a773e081f88ff89f
05833c2c6953b76638748b3b5152b17f	6	5ddb62361bb1a8a0
05833c2c6953b76638748b3b5152b17f	20	c55b89814f126fcd
058414cd650e2309e2d3df6b3ac80f37	6	72e8ffa572bc013f
058414cd650e2309e2d3df6b3ac80f37	20	c60a8634ebec1dc1
05860ef5bb55efbd4bb5ec8b0de13d03	6	3b42b7227884519a
05860ef5bb55efbd4bb5ec8b0de13d03	20	3b42b7227884519a
0586b0f2c13948bfd51b3694c5e9c676	6	75fa5c5daad093f0
0586b0f2c13948bfd51b3694c5e9c676	20	75fa5c5daad093f0
05879c0b6a41bf08f08ea2f58a931146	6	11d80de5a5c8e96a
05879c0b6a41bf08f08ea2f58a931146	20	a130e5b9641e9e29
0587f345cca3ef8340e8e71829dce130	6	389c69adb3efcdab
0587f345cca3ef8340e8e71829dce130	20	389c69adb3efcdab
0587fa4c5dc214a7470cfab3712f4699	6	58dad82cc610becf
0587fa4c5dc214a7470cfab3712f4699	20	c7744015e3134d82
058b69e7c7923e2c71070c9f934f2c2e	6	841f5a7aa17f5c02
058b69e7c7923e2c71070c9f934f2c2e	20	7881e43bfd99ed29
058cac57444038ce7e8f6fd286ff7424	6	cd0d908279c85cc8
058cac57444038ce7e8f6fd286ff7424	20	e31e12e7bd8cf943
058d2ff55a09eac11780d6a368b48a80	6	adc266ba655bda1e
058d2ff55a09eac11780d6a368b48a80	20	4a0fb86c51b8b69c
0593e6814f02ec9749e87bdc6aff8275	6	bfb3f32f6519155d
0593e6814f02ec9749e87bdc6aff8275	20	7afc35f982540606
05997924d9bb4497f0f8a027caad6bbd	6	7bd3f1e6193a4da3
05997924d9bb4497f0f8a027caad6bbd	20	c1dac83337bda5ce
0599c0cc9fb43d1eb90c5590d4ecbf39	6	e89855e59956ed14
0599c0cc9fb43d1eb90c5590d4ecbf39	20	a3bea2345b095d69
059aae70d73e0101c492106c4d214774	6	59e091d8ffa9ebab
059aae70d73e0101c492106c4d214774	20	6e473d7c0684ab0d
059d90867f6ed5c4e69ab0094601bb37	6	eea6ee17756787b6
059d90867f6ed5c4e69ab0094601bb37	20	f5dd5402af579da2
059f3479ab76bc97c3db74efc8558482	6	1e1f6cbb5a384a6c
059f3479ab76bc97c3db74efc8558482	20	1e1f6cbb5a384a6c
05a14c9084e09730c52b65732fe19d90	6	39d282a07dfea1c7
05a14c9084e09730c52b65732fe19d90	20	39d282a07dfea1c7
05a42b5c95a497c9b80116f537c48e32	6	ceaf577fea284fa2
05a42b5c95a497c9b80116f537c48e32	20	d2a05adb146cb732
05a5c4f83946f8390e561e006f39f0e9	6	e144d77fb2c5ea34
05a5c4f83946f8390e561e006f39f0e9	20	b923b7fe97b576cd
05aaff6058ca0088f54881003c1eb57b	6	16a24e654b9b2a71
05aaff6058ca0088f54881003c1eb57b	20	16a24e654b9b2a71
05b04d362b374569a4eb63c4e4e132b7	6	17572f1454c20ad8
05b04d362b374569a4eb63c4e4e132b7	20	e3b774bf981c60aa
05b095301362cf626067acd18590ea03	6	a3b18f54dd73fab4
05b095301362cf626067acd18590ea03	20	05f86bfbc0aeeb93
05b20aaa3665b3688fe91e63b1d416b1	6	09f01c1b86f961ed
05b20aaa3665b3688fe91e63b1d416b1	20	651cdf0823a33e0b
05b26080370a69270bfd81327e616cee	6	27632dbb3fece5ac
05b26080370a69270bfd81327e616cee	20	d2849b669e8f2f19
05b373515e803818e8991e855a1d500d	6	0121787f27d937a7
05b373515e803818e8991e855a1d500d	20	1b58c414fd68b94b
05bddbf878fc3fd6becc0b13ae747bdb	6	407ee96cfbec4d6f
05bddbf878fc3fd6becc0b13ae747bdb	20	f17abf4953154583
05bea7b46a68c2bc7761ff2424c5e58f	6	f050cd8ca8885215
05bea7b46a68c2bc7761ff2424c5e58f	20	684b10638f3287fa
05c042ebd6f763d072a86cac025584f0	6	75e49947773e5afb
05c042ebd6f763d072a86cac025584f0	20	a087551f34a37320
05c46c3abf7acb1337d74ce98da20ec3	6	9cf8de3081db3ea1
05c46c3abf7acb1337d74ce98da20ec3	20	9cf8de3081db3ea1
05c52a5f9133f5afca84767f2eff98fa	6	30b45ec394bbfef4
05c52a5f9133f5afca84767f2eff98fa	20	d007eb767b76de8f
05c5ed370ea11a2c19c111f4a5979921	6	32a0946b50378613
05c5ed370ea11a2c19c111f4a5979921	20	32a0946b50378613
05c5ff612371a5773e857212174f625b	6	67277147e404b911
05c5ff612371a5773e857212174f625b	20	d569e25f997971a0
05c75485e42f747b9dba8da1aa1133ea	6	7c116de0d441446c
05c75485e42f747b9dba8da1aa1133ea	20	b9c10e53a71f9014
05c7d8c4a5be0da9995e180fe65f0d9e	6	d4496caf59ba633a
05c7d8c4a5be0da9995e180fe65f0d9e	20	d4496caf59ba633a
05c8e94aaee86390eaf6e68dd3ec3570	6	29e913e40f0107a4
05c8e94aaee86390eaf6e68dd3ec3570	20	c2ebc41b61b6e517
05cc4564c3160e7da7be1142f0448771	6	8cae202da35abc98
05cc4564c3160e7da7be1142f0448771	20	8cae202da35abc98
05cca3e64d2d7766f5eb8eaff105eb40	6	f70ab63ab5bbda10
05cca3e64d2d7766f5eb8eaff105eb40	20	4fc2b1a2766117d4
05cf9b400cec8d7e6a606b8a2087ea3e	6	4f33cec1ee27e588
05cf9b400cec8d7e6a606b8a2087ea3e	20	b548b6a9e75d9f8c
05cfa69444404b03cce3310bfd633119	6	b12a0ffe5ebd42e1
05cfa69444404b03cce3310bfd633119	20	521a84751a7f859c
05d14498d98fd6ea69d30136eb95dcb3	6	3779eb6684eab01f
05d14498d98fd6ea69d30136eb95dcb3	20	3779eb6684eab01f
05d1a5e83b3a86de7598a1e089a86b21	6	7277724211adb39c
05d1a5e83b3a86de7598a1e089a86b21	20	3b0205e75b662d01
05d1e403eb79a9a1b4fd0182be89299b	6	5040007411328673
05d1e403eb79a9a1b4fd0182be89299b	20	6c78936821324bdb
05d545d220f72a6d28004dd5b092594d	6	ee4035914d828254
05d545d220f72a6d28004dd5b092594d	20	ee4035914d828254
05d6efa039dad1b207f1649aa4449fd2	6	45846368351c19f9
05d6efa039dad1b207f1649aa4449fd2	20	eac3eb8f0f8fff60
05ddfe38031a7974a3d0510018ab253c	6	d45961173bbc18e7
05ddfe38031a7974a3d0510018ab253c	20	af898fae976e3c3b
05df4430054ceba4fa065806e8c65041	6	ab172b2a35fbd35f
05df4430054ceba4fa065806e8c65041	20	ab172b2a35fbd35f
05e291c40b85447a181d7de47ae1a2bf	6	dd175623f53c9c64
05e291c40b85447a181d7de47ae1a2bf	20	257e5ee902ca1cf4
05e5b5a37a0d7cb5e96c82b84bbdca66	6	01ed02520b0761ac
05e5b5a37a0d7cb5e96c82b84bbdca66	20	30b990cb6dabf452
05e877d2709b8c20b3485e6b68c98bc0	6	1e88ed98e1aa691d
05e877d2709b8c20b3485e6b68c98bc0	20	eb5405536175d4fb
05eb87eb6fecb7a8a3bdc25154412c1d	6	6cef9bc7e0814773
05eb87eb6fecb7a8a3bdc25154412c1d	20	6cef9bc7e0814773
05ed64e4e6229f446082752936768489	6	bd7cd6a2633d139c
05ed64e4e6229f446082752936768489	20	bd7cd6a2633d139c
05ed840c0a907e88e475c931f40fab83	6	74fa7bb6a97ca9dd
05ed840c0a907e88e475c931f40fab83	20	74fa7bb6a97ca9dd
05eee75ab69270c322b9ef6bc1ee8604	6	865547c8d2691eef
05eee75ab69270c322b9ef6bc1ee8604	20	00fab42b3fbd7d7f
05f3a48298721d68cded8618b432e7c3	6	cb7172b68fff912e
05f3a48298721d68cded8618b432e7c3	20	903051b12f0b7ef2
05f5567936f582edc0d3ea9903f540bc	6	4fa9f9bf81992042
05f5567936f582edc0d3ea9903f540bc	20	7619d94db13ba334
05f6dbdbe30aaec98ca5fc1ce5a662b1	6	fa463f34ad6961e9
05f6dbdbe30aaec98ca5fc1ce5a662b1	20	8204318944079385
05f7448ef6a998da4d58a15cebe0b6ba	6	984009e2414b5255
05f7448ef6a998da4d58a15cebe0b6ba	20	ff16fb0583de821a
05f8ffcc6372f5475a0b7c61b46c162e	6	1b2b3996a33f9b90
05f8ffcc6372f5475a0b7c61b46c162e	20	1b2b3996a33f9b90
05fa3b96505ec198385ce8bbb02d27df	6	4dea7d34c5141810
05fa3b96505ec198385ce8bbb02d27df	20	feeb78ea406c8030
05fa862fc7acabb822b6f2afb5fb6973	6	5992d935c5805372
05fa862fc7acabb822b6f2afb5fb6973	20	760b90c535b19dc7
05fb1e489956554f9115344bce4e71c7	6	64239e76f3433dbd
05fb1e489956554f9115344bce4e71c7	20	4d5c0a599b2cb1dc
05fbbab9f0baf819ed9593cca8587629	6	10a94a379448cc8f
05fbbab9f0baf819ed9593cca8587629	20	8acd462cc92cdf88
05ff725eef6dbf5b1bff07bedd89d6c0	6	e74cdff99ff9e3f1
05ff725eef6dbf5b1bff07bedd89d6c0	20	3ec2a1532bf76b28
05ffa991da7ff48826faa3607de22e60	6	9b0f8ff4939a58b1
05ffa991da7ff48826faa3607de22e60	20	16130dab2fe4e41d
0601e6379f576d6ad6eaddcb5798c13c	6	9c6b1313c806c1b5
0601e6379f576d6ad6eaddcb5798c13c	20	1db5e62e4fcf66a1
06049cbbea67b138b7900b6c7c5730de	6	e5576633cf2329e0
06049cbbea67b138b7900b6c7c5730de	20	00f5b25de5e9f9b7
060ad8240dd120ae1017c31c17fa88e9	6	d8460a323fe628ef
060ad8240dd120ae1017c31c17fa88e9	20	7cc03edebd8eb887
060b7ed7ef9e59576b9ee62c998a5103	6	0ec342f2618f4fae
060b7ed7ef9e59576b9ee62c998a5103	20	d80143c1a2b66807
060eaa97b6072e7d3ef9087d2421ddeb	6	0f6ea93fad2a26e2
060eaa97b6072e7d3ef9087d2421ddeb	20	0f6ea93fad2a26e2
0611c9a290bc9dc289bc097c9662913c	6	be259f6eceea42a4
0611c9a290bc9dc289bc097c9662913c	20	0d399a2382e5b7fa
0612deb9e6268ddf1381d042ab2e52ce	6	5fa1d898fd5ef7d3
0612deb9e6268ddf1381d042ab2e52ce	20	81bdcac432f49d43
0614e1ae5100ee0aca4ea24424479fa3	6	f5483c5022cf4d3a
0614e1ae5100ee0aca4ea24424479fa3	20	f5483c5022cf4d3a
06166a0dd78f45c213add974a6711dfe	6	0be9b71480328001
06166a0dd78f45c213add974a6711dfe	20	401707c42a0e0a92
0616ca6b1e0ae639d12e19ed310963a9	6	ebe93e0e44eac647
0616ca6b1e0ae639d12e19ed310963a9	20	4602dad0f35e12ba
06172049e6804cbfb07f993023f2684f	6	a13e52855587235d
06172049e6804cbfb07f993023f2684f	20	a13e52855587235d
06221f824342f77b3d6cce7f05d70fe2	6	a29ff953be665984
06221f824342f77b3d6cce7f05d70fe2	20	a29ff953be665984
062b340de8f5fdb7ad62c3ec8a7d50ac	6	67085e40e2df84a5
062b340de8f5fdb7ad62c3ec8a7d50ac	20	67085e40e2df84a5
062c3f614211a999d533cf5ba9108e5e	6	ee44c293515ccd2f
062c3f614211a999d533cf5ba9108e5e	20	ee44c293515ccd2f
062e0ba3b2995f2a089b92e5bf004931	6	a690d56cf3b1009f
062e0ba3b2995f2a089b92e5bf004931	20	a690d56cf3b1009f
062ecaf3e25632b7b6a20134f11c27e4	6	28ccf86940e5cbf5
062ecaf3e25632b7b6a20134f11c27e4	20	99df7cf0094a0d9e
062f58e44eb73f9274b57af5092cad90	6	c37899b877316025
062f58e44eb73f9274b57af5092cad90	20	8ba292bd5847c4b6
0631fa9d32573af7de0062dd3ad42d2a	6	579459f510b9c568
0631fa9d32573af7de0062dd3ad42d2a	20	579459f510b9c568
06326dd7bab63b892d2c147d5928468c	6	ea6badf13172fad7
06326dd7bab63b892d2c147d5928468c	20	8c8c0aa3c5ddc88c
063486c4a139ae7a3874a5bac3459217	6	ea28d05d227d03e4
063486c4a139ae7a3874a5bac3459217	20	a1c0e9eb8c0b75b8
06385be5ecfc7df22b2c956093cef85f	6	fa115ff48b44a0bd
06385be5ecfc7df22b2c956093cef85f	20	a82698e997073bf9
063beadfa9d6dbd569d12aacbcb300c5	6	0877b83938a0d5c2
063beadfa9d6dbd569d12aacbcb300c5	20	0877b83938a0d5c2
06441d7b824ead0325b07d7d7e943ddb	6	5eff4fd55f92d8c7
06441d7b824ead0325b07d7d7e943ddb	20	10e2313722661548
064850977be6689e4aa2165adbd8e866	6	4d00c94a8b774fe9
064850977be6689e4aa2165adbd8e866	20	8937c5f52bfba623
064ba3c61c5f105104edec8305853711	6	c5ad64b3194ac50d
064ba3c61c5f105104edec8305853711	20	6cd84308f1ba5d2a
064bf6dbb752a83b4d3602779a4f5795	6	af54f77290c2b44d
064bf6dbb752a83b4d3602779a4f5795	20	8ac3e9caf1ca5dc6
064cf5ae720265bdb95f553557e41f18	6	6819ce3e7d40fdd9
064cf5ae720265bdb95f553557e41f18	20	1904900b91a60652
064fe286277f695f42b556ef991036ff	6	be14c27d136b63b0
064fe286277f695f42b556ef991036ff	20	57ce3372edbd2815
065036e33ca5a147c353956348fc8cc5	6	a371a967b4806cb4
065036e33ca5a147c353956348fc8cc5	20	b6bfe6ae3bdb84f2
06536364700e9f2297d14f2aa5a425bd	6	607a4c454818c4aa
06536364700e9f2297d14f2aa5a425bd	20	607a4c454818c4aa
065775fe69392642261b1436fbd6bab4	6	83e862245f37262d
065775fe69392642261b1436fbd6bab4	20	83e862245f37262d
0657d7556552d692a009861a8df0187d	6	3b6e7fad21cc596b
0657d7556552d692a009861a8df0187d	20	49cedce271f9bb4f
065882225b28a15ec62af09030001ee5	6	5d2277b41456cb43
065882225b28a15ec62af09030001ee5	20	d07ac77f765bc678
065b141f5b24a1ea858f9e63bf13d0cf	6	f0977c9f124346dd
065b141f5b24a1ea858f9e63bf13d0cf	20	fb675e0517240f3e
0662b68319b8438792d39a221786680b	6	f32f05ac876f715b
0662b68319b8438792d39a221786680b	20	7fd0860bd4510a08
0662df257be6c6d0691729cb23a17386	6	d8c135507fe77636
0662df257be6c6d0691729cb23a17386	20	d8c135507fe77636
066813ab5f3b7b1cc6d2847c37f5fae7	6	3973b57586f5f318
066813ab5f3b7b1cc6d2847c37f5fae7	20	4a7bcfb509d5ccb2
0668d86f91d0e8aeea2e3fe722047363	6	a6ebd6aa824e9390
0668d86f91d0e8aeea2e3fe722047363	20	bb5de2c79202fb28
066ade1d9e5bede84a078012ee14fdc5	6	e90b893abc2ad494
066ade1d9e5bede84a078012ee14fdc5	20	43e73feb9c5a6e65
066cc2796adfff0382fed7ae88d5b41d	6	e11b70848ea49df0
066cc2796adfff0382fed7ae88d5b41d	20	0b91feb7dfd2b488
066d6a47dfd9648d913ba8dbce722d75	6	3ded4a61ddec2b9c
066d6a47dfd9648d913ba8dbce722d75	20	49ee74a7332f0414
066f7dc6f15dfe89172f4b32e50ac826	6	32e8915d380cfd00
066f7dc6f15dfe89172f4b32e50ac826	20	32e8915d380cfd00
0671f3013bf168f4660edfb4b40fbfa5	6	76711cd30f63f746
0671f3013bf168f4660edfb4b40fbfa5	20	8b0eb83c23eb7d37
0674a404bfea717643b7bf30d9f5eefc	6	1efd04c9974e0a10
0674a404bfea717643b7bf30d9f5eefc	20	1efd04c9974e0a10
06767f7b8e23fd24f6df74fefef9c48c	6	2cb30625f0d6650b
06767f7b8e23fd24f6df74fefef9c48c	20	2cb30625f0d6650b
067dc6945c4aec1c2bc1fdc2e5819124	6	ed30f83676a2b260
067dc6945c4aec1c2bc1fdc2e5819124	20	ed30f83676a2b260
0680b380fc7a80df4c5a33ed23e11ddc	6	6ec4b22dc26b6232
0680b380fc7a80df4c5a33ed23e11ddc	20	f5c545583ae3feba
06810c46387bda32e8a1486bac64a7af	6	8bcc49e5fe08d1e5
06810c46387bda32e8a1486bac64a7af	20	ce4f1e62043faa8b
0684c9b8439112b0e3202dc1f13bae65	6	0553f4b3983682ed
0684c9b8439112b0e3202dc1f13bae65	20	0553f4b3983682ed
068594cad63ad63966d00272acbe72f7	6	6b919681f0a766a9
068594cad63ad63966d00272acbe72f7	20	d51e9112b2b81225
06872e73223dc74c76b06f37a185dc22	6	5a11c535e1e11437
06872e73223dc74c76b06f37a185dc22	20	e8bc3f0585c248ae
068ab49cd35aa24078cd23170599484c	6	9973fd16481f98ac
068ab49cd35aa24078cd23170599484c	20	9973fd16481f98ac
068c64314f0f8405bc28bb4c52647145	6	207f56e8bd030bbc
068c64314f0f8405bc28bb4c52647145	20	a8a375f672f247ab
068f2d23820541fe4eaebfb072bd6cbb	6	cdee42f5c2f5b206
068f2d23820541fe4eaebfb072bd6cbb	20	bdf2de0fa3c33d9a
0696cb4f18fd63cc94f319fab92119e5	6	a3dcc2fc6712b98f
0696cb4f18fd63cc94f319fab92119e5	20	720d1c41ad92d301
0697524f77ccd503f7e5fe15f23a1268	6	4a592e468a5d284b
0697524f77ccd503f7e5fe15f23a1268	20	cc4eb2f959238ecc
069978487284dbdafb1bb8860adf19f0	6	1458bb87467e764e
069978487284dbdafb1bb8860adf19f0	20	0e5acc91686267e1
069c9e38f21a431a293c2c158e43f1f1	6	d80af165fe48e11c
069c9e38f21a431a293c2c158e43f1f1	20	7c35547ccf74755f
069f7d519e820f6b879f880703907bb3	6	8c3fde5c828e7b58
069f7d519e820f6b879f880703907bb3	20	8c3fde5c828e7b58
06a36581f14e399a76a5110449ebe739	6	ec24e6ef99607d65
06a36581f14e399a76a5110449ebe739	20	62a07690b078295d
06a572c0ad87e4465dc82c3d94efa599	6	f25227e535a9784d
06a572c0ad87e4465dc82c3d94efa599	20	cc04e0ca3272b67c
06a91842354cefee9d432cfd3ed50100	6	42dfa0b422eab28a
06a91842354cefee9d432cfd3ed50100	20	7e3a29d654d32323
06a9fbce25234a6938bcab419bcb54e3	6	4028577ef563d4dd
06a9fbce25234a6938bcab419bcb54e3	20	c6b82243d5250b84
06aac1637bcefa8de3a9901f3c030d9f	6	7f85ed644e2473b8
06aac1637bcefa8de3a9901f3c030d9f	20	7f85ed644e2473b8
06ab2f3544c15dad7b9e4bfbce9982cf	6	3f0b17af6e587900
06ab2f3544c15dad7b9e4bfbce9982cf	20	3f0b17af6e587900
06ac25321a9e8a0e2653ae9fc72ff939	6	0ecb17e0e470d577
06ac25321a9e8a0e2653ae9fc72ff939	20	c98c59a4a6c10b17
06ac45adf49f5e65a05904420e22def6	6	9d1d5e2b076744a8
06ac45adf49f5e65a05904420e22def6	20	dd169619f6bc69cd
06af18723348ccdd9b0fc20bfda1d7ff	6	8986006e6cdf59db
06af18723348ccdd9b0fc20bfda1d7ff	20	614ae39ecf179e33
06afd800584013b69acf3ceb8a92dd39	6	0de7d135635cf8cd
06afd800584013b69acf3ceb8a92dd39	20	0de7d135635cf8cd
06b138e8a6da806e88ac7da2919cef30	6	78acc2c41f3ff746
06b138e8a6da806e88ac7da2919cef30	20	746eaafdd6b3a551
06b234d992399a10a26d5be67230a20c	6	bfcaac9a97e98c38
06b234d992399a10a26d5be67230a20c	20	693bb6367bf7e323
06b238df161c9e24a31890a08bca22df	6	15c6c2521922d67a
06b238df161c9e24a31890a08bca22df	20	15c6c2521922d67a
06b27debc937e605bb3198297d4ccaf1	6	9ee24d9b1fde57da
06b27debc937e605bb3198297d4ccaf1	20	f96d2487bba24433
06b3fbd3e0d8f0679e979e88d852089a	6	14b176742f2ddfcb
06b3fbd3e0d8f0679e979e88d852089a	20	a3496d1e58bbe5a1
06b4ea25b64b0ea42d68fb06534a7e7b	6	5eb0378c2c4a9c51
06b4ea25b64b0ea42d68fb06534a7e7b	20	2ad96f11a061f9a5
06b6606fd021e9b4412bfc2fc42d7b0a	6	6245db55f1f746c1
06b6606fd021e9b4412bfc2fc42d7b0a	20	6245db55f1f746c1
06b6aecc3400ca0449c6b34efa6b2910	6	3aa38ab4bd04bd48
06b6aecc3400ca0449c6b34efa6b2910	20	3aa38ab4bd04bd48
06b6d7b1e7f26c4290413956ada422a2	6	dd9631d89a26f6de
06b6d7b1e7f26c4290413956ada422a2	20	5155fc4367bf5f3d
06bb08c9c8624d8f6d795d1127eebffe	6	cd87bd3749225212
06bb08c9c8624d8f6d795d1127eebffe	20	638a59f9d04564a9
06bfd83d0fba6a831d1f6db32b587d2b	6	87256388e4d9d7c3
06bfd83d0fba6a831d1f6db32b587d2b	20	87256388e4d9d7c3
06c4a06f6c791ebcbd2e90f94d898cee	6	f87df5da7b4d2f6e
06c4a06f6c791ebcbd2e90f94d898cee	20	4cae086888e0f772
06c6e5b5ec743e16bc55089bf42546ad	6	801f4fdd4cfe7de0
06c6e5b5ec743e16bc55089bf42546ad	20	8920f3e9165e0bb4
06c775a3db8f039e5684629a63398552	6	c4011e05dc7544f7
06c775a3db8f039e5684629a63398552	20	a28a630bb905103e
06c9e7d682595a3ea26501bd57bc36a7	6	63f160e0ebcc1ceb
06c9e7d682595a3ea26501bd57bc36a7	20	63f160e0ebcc1ceb
06cf898b21f50c827248a0f09c1d9b20	6	a3c6ba205005d1bf
06cf898b21f50c827248a0f09c1d9b20	20	74c3bcabdcbc6fac
06d2543c151c2478fde159c6dc0424ac	6	59824e9070a95757
06d2543c151c2478fde159c6dc0424ac	20	717958b60e32090e
06d38596ee5a5fd90877de6c04ede06b	6	f74f5b9f67ad02c7
06d38596ee5a5fd90877de6c04ede06b	20	7ecb58fcf49c7b60
06d65173e592488f8199e9388d4d261c	6	f1efca46e73b4293
06d65173e592488f8199e9388d4d261c	20	f1efca46e73b4293
06d6f4f8c3ac52d034143eca8d62d1e7	6	c076b21cf3521219
06d6f4f8c3ac52d034143eca8d62d1e7	20	3d7c223db443c8e2
06d7ddacd91c84d9c6be5ace491b410a	6	12b0946001d52f79
06d7ddacd91c84d9c6be5ace491b410a	20	12b0946001d52f79
06d96f79264e9991a5a0a417c401657a	6	be1958f2595cb8d5
06d96f79264e9991a5a0a417c401657a	20	5fa549b243080f17
06dd675f4930318f9a4e68c5737059f7	6	d9331457aec74908
06dd675f4930318f9a4e68c5737059f7	20	42508c3c6730c8fe
06df09f5ff0b34724a6f43c12560c0b1	6	6e06842c90d08fd0
06df09f5ff0b34724a6f43c12560c0b1	20	23be197699a7459e
06df75fc09ba7eb9f0ffb8d45aa8edfb	6	372c5204e7874497
06df75fc09ba7eb9f0ffb8d45aa8edfb	20	66a459d3763df4a8
06e03d438c75d06f8df09f2999509749	6	0295196704ba574a
06e03d438c75d06f8df09f2999509749	20	0295196704ba574a
06e13d42320e5c9d06d63abce2e978fe	6	7971868026c60ad5
06e13d42320e5c9d06d63abce2e978fe	20	7971868026c60ad5
06e46ab0acac57a61638cbb741949a98	6	6103dd088324e0ba
06e46ab0acac57a61638cbb741949a98	20	6103dd088324e0ba
06e5233a7d177a4f94b8a05eadb45368	6	c4e95b27c60d6136
06e5233a7d177a4f94b8a05eadb45368	20	0d8894abe17e8fcc
06e91448c6aacd9086890ea46b4659b0	6	3e92da05e0f1a7f5
06e91448c6aacd9086890ea46b4659b0	20	fc4de84ff3aa67c8
06e928088bd822602edb83e41ce8dadb	6	24412efedb4e35b6
06e928088bd822602edb83e41ce8dadb	20	8e742d582eee2ffd
06e997650b24ac5b5f87c1c64f4a5dcb	6	0382c6943594ff84
06e997650b24ac5b5f87c1c64f4a5dcb	20	37cbcdc65d64180e
06eca5bfcdc4fbde5715c34c87f9ab75	6	af7856212ff6a91d
06eca5bfcdc4fbde5715c34c87f9ab75	20	af30f211d22f47f3
06f2da87052cef073227b497fcfcec79	6	a53c204173a43a68
06f2da87052cef073227b497fcfcec79	20	a53c204173a43a68
06f4af23f9bd78087cf965f58487ae6b	6	0dcc8bfc29a82d05
06f4af23f9bd78087cf965f58487ae6b	20	3695f85f04033599
06f538d7af257560476f9100e36d4445	6	85e30b4e267f4e54
06f538d7af257560476f9100e36d4445	20	c2fc2274a1f34d0a
06f692ab71fb031118f4c946556eca52	6	6202d5abf3bab22b
06f692ab71fb031118f4c946556eca52	20	91d941d87478e57c
06fef0b1347542d174e91d14db9e104a	6	7a6d22ae031b41c5
06fef0b1347542d174e91d14db9e104a	20	d2b4a8e8fa5f52ae
0700de953ca94b49501cb311542ee5fb	6	f2a8046d8765969b
0700de953ca94b49501cb311542ee5fb	20	cf939cfbc853b857
0701a1e3481e99b590185bd6a3f8631c	6	e4e544633edde444
0701a1e3481e99b590185bd6a3f8631c	20	bb914519d6d45c0f
0701a5b57f9b37c5fcb77463c8582693	6	e8ba678ef96a4d04
0701a5b57f9b37c5fcb77463c8582693	20	e3d651160b87794a
07022ad84cf8decdf213d2fd2c59fbae	6	b08c45e5da447536
07022ad84cf8decdf213d2fd2c59fbae	20	443ddaf3a84bf59c
07037b045d5d9dd7d777fa8a3b0366a3	6	d178053445109a3f
07037b045d5d9dd7d777fa8a3b0366a3	20	d178053445109a3f
0703f9c5516bcc84a0c03e872066523f	6	26325a010739bba1
0703f9c5516bcc84a0c03e872066523f	20	d5011cb127fae82c
0704b6d19c7f53060c2e6b918b955226	6	fc16b17cb8b6ec8c
0704b6d19c7f53060c2e6b918b955226	20	7641026fa94992ff
0705e4046a68c2cca4aefb38db7e9c40	6	b3ae5edbfdac8745
0705e4046a68c2cca4aefb38db7e9c40	20	d4ae38a34986d5da
070679b773977c574b9c7b14c7bd923f	6	3b827bc3d57c7e44
070679b773977c574b9c7b14c7bd923f	20	ea443a093d636d1c
070837da5e4923b6a5f8c0ba0e6ce0e2	6	d08757d30eb960ea
070837da5e4923b6a5f8c0ba0e6ce0e2	20	894b4ebd1d1e8bf5
0708595c44d0a967151517a03927d87d	6	b6effcb69f99998d
0708595c44d0a967151517a03927d87d	20	b0352a8a33cc3c76
0709175593f5f943e5a793e15ae08395	6	522baa41aa012d7e
0709175593f5f943e5a793e15ae08395	20	a4175ff2b259c4c4
070e8e1dc84ee670df55e253450b47a4	6	b80030ea86dd371d
070e8e1dc84ee670df55e253450b47a4	20	17b5cab5f363aea8
070fde310eca4ddf6967896052efcb30	6	73520e7f372733c4
070fde310eca4ddf6967896052efcb30	20	3af21eed3d320793
0712c7bb6ba573f67604efbf64f37656	6	9faa420768181421
0712c7bb6ba573f67604efbf64f37656	20	9faa420768181421
071e54205d91b7c174af2ca7f686f09b	6	6c49ea99a6d5573e
071e54205d91b7c174af2ca7f686f09b	20	775530ff4584d8ac
072199fed1704b4d1e60b996931c3d6b	6	ce0b4e6f6dec1dfa
072199fed1704b4d1e60b996931c3d6b	20	9f0ec0cf2e2b1f7a
072785fd927ff0fd180ce8b9cc00078f	6	c7ac300fb24ddc14
072785fd927ff0fd180ce8b9cc00078f	20	c7ac300fb24ddc14
07284bf15be6d7faa78d4deb46c6b275	6	f0674a27b7626999
07284bf15be6d7faa78d4deb46c6b275	20	77c59c3d80afab34
072af700ad0e8957ebbaf2993d850923	6	e3bfd6fcf2981923
072af700ad0e8957ebbaf2993d850923	20	7e29800329a10819
072cef48d683bfde42340d0ba84c5b1a	6	338cb786ed6de3fd
072cef48d683bfde42340d0ba84c5b1a	20	338cb786ed6de3fd
0733ae02d303c907fa2887f9fbb4ff55	6	147e95b2237b72ba
0733ae02d303c907fa2887f9fbb4ff55	20	147e95b2237b72ba
0737a716930b33a5979d86c1eebd835b	6	8c9042038e2e7f76
0737a716930b33a5979d86c1eebd835b	20	ad647148db00f1ad
0739014c268a5a12568d0e641f88ad3c	6	027c5334f06ceb9b
0739014c268a5a12568d0e641f88ad3c	20	57c548c6eb55d385
0739de5c877d844ce28f81e00916a884	6	4509bcda942648b4
0739de5c877d844ce28f81e00916a884	20	579dcbde0b56bd43
073a405fde5b5c7434281729f24d8728	6	491d1756e95c6335
073a405fde5b5c7434281729f24d8728	20	91d842ac0eb5e771
073c28dfd3204f4c51e03c297ac841c1	6	07b1e3bdf8445684
073c28dfd3204f4c51e03c297ac841c1	20	d8bd070533c06f56
0742147dd68e5410c79a8506a7f54a1d	6	866be6df25e3b244
0742147dd68e5410c79a8506a7f54a1d	20	8b5140c523482bfd
07434c4f17715737ade130bc6c57cf9d	6	2c591741952240f6
07434c4f17715737ade130bc6c57cf9d	20	2c591741952240f6
074394da9029d9c82840091246607065	6	dcc29aefcadac63a
074394da9029d9c82840091246607065	20	fb25d5fdb19bf7de
0746ab2982f4d8c28f10df0900857dd5	6	edfa9be81f6c16ce
0746ab2982f4d8c28f10df0900857dd5	20	16a852ff90d35f44
074dc4fde5af08b45569f981209e8b76	6	687cd275b82be618
074dc4fde5af08b45569f981209e8b76	20	687cd275b82be618
074ff9642153695f0fe804049c743f69	6	f5b1fc75d1007432
074ff9642153695f0fe804049c743f69	20	c5d053d73975b264
0754e62937ec75e569b8b4122ad77d7d	6	6cde0523b5b8643e
0754e62937ec75e569b8b4122ad77d7d	20	4791fb1eca985011
075c4fe7ae4cef57f1a4c00e58142e23	6	83000a84ce5a0c4e
075c4fe7ae4cef57f1a4c00e58142e23	20	1b54c4766d684992
075ca0a158690a55b7254d9aaee2e103	6	91de4125716f34c3
075ca0a158690a55b7254d9aaee2e103	20	ace1b56e45c474ff
075e1eef00500b25ceb5ea4823ccf1b0	6	5de9f76ce256c885
075e1eef00500b25ceb5ea4823ccf1b0	20	5de9f76ce256c885
076305ce31dd18724a3de91045800acc	6	0e2d4337f5481372
076305ce31dd18724a3de91045800acc	20	4263c0283d08ce35
07638411f023fe6a4334c53384415f11	6	43e214ed1f68798b
07638411f023fe6a4334c53384415f11	20	43e214ed1f68798b
07682e22f82f9257d44b45777ac06168	6	340bba180054ac52
07682e22f82f9257d44b45777ac06168	20	340bba180054ac52
076955ba5ecdc2feb4587a8abdbe334b	6	62ffde7bd2a4ab81
076955ba5ecdc2feb4587a8abdbe334b	20	a1a814f88e1ddc80
076ab0a078db7377f3e7cfd6c2aab988	6	8e25a6fc315f7360
076ab0a078db7377f3e7cfd6c2aab988	20	c8a67f53204a017c
076d4d6f83306ee69c35e3c99e30d8f8	6	8de7d8c2f6ae8fc7
076d4d6f83306ee69c35e3c99e30d8f8	20	725ac805d25315b5
076d84ee418eb4192d427e34d8829b93	6	2867701cc7e575f7
076d84ee418eb4192d427e34d8829b93	20	e08f98f78d4e4bce
076fba8945d3a54a06f326474477077d	6	665db026f1dc4340
076fba8945d3a54a06f326474477077d	20	b012c3864a00e2cb
077942bcf7e284fd504ab832e1fa92b3	6	f9061b6fac2e6588
077942bcf7e284fd504ab832e1fa92b3	20	d12a5c4d477de9da
0779cddacfa34241cdf579cb2370ab8e	6	5f4d2e592fa68b9c
0779cddacfa34241cdf579cb2370ab8e	20	cadf832577a7a19a
0779ed19ae69bf464cce003d1a573246	6	8b416618c042fd6d
0779ed19ae69bf464cce003d1a573246	20	8b416618c042fd6d
077a1a0ffd35b0166ac094b64b7de50e	6	efccbe8ada047d03
077a1a0ffd35b0166ac094b64b7de50e	20	efccbe8ada047d03
077a92393c59108b44554b67217c8d7a	6	d77231ee0c53591d
077a92393c59108b44554b67217c8d7a	20	3c2e6c485773fad2
07851afab30a10e44c8c3a2ae7806177	6	1fdd97670305b172
07851afab30a10e44c8c3a2ae7806177	20	bb3f5edbe6e48e9a
0785d79729317f6ff8323ee9b0cf27b5	6	2b68cccbbe810797
0785d79729317f6ff8323ee9b0cf27b5	20	eca226829efaa886
07896fe3639c24cd24bb032ae19199cc	6	90fb2776815f8981
07896fe3639c24cd24bb032ae19199cc	20	5a529b32638bffff
078f045706cfda160cbe9d1f042df57a	6	57439e11b885093e
078f045706cfda160cbe9d1f042df57a	20	259997bb1859fad9
079052907b863d58dae49e3bf9a89ef3	6	25106705edb1c3ad
079052907b863d58dae49e3bf9a89ef3	20	2fef98314cb7845d
0793e9607e3293c505b0fa62cbb4258d	6	de9fd92e61076711
0793e9607e3293c505b0fa62cbb4258d	20	de9fd92e61076711
0798737b490f0acf01738b9a45f0f2ab	6	d3c6232c54e8deb3
0798737b490f0acf01738b9a45f0f2ab	20	1da07f4c985cb2d8
07989235cf5ccffe2feed68ae979364a	6	7c8d4d4752ff2db6
07989235cf5ccffe2feed68ae979364a	20	abf0a370dbde9f3d
079b400eede86df1f1ffd6a3c303278b	6	84cba84dafe1da3d
079b400eede86df1f1ffd6a3c303278b	20	b31d7ee7bcd5a73e
079b877e6d9da81bd36fc7bf8a812aa2	6	2c167b42ac2b78e2
079b877e6d9da81bd36fc7bf8a812aa2	20	2c167b42ac2b78e2
079eca299ac6b96fc9c52995fcbf24a1	6	c60183e76c66df0d
079eca299ac6b96fc9c52995fcbf24a1	20	5f7be189e2f16c85
079fec8d04a6ee936227ea90ea0903bf	6	c8cf6469aee9fbbe
079fec8d04a6ee936227ea90ea0903bf	20	7f1d3a39d9c43225
07a160f359fe4e472773551d69816e83	6	2356733f28e0c497
07a160f359fe4e472773551d69816e83	20	186ed617ef9cc2e2
07a27fe792de37e758e3351f270324c2	6	5218ceed229dd0ea
07a27fe792de37e758e3351f270324c2	20	b251517aa735382c
07a39b7677af6e435341c115ad5772ce	6	bd0f7d2bcb46ced8
07a39b7677af6e435341c115ad5772ce	20	6adef9c5c931c861
07aa35ddde44c01733038e5013b5a6ef	6	f902955e6e511394
07aa35ddde44c01733038e5013b5a6ef	20	7258403c68947ca0
07ab9b6d4190543591cbb0824588d392	6	d30ccfa3d4cba6f1
07ab9b6d4190543591cbb0824588d392	20	457554c7ad4ecc90
07ac31424ed38f27d6b93195358e3968	6	c9dccbd5d3a247d3
07ac31424ed38f27d6b93195358e3968	20	a4c19a2a76061b31
07aeafc4ee93bb832fa134d4f5971cf6	6	43033708cb35f40b
07aeafc4ee93bb832fa134d4f5971cf6	20	a35e98d3b4b77189
07b22dd6ccdd07fa12548656c4ea97a6	6	b5842f193221a2ef
07b22dd6ccdd07fa12548656c4ea97a6	20	b5842f193221a2ef
07b46ab6d0c938fee77651dc4b63e1d6	6	0ff99c0b5f80ad31
07b46ab6d0c938fee77651dc4b63e1d6	20	acc8c3072578a924
07b476c83150d3cb7e08f5d045e255ab	6	477d24f3298e31a9
07b476c83150d3cb7e08f5d045e255ab	20	d05d148be8926b55
07b48aebb6cc968704afb001b7a50d8d	6	2f20dfde86687acd
07b48aebb6cc968704afb001b7a50d8d	20	8e7619df787b331f
07b55eb389b521faf2ea347a14b68938	6	6ad2a83e2892f839
07b55eb389b521faf2ea347a14b68938	20	833173d0fa0f7a35
07b6f34060b07d837482bfc3f238b252	6	1468d2dbe7bc0e9f
07b6f34060b07d837482bfc3f238b252	20	1468d2dbe7bc0e9f
07b7859003d84402cbb1ebdc37655d55	6	0aacfd142583bf6d
07b7859003d84402cbb1ebdc37655d55	20	fe1d9f32d2384d5d
07b8a0ca2372125b645a2fa257367ea9	6	cf4285a5c175b79d
07b8a0ca2372125b645a2fa257367ea9	20	d0b344079ee315f4
07b9e86b020a209bd76474c4db8ab14d	6	78cd9b1d0f2a16a3
07b9e86b020a209bd76474c4db8ab14d	20	78cd9b1d0f2a16a3
07b9f32381ed1420def289ad69994262	6	3b25cb93180d022d
07b9f32381ed1420def289ad69994262	20	3b25cb93180d022d
07ba380599457b2942af3b7cbb304c7b	6	10ae19ead4b6185c
07ba380599457b2942af3b7cbb304c7b	20	ded21d69372f5f0d
07bbbb292324c8d8baeb232e144349fa	6	8c032fc100654a51
07bbbb292324c8d8baeb232e144349fa	20	8c032fc100654a51
07c0800f4df07db586a51cd724332a65	6	4805bd85ba4ab1e4
07c0800f4df07db586a51cd724332a65	20	c92e8ce58bb39109
07c3cce524e2b85d8315ac4397ef08c4	6	034bf8216d097431
07c3cce524e2b85d8315ac4397ef08c4	20	d9bfb53c462c0394
07c50b89d97a55b6e1629999a445a2ba	6	7ff7660a5d8f766f
07c50b89d97a55b6e1629999a445a2ba	20	5ead77dbdcd187be
07c7baadfffe4f343b14dc65a7e62f75	6	3810573edb48e995
07c7baadfffe4f343b14dc65a7e62f75	20	c95ea2b3b89b65f8
07cb45c60089b9008bf3118591a99bf9	6	44bf5de1de2a246a
07cb45c60089b9008bf3118591a99bf9	20	44bf5de1de2a246a
07cea7a64248a60d509368d09d3057c2	6	bb4ed272f6caf08d
07cea7a64248a60d509368d09d3057c2	20	add19e76da2cb5f8
07d0f56eb2e603bebdcad7b76235e225	6	a3f02d43e63a5a72
07d0f56eb2e603bebdcad7b76235e225	20	ad44580393c1e44c
07d2092780df7b212645ddf99edf6e13	6	46eba0ee3e628227
07d2092780df7b212645ddf99edf6e13	20	5b3aacc51cd72a3e
07d20a83feca9295e862a7d583da5971	6	63f6709a46a4b7ea
07d20a83feca9295e862a7d583da5971	20	1508b9c415de57dd
07d3686b96c09ba65403b55f06c8d36b	6	95e7c97f0a0cf527
07d3686b96c09ba65403b55f06c8d36b	20	95e7c97f0a0cf527
07d4876685a00c116054d146cb363bb5	6	816ca7d9904411c4
07d4876685a00c116054d146cb363bb5	20	816ca7d9904411c4
07d889e8690331078d965dd852626e84	6	e85f0f0b0ec9d828
07d889e8690331078d965dd852626e84	20	ec42def3fe54643a
07d92f7130beefd10e6100908a6b0fa1	6	051ed1b24ea0db4b
07d92f7130beefd10e6100908a6b0fa1	20	cc58a62cbfe54034
07d99afd1451385b8f59705370617b80	6	cffb1aed6e972c3d
07d99afd1451385b8f59705370617b80	20	cffb1aed6e972c3d
07da51c683e5fa45251fef460cf66c60	6	8478721addf1722b
07da51c683e5fa45251fef460cf66c60	20	8478721addf1722b
07dab06913ef55d3a42e207a838c5c37	6	2d523351eb220e99
07dab06913ef55d3a42e207a838c5c37	20	e58cd11e65ffaec0
07db5bda1aabc6bf013fd5c22501bda0	6	4fd87e31c07959c8
07db5bda1aabc6bf013fd5c22501bda0	20	4fd87e31c07959c8
07db9248a046677aa28dc35cb46a6ea1	6	12015c640f05dd9f
07db9248a046677aa28dc35cb46a6ea1	20	2c3af4bc02a706fd
07dd1f9bb66d375229df9f9c45237864	6	802a6faa2a5a47f7
07dd1f9bb66d375229df9f9c45237864	20	eabe6d8588428802
07dfdde9b1020080213803c0777a04bf	6	426aa7e8d54c8063
07dfdde9b1020080213803c0777a04bf	20	7639c6ad0a9cd58a
07dfe40c43d9bd2f1c45bf06d490188b	6	5d354e0d324ee39c
07dfe40c43d9bd2f1c45bf06d490188b	20	748ff2e2243ad01b
07dffb6f565305790eb6442b986f1c24	6	fc6e1c90b6521b3f
07dffb6f565305790eb6442b986f1c24	20	d100891802441087
07e064dbe45135dd8b266eea0c0c9b6c	6	d2c5f0e65d499efb
07e064dbe45135dd8b266eea0c0c9b6c	20	d2c5f0e65d499efb
07e1e29969e7eddc13877d118187c68e	6	9ad94a1c84cdd8f0
07e1e29969e7eddc13877d118187c68e	20	9ad94a1c84cdd8f0
07e6413459f92b613498a719125b6239	6	46509616835c0a8d
07e6413459f92b613498a719125b6239	20	24ed409698769411
07e851c74295f7ddf472820c0f0164e8	6	38727a263a3513c8
07e851c74295f7ddf472820c0f0164e8	20	e4ef1b3fdb6af885
07e94be3f47652c83090dbc7576c74d2	6	89f8ae69ab91d095
07e94be3f47652c83090dbc7576c74d2	20	5d3f027211542b20
07ea88806d406de24635fb1aa9e57389	6	fdd18ac5a40e70dd
07ea88806d406de24635fb1aa9e57389	20	fdd18ac5a40e70dd
07eb075757e5ea1d04d3b7ce7b4d9724	6	14dde695a135878e
07eb075757e5ea1d04d3b7ce7b4d9724	20	14dde695a135878e
07ec99f550accd7c9f4cd1bccc8692a1	6	e89c8e68cd9c7420
07ec99f550accd7c9f4cd1bccc8692a1	20	8fffab2503523910
07ed900724afdd89963eb73ca7b9634f	6	0bc87cca77b22a3d
07ed900724afdd89963eb73ca7b9634f	20	0bc87cca77b22a3d
07ef18df9dba70fdd92316b51caf7634	6	e20cbba8f525eb08
07ef18df9dba70fdd92316b51caf7634	20	e20cbba8f525eb08
07f29d4de0b77c6ef5b0a4d1868bb017	6	df2c843c6145b9f0
07f29d4de0b77c6ef5b0a4d1868bb017	20	9e7bd579f4b79d26
07f5f3ca046261c3819c5c888ac837e5	6	818f92dda07a3c24
07f5f3ca046261c3819c5c888ac837e5	20	818f92dda07a3c24
07fa3fcdf3bfea7d119e5b27c26bb189	6	5bc1b8d56a4dd374
07fa3fcdf3bfea7d119e5b27c26bb189	20	f797fb087e780e82
07fc0470c550aa7f7290a9442a3e2a83	6	c26dc56025b449ae
07fc0470c550aa7f7290a9442a3e2a83	20	97de7f01af65b9ce
07fc8dc21a3cac260e41353969025eb5	6	2dee7054a795e5f7
07fc8dc21a3cac260e41353969025eb5	20	14bec051640bac66
0802ae5412e1596c92a036b52792eef7	6	98f9e2d4194a7dfa
0802ae5412e1596c92a036b52792eef7	20	e19f897c1d491eb6
08032add3cca8760e3397cbeaf30fb84	6	ac1d7b1b2e75bfa8
08032add3cca8760e3397cbeaf30fb84	20	b5cbeabca93d0d84
08063f5baf6655656a300c946aaaca60	6	9c669b292700cbd8
08063f5baf6655656a300c946aaaca60	20	9c669b292700cbd8
080896c437245ac25eb6d3ad6df12c4f	6	1dbdb87c496c510f
080896c437245ac25eb6d3ad6df12c4f	20	257c28e7abb47fa6
08099b9ad4ef3dbaa6cb53d8f04a9a5e	6	c4eacd27f9cfe815
08099b9ad4ef3dbaa6cb53d8f04a9a5e	20	c4eacd27f9cfe815
080f5cf5606bfb7ebb93501b8e8a10fd	6	858fde37462e2187
080f5cf5606bfb7ebb93501b8e8a10fd	20	858fde37462e2187
0810eb03d022334fdd1d5a6ad4969d47	6	b46702788496f126
0810eb03d022334fdd1d5a6ad4969d47	20	71cc819ec89de00b
0811f761eee5e4ef28196fd98884a67b	6	c4f5133088cf0514
0811f761eee5e4ef28196fd98884a67b	20	14aef51b04c5781b
081ed301081776dc61bdcab61b720bd1	6	01a763a8d05149b5
081ed301081776dc61bdcab61b720bd1	20	b107ecd2bbcb55da
081eeeb1adf1c1a6c008468703328211	6	cea384f644ac0bc0
081eeeb1adf1c1a6c008468703328211	20	9cb476f8819d6016
081f111af59344b61346367a930e24f6	6	f314cb8ae3c45197
081f111af59344b61346367a930e24f6	20	25120c2f11649e19
081f1d6563c9f40da1854ee2848491df	6	128efa9221d9554a
081f1d6563c9f40da1854ee2848491df	20	128efa9221d9554a
0823bc5f954c6366702877556f0d3680	6	36ad2e3c191d4ada
0823bc5f954c6366702877556f0d3680	20	aa13ab8b966a85ee
0825876c0167b72f69077b744b5c167f	6	b236eda6a58781c6
0825876c0167b72f69077b744b5c167f	20	7ad6a07fde8c444b
082c9fdbce838d9b18260fa5c4de2f5c	6	57004a1eb7ee8efb
082c9fdbce838d9b18260fa5c4de2f5c	20	54c51f5e2bd7680a
082f609e8e33aabc115e355976bc02a8	6	9cd870421521f53a
082f609e8e33aabc115e355976bc02a8	20	2c8fd4aa5504da68
08300e286c3380f7e7291ca6a534c97b	6	9e4b17d762f9d40b
08300e286c3380f7e7291ca6a534c97b	20	bb1f415ccb1876a1
083030713683d8ab8e1d54372f241863	6	6a11518e9f3ead5c
083030713683d8ab8e1d54372f241863	20	1c0348f91110bc9f
083073b7820982b0bd5e9ff7de0b317d	6	76976b2bb21d3f3e
083073b7820982b0bd5e9ff7de0b317d	20	54cc86ff372038be
0831000a5a9727aa5fa3332df10cdb57	6	7f285c2599b328db
0831000a5a9727aa5fa3332df10cdb57	20	2f905c4e0b3c6b89
0832446f790662899f2275ccef2e09fd	6	99d7b1bbdc476cb6
0832446f790662899f2275ccef2e09fd	20	c827bdbb8fc3ec0c
0833521b118f61bdf8198940a6fba69a	6	49277c371b615350
0833521b118f61bdf8198940a6fba69a	20	49277c371b615350
08365e3605c71b5363d5da9dbd92dc8d	6	f08cc28cc5decc1a
08365e3605c71b5363d5da9dbd92dc8d	20	f662da353b311dd9
0839f339c62831cc05032b3a63a98385	6	09ed9215bd43abbb
0839f339c62831cc05032b3a63a98385	20	09ed9215bd43abbb
083f5595bbec3402643615940b179ef2	6	4fd8d4156a1bdf3c
083f5595bbec3402643615940b179ef2	20	6bafb2fc01c71b77
083ff60b002cd12c03837d3f5122844f	6	33d75f5a35a8357f
083ff60b002cd12c03837d3f5122844f	20	20334ef9c1c6e1ee
0842ae941be93eb229e7cdc000445ff6	6	5ff2fcd18b606520
0842ae941be93eb229e7cdc000445ff6	20	5ff2fcd18b606520
0842eb01dc00232edc0b26ccb2f19f25	6	b21235c1d4777609
0842eb01dc00232edc0b26ccb2f19f25	20	d58f7ebdef9c600e
0845065a19d24f0c11ecad0f117d89b1	6	269d404a5e6ce8c3
0845065a19d24f0c11ecad0f117d89b1	20	269d404a5e6ce8c3
08455b2e1e6fda910989f0481a20f1c3	6	2c161cbb6635b323
08455b2e1e6fda910989f0481a20f1c3	20	686c155146e4ef45
0845cac21beb56a1b208735eff6a31dd	6	d0411eb0cd4f21fa
0845cac21beb56a1b208735eff6a31dd	20	db1d68ce323579f2
08469bbccc41da0c124d69c61ce7dc58	6	88eaddbcad2f1977
08469bbccc41da0c124d69c61ce7dc58	20	6bfb94a40d14a0d9
08491a497c1e003292d84347af51ad91	6	cef8bacbe2fc6d24
08491a497c1e003292d84347af51ad91	20	1a6f93f928e5fe92
084b88b00ad7460eca3e5fdb44cf5b42	6	b5fe9cbd7bab270d
084b88b00ad7460eca3e5fdb44cf5b42	20	b5fe9cbd7bab270d
084f6e6da7f9c5125d6f28a044b6225c	6	fa8354b097838a97
084f6e6da7f9c5125d6f28a044b6225c	20	a85ef42913d29a56
084f859b2fa74e16d609c654a6e5fb37	6	816adaea05090ce7
084f859b2fa74e16d609c654a6e5fb37	20	816adaea05090ce7
0850db65220080c130d2f54005f9e2b3	6	5765ad6d186b970b
0850db65220080c130d2f54005f9e2b3	20	0b12b439a4ab1447
08530caa5c9232f2ffc5163cf79b38e7	6	75721c8798f4e861
08530caa5c9232f2ffc5163cf79b38e7	20	2abbfbd480b75729
0854ef1b4b1aab957712863ca3bb86ce	6	2ace49914aaa8ce2
0854ef1b4b1aab957712863ca3bb86ce	20	7e709b52dea44dd2
0855033e761d91ae367e867c5a569f9e	6	84cab7bcc571d232
0855033e761d91ae367e867c5a569f9e	20	40d7d582fe84d894
085792654d945c1de700245916f2c7f6	6	4912c430cfe39fae
085792654d945c1de700245916f2c7f6	20	4e3fad9d0ad376ce
085b8ebc423dcbd70eceaa04229cf5cd	6	b8551372dc746fb2
085b8ebc423dcbd70eceaa04229cf5cd	20	1e2330fe282d54e2
085ede801f42d9729807245a96cf71ab	6	57a50eed11780201
085ede801f42d9729807245a96cf71ab	20	7c9003f6f0873e95
0861f15a38e3614dcc2220a20ed1e96b	6	4958ac57a2efd08c
0861f15a38e3614dcc2220a20ed1e96b	20	aa6feadd86475ea3
086699aee5d37a1816b5afd81a1607dd	6	34ceb7d0c51ac629
086699aee5d37a1816b5afd81a1607dd	20	1546a6f1f36e9469
0872cb17a6fd5afd67a85a7ad72ebcd4	6	3b66cb7c0f8c34d0
0872cb17a6fd5afd67a85a7ad72ebcd4	20	4ba40e59a1fd40f4
08746660617e2a41bf03337d181e7719	6	c3e94e75164eda45
08746660617e2a41bf03337d181e7719	20	a9c052ffd6d36fa0
0876c518e5653369e20fb1ee0bb8db40	6	b77de041a3cb70ed
0876c518e5653369e20fb1ee0bb8db40	20	9ed3579a831520a6
0877d9fd26eac8b48c93935689338acb	6	c2154a2760fa9664
0877d9fd26eac8b48c93935689338acb	20	c2154a2760fa9664
087904d57553076d5b9a1607315314ac	6	f4b37fb44316db97
087904d57553076d5b9a1607315314ac	20	884caaf737a06b54
087b4eb050ff793dc58a3d8e67c78928	6	0574a6795e1eb1d6
087b4eb050ff793dc58a3d8e67c78928	20	0574a6795e1eb1d6
087c98d833ae9f5e94593f10f825143b	6	17740a5783126224
087c98d833ae9f5e94593f10f825143b	20	1647dbc2086eb3e1
087d747b5d4c1782d9bf4b8d12001441	6	44e987c967812a70
087d747b5d4c1782d9bf4b8d12001441	20	b3f0ff80f53a1025
088779a0af750f81050c3eff80b6a83e	6	9159c84e083ac022
088779a0af750f81050c3eff80b6a83e	20	86f2a83d7b52ae6d
088b4f7d1968efe52c8609027b8ec908	6	f2effcd7716f6e01
088b4f7d1968efe52c8609027b8ec908	20	8356ea0ee1a45235
088be8f2dd0eafbbf7c27171a83c325f	6	b547be54878a2761
088be8f2dd0eafbbf7c27171a83c325f	20	04aceb13b42455ed
088c6214346611341f3b8386aad2a54d	6	72d099a0927c3403
088c6214346611341f3b8386aad2a54d	20	531dcd2940d4798b
088ffd086f2d5e55553d5e79aa30aaf5	6	08bb55a2c6488860
088ffd086f2d5e55553d5e79aa30aaf5	20	08bb55a2c6488860
089456508f74be2d96f4112cc495f80a	6	2e051a49ef1bb299
089456508f74be2d96f4112cc495f80a	20	b4b5362202c62329
089556ebc4280793795053996bae2349	6	ec12706eb0bddd07
089556ebc4280793795053996bae2349	20	7a7492f38faff939
08976c104ef1a1efd7b95c7bbb3c3e23	6	ba316dc81489b6c0
08976c104ef1a1efd7b95c7bbb3c3e23	20	3404a1400ae932a1
08991fb6c7c45205df7f2bc2f51fb1d9	6	9b62ef673e1b2bd9
08991fb6c7c45205df7f2bc2f51fb1d9	20	e37e83902d9123c1
089a76488a6965710a5f3743902fd41a	6	5f6f33b3fd139402
089a76488a6965710a5f3743902fd41a	20	d783845c6c42f6cd
089c0775c15f15ad5810c69bab91f31d	6	9d9815dde201770a
089c0775c15f15ad5810c69bab91f31d	20	cb62c5bfb79ef653
089ec06b35d6d5c89f2e47cf030aff36	6	083008e91d420a7d
089ec06b35d6d5c89f2e47cf030aff36	20	083008e91d420a7d
089f909e37b3ef0c4d90687f7e22b68f	6	dd9ff5acc761af38
089f909e37b3ef0c4d90687f7e22b68f	20	167fe40b9a1cbcd7
089fb3a9b41e13d30852e8b023e39ed7	6	0cf7ea41b783b08a
089fb3a9b41e13d30852e8b023e39ed7	20	acbd94e3b0e389d3
08a0b2a5c263a20e058fe1d98b079a13	6	2cc47962c1a8bf8b
08a0b2a5c263a20e058fe1d98b079a13	20	ac9eab87cf19aaee
08a25022c4136f2ceb36db62ce3503bb	6	cfd0dbf423129135
08a25022c4136f2ceb36db62ce3503bb	20	87a6a159ffd61fde
