hash	mode	wlhash	stabilized_at	cpu_time_s	max_mem_kib	local	isohash	family	result	clauses	variables	bytes	cls1	cls2	cls3	cls4	cls5	cls6	cls7	cls8	cls9	cls10p	horn	invhorn	positive	negative
00063d88244921d6ec46aeab6866a8e2	none	ea8fa0f0ecfb333e	26	8.99116	31888	/nfs/share/instances/gbd/cnf/00063d88244921d6ec46aeab6866a8e2-6s16.cnf.xz	d642ae7fc5e1fd972d4b130407ea4519	miter	unsat	91888	31486	1503071	1	61258	30629	0	0	0	0	0	0	0	68623	47944	13315	36581
00072cf107ae1349c8c59a15c5ce4af1	none	9e072dca530d7a40	4	0.029244	0	/nfs/share/instances/gbd/cnf/00072cf107ae1349c8c59a15c5ce4af1-unif-c1275-v300-s428434218.cnf.xz	1ef05341ba4017bd107a9b2aa6bb2841	uniform-random	unknown	1275	300	18322	0	0	1275	0	0	0	0	0	0	0	624	651	176	156
00076733bdbce94d7e44eca84f1425f0	none	5dac3f1f46833edc	9	46.5344	341604	/nfs/share/instances/gbd/cnf/00076733bdbce94d7e44eca84f1425f0-vlsat2_16297_1562268.dimacs.cnf.xz	a10da8b861b1e1a1a17af27060e94f6e	petrinet-concurrency	unsat	1562268	16297	22875440	1	1561890	1	1	1	1	1	1	1	370	1561890	379	379	1561889
000781b7a545fe723159e53127aff659	none	45a7d68952db5ce9	24	44.1296	153200	/nfs/share/instances/gbd/cnf/000781b7a545fe723159e53127aff659-42-121369.cnf.xz	8bf4adb12d796e486a0915ecd7dce20f	station-repacking	unknown	653485	28135	10044450	3	652176	1	1	4	2	0	9	4	1285	652179	1309	1309	652176
000a41cdca43be89ed62ea3abf2d0b64	none	8817ec1923525b06	12	41.9146	230824	/nfs/share/instances/gbd/cnf/000a41cdca43be89ed62ea3abf2d0b64-snw_13_9_pre.cnf.xz	bb3b6ceaeee2d5e9fd8e1066389a8a94	sorting-networks	sat	830517	24517	16343754	0	101968	544762	183690	0	0	6	0	0	91	680173	110547	4244	58680
000e4e0db67e27083649c20a2a3f761b	none	94844a435ed1faea	4	122.739	1400044	/nfs/share/instances/gbd/cnf/000e4e0db67e27083649c20a2a3f761b-unif-k5-r16.0-v250000-c4000000-S2840568844400290198.cnf.xz	0e00b2eed7d862a9322e74aff1d2eb36	uniform-random	sat	4000000	250000	149104452	0	0	0	0	4000000	0	0	0	0	0	749155	750175	125491	124936
00107d84f57e2371476a7b2cabe0b351	none	a8658ee04ed8701b	74	821.209	739608	/nfs/share/instances/gbd/cnf/00107d84f57e2371476a7b2cabe0b351-sudoku-N30-18.cnf.xz	74869413385b1be800a65bb6252cd90d	sudoku	unsat	2262659	841990	45772665	657	1531740	521614	101500	774	17280	0	0	89064	30	2031366	882190	106057	804300
001304ba2e4e8adbd179aa3d8acb697b	none	6d9a2b4a9b19dc5e	5	0.02682	0	/nfs/share/instances/gbd/cnf/001304ba2e4e8adbd179aa3d8acb697b-x9-03065.sat.sanitized.cnf.xz	1d8c6a1369f306c697207991a8fd752a	hamiltonian	unknown	1347	150	15136	0	1227	0	27	66	27	0	0	0	0	1227	120	120	1227
001344c9b3cb1626af1c7c35155cf26a	none	387398b6db8f4d19	NA	1467.09	1371216	/nfs/share/instances/gbd/cnf/001344c9b3cb1626af1c7c35155cf26a-bench_13439.smt2.cnf.xz	72b1b54fb940ce8eb1855bbcd8d4a750	agile	unsat	4751686	1313245	108797045	1572	1204899	3468194	76938	1	0	3	55	0	24	2099472	3332928	706329	703153
0020aa0c69379226948904ad455b6c09	none	1dc57ba8b2339b4f	3	0.089863	0	/nfs/share/instances/gbd/cnf/0020aa0c69379226948904ad455b6c09-unif-k7-r89-v45-c4005-S179716588-02.UNSAT.shuffled.cnf.xz	7a6379702cd1a466bc7855c1fd39c502	uniform-random	unsat	4005	45	99357	0	0	0	0	0	0	4005	0	0	0	231	265	38	36
00213e27dabcf679205144f3dde5d37e	none	75d0e0dec90793fd	3	0.093556	0	/nfs/share/instances/gbd/cnf/00213e27dabcf679205144f3dde5d37e-unif-p12-k5-r21.117-v250-c5279-S8618839184587418381.cnf.xz	0afa13deb8144c4a2a366fc314fed25a	uniform-random	sat	5279	250	117580	0	0	0	0	5279	0	0	0	0	0	1007	1018	171	174
0022f125b13bd7ccc91e793431c67a52	none	0199b25a47d2b690	13	170.827	762780	/nfs/share/instances/gbd/cnf/0022f125b13bd7ccc91e793431c67a52-Kakuro-easy-048-ext.xml.hg_4.cnf.xz	f29b0ffa0d1e3681bd2df2ad53f73afa	hypertree-decomposition	sat	2786994	41874	64056109	84	60438	1164744	1561728	0	0	0	0	0	0	1918728	341670	3738	11760
0025a06f00f6e467f7cf4ef9e649b2a7	none	31c4689dd616263e	40	52.3148	90688	/nfs/share/instances/gbd/cnf/0025a06f00f6e467f7cf4ef9e649b2a7-bench_15721.smt2.cnf.xz	d702bb664671ea32cfe33b04ed2acf99	agile	unknown	297058	84922	5481082	389	113715	170502	12452	0	0	0	0	0	0	170810	167913	98498	24262
00260e67c792062bc3e10e6b94522101	none	edf8274d724e3b72	24	107.967	238256	/nfs/share/instances/gbd/cnf/00260e67c792062bc3e10e6b94522101-46-137775.cnf.xz	b43d7a0abfd9b9ecc7c8cdf07df14242	station-repacking	unknown	889030	32971	13747752	3	887493	1	1	5	2	0	9	5	1511	887496	1537	1537	887493
0026aaf8bbf2df73cb5db34a7b7a7a04	none	7ebe76a7710dc065	24	79.9511	212036	/nfs/share/instances/gbd/cnf/0026aaf8bbf2df73cb5db34a7b7a7a04-42-132768.cnf.xz	d7f6183466dc80f719aed63fec0707bc	station-repacking	unknown	809889	31450	12500681	3	808422	1	1	4	2	0	9	4	1443	808425	1467	1467	808422
00274d0721d26f867b2573377712cac9	none	392597cc7b19ee73	15	19.5892	86340	/nfs/share/instances/gbd/cnf/00274d0721d26f867b2573377712cac9-27.smt2.cnf.xz	a98b53d0f8f0e2f592db32ad49a13198	bitvector	sat	284554	89850	5017384	47	147954	136553	0	0	0	0	0	0	0	204797	142502	40947	89461
00275f3018d50ba38867268739dfc44f	none	7d70a2e3d8c2ae0a	5	0.038194	0	/nfs/share/instances/gbd/cnf/00275f3018d50ba38867268739dfc44f-x9-04058.sat.sanitized.cnf.xz	fb9c4b5fc1c151737b9bf2544bafbc56	hamiltonian	unknown	1795	200	20873	0	1635	0	35	90	35	0	0	0	0	1635	160	160	1635
002a0330958a14deb23dcc84b5489e8a	none	969de1369e9085f1	58	167.92	223080	/nfs/share/instances/gbd/cnf/002a0330958a14deb23dcc84b5489e8a-traffic_f_unknown.cnf.xz	227779ac538cd3a2c78c6ff3d8cad235	scheduling	unsat	763101	33320	19183036	0	52598	92683	617820	0	0	0	0	0	0	93867	93869	5067	5076
002bed2572e6e326815e674f288de8b4	none	1b235a796fe28868	20	0.641495	0	/nfs/share/instances/gbd/cnf/002bed2572e6e326815e674f288de8b4-fdmus_b21_341.cnf.xz	7a0032b8aad3b21cda036a79caa5f6eb	fdmus	unsat	7704	2823	106592	6	5334	2364	0	0	0	0	0	0	0	5955	4611	733	2477
003154fc91d34d29ec5cf93b0bc32143	none	49d0aac6c7fd6222	24	25.3233	77700	/nfs/share/instances/gbd/cnf/003154fc91d34d29ec5cf93b0bc32143-54-78879.cnf.xz	3918389491f1e0424a221e5a508d30ff	station-repacking	unknown	320248	18477	4839266	3	319392	1	1	2	1	0	7	1	840	319395	856	856	319392
00316e383123773ae35d3210f5396205	none	481daf60799368ae	5	0.092316	0	/nfs/share/instances/gbd/cnf/00316e383123773ae35d3210f5396205-x9-11064.sat.sanitized.cnf.xz	9368b98845a0f9d0557d536ab072e400	hamiltonian	unknown	4940	550	61464	0	4500	0	100	240	100	0	0	0	0	4500	440	440	4500
0033baadbd48d3f880e9b5a733bd4950	none	29865d9ee527fa44	1	0.021962	0	/nfs/share/instances/gbd/cnf/0033baadbd48d3f880e9b5a733bd4950-rope_0030.shuffled.cnf.xz	767c3e4149c9da1265bdfdb3e1526766	coloring	unsat	2520	1080	29236	0	2160	360	0	0	0	0	0	0	0	1810	1772	562	628
0035666407d4ccb5082630045d60a5fe	none	dff16a564dc8782d	3	0.161277	0	/nfs/share/instances/gbd/cnf/0035666407d4ccb5082630045d60a5fe-unif-k5-r21.117-v300-c6335-S7321118839272301463.cnf.xz	dbcbcc0d7ada0bf52960d506ac2fdfc7	uniform-random	unknown	6335	300	143385	0	0	0	0	6335	0	0	0	0	0	1173	1231	221	195
0038cea06eae4c3234b7bb65d9a8497c	none	86fe91bc55cad0c4	3	0.136655	0	/nfs/share/instances/gbd/cnf/0038cea06eae4c3234b7bb65d9a8497c-unif-k7-r89-v65-c5785-S709270457-007.cnf.xz	9ad8991134b4b8fce5115a69f27fb3e6	uniform-random	sat	5785	65	146422	0	0	0	0	0	0	5785	0	0	0	381	384	38	40
003a77d2aa15a5f93aa2cfe79b986c9e	none	0c2edd9658356c79	2	0.37766	0	/nfs/share/instances/gbd/cnf/003a77d2aa15a5f93aa2cfe79b986c9e-fclqcolor-20-15-15.shuffled-as.sat05-1270.cnf.xz	52b4b2deffe6f3a04cde483bc0665f3a	coloring	sat	49835	790	718484	0	7050	42750	0	0	0	0	0	0	35	24809	28599	7950	5980
003de2086be59a5fb7a7aaad0992cf47	none	8b28f3ae06e19023	6	0.076165	0	/nfs/share/instances/gbd/cnf/003de2086be59a5fb7a7aaad0992cf47-x9-07025.sat.sanitized.cnf.xz	b4980faa72567edd1a8724e53088db1d	hamiltonian	unknown	3146	350	38238	0	2866	0	66	148	66	0	0	0	0	2866	280	280	2866
003deabca05a76f3ee449221a80d8b62	none	7562db52ecefc111	24	69.6848	188560	/nfs/share/instances/gbd/cnf/003deabca05a76f3ee449221a80d8b62-42-127629.cnf.xz	b3577d5a29c8de66ba0ef905fbaf8d01	station-repacking	unknown	746852	30142	11511107	3	745448	1	1	4	2	0	9	4	1380	745451	1404	1404	745448
0041051c73dcdd885d412a38e8b09fba	none	f35b6f503c96c353	3	0.08995	0	/nfs/share/instances/gbd/cnf/0041051c73dcdd885d412a38e8b09fba-rphp4_065_shuffled.cnf.xz	1731a457fce065a6a758b224839f45ee	relativized-pigeon-hole	unsat	6959	520	128602	0	650	0	6305	0	0	0	0	0	4	2235	2499	514	425
0041f01bcd7d0d1f9541cea6da79ad57	none	3c49a0f8ebc04e7e	5	1.00503	0	/nfs/share/instances/gbd/cnf/0041f01bcd7d0d1f9541cea6da79ad57-SGI_30_60_24_40_2-dir.shuffled-as.sat03-118.cnf.xz	dbc0536d387cedf9d93e2cba738a15d5	subgraph-isomorphism	unsat	58758	720	628649	0	58734	0	0	0	0	0	0	0	24	42651	45366	16083	13368
0042a627dfba7daa62d6ce175540c8a2	none	a619ad377631421f	4	1.07533	0	/nfs/share/instances/gbd/cnf/0042a627dfba7daa62d6ce175540c8a2-unif-k3-r4.267-v12200-c52057-S523604335245593178.cnf.xz	00e84d0fce166b24a60e3ea4f0c39069	uniform-random	sat	52057	12200	977220	0	0	52057	0	0	0	0	0	0	0	26040	26017	6415	6474
0043cfdde474fa37dfeb5ce5952d22f6	none	0e42ef80e329f296	4	0.063951	0	/nfs/share/instances/gbd/cnf/0043cfdde474fa37dfeb5ce5952d22f6-unif-c2520-v600-s1111033636.cnf.xz	e572d26645b1d19679631b2bd1f73955	uniform-random	unknown	2520	600	37574	0	0	2520	0	0	0	0	0	0	0	1229	1291	322	277
0049919cdf9556bfda5bb365af72414c	none	703f1c7e72447ee6	24	76.2901	178948	/nfs/share/instances/gbd/cnf/0049919cdf9556bfda5bb365af72414c-57-124044.cnf.xz	8bae8be4a4a1f4f09aaa6ddcf82a8c96	station-repacking	unknown	759017	30582	11708401	3	757588	2	1	5	3	0	9	3	1403	757591	1429	1429	757588
004b0f451f7d96f6a572e9e76360f51a	none	ab20135f9b5b6a4a	NA	1163.88	1064564	/nfs/share/instances/gbd/cnf/004b0f451f7d96f6a572e9e76360f51a-spg_420_280.cnf.xz	8614f82909dc0eaab513724a4ecf9835	cellular-automata	unsat	3463100	674643	93154305	0	602493	1466473	829493	549907	14734	0	0	0	0	1646404	1342905	237160	528240
005093e294b0ed0f7b23f341ff68968b	none	64ac332d146c976e	24	74.3544	158224	/nfs/share/instances/gbd/cnf/005093e294b0ed0f7b23f341ff68968b-55-115476.cnf.xz	b21f609b4df1cc4005ff03168b39dddd	station-repacking	unknown	610850	27075	9370661	3	609591	1	1	4	2	0	9	5	1234	609594	1259	1259	609591
00547b9476397463c8220560aeeea086	none	251ce6c2f5e38c82	74	93.7603	74432	/nfs/share/instances/gbd/cnf/00547b9476397463c8220560aeeea086-bench_3250.smt2.cnf.xz	7048a928cf30d19ea90bf3d1226af0b1	agile	sat	237920	66184	4569860	27	66447	166371	5069	0	0	0	4	0	2	115955	156700	45445	29596
005522cf558f9b77ed345a289384e191	none	c8c861131ca7239d	4	0.059794	0	/nfs/share/instances/gbd/cnf/005522cf558f9b77ed345a289384e191-unif-k3-r4.25-v420-c1785-S1394036608-091.cnf.xz	0b4af51b741fbb14bd00344a0cf306d5	uniform-random	unknown	1785	420	26281	0	0	1785	0	0	0	0	0	0	0	880	905	249	213
00597fb425e994af7a9d224ef4d09fc4	none	5dde3a5eca7c2735	24	81.7296	160072	/nfs/share/instances/gbd/cnf/00597fb425e994af7a9d224ef4d09fc4-41-118813.cnf.xz	3e16c3107f0876b1db6dc13f179964a2	station-repacking	unknown	679195	28641	10451926	3	677864	1	1	4	2	0	8	4	1308	677867	1331	1331	677864
0059d4b1cf79efbc6e6ed50caee0448e	none	41e2586528b587a5	10	0.16467	0	/nfs/share/instances/gbd/cnf/0059d4b1cf79efbc6e6ed50caee0448e-4col220_9_1.shuffled.cnf.xz	5865199aa84abc74c6a4626dae53555a	coloring	sat	3966	440	75241	6	0	0	3960	0	0	0	0	0	0	1208	1208	228	226
005ccb378ced61c02105ed7ee0a62038	none	b542535416370414	1	0.497476	0	/nfs/share/instances/gbd/cnf/005ccb378ced61c02105ed7ee0a62038-mm-2x2-5-0-s.1.shuffled-as.sat03-1496.cnf.xz	9cc1026828eb0c34c158572ced7530ad	matrix-multiplication	unsat	32000	60	880640	0	0	0	0	1944	0	22680	0	2160	5216	1383	2290	403	219
005d76c0f37b33d8b752f7ebdd157a99	none	0d312ba0b15a2b1f	5	0.067747	0	/nfs/share/instances/gbd/cnf/005d76c0f37b33d8b752f7ebdd157a99-x9-05041.sat.sanitized.cnf.xz	0075735c23a69c9898351ac443af5d3c	hamiltonian	unknown	2253	250	26806	0	2053	0	53	94	53	0	0	0	0	2053	200	200	2053
00613b57720df18bec8d8dc68dc57a7b	none	2f54ee68f4f4a6aa	24	86.5728	201160	/nfs/share/instances/gbd/cnf/00613b57720df18bec8d8dc68dc57a7b-51-135677.cnf.xz	bf482e8e134f686cb8d57bb4f1aa6799	station-repacking	unknown	756640	30429	11668943	3	755221	2	1	4	2	0	10	5	1392	755224	1419	1419	755221
006282ac3d0013b911249d14c326f53d	none	15907c054a561d51	14	1.40874	0	/nfs/share/instances/gbd/cnf/006282ac3d0013b911249d14c326f53d-bench_5908.smt2.cnf.xz	bd40bcc4daef04707a96e44a4eb0f14a	agile	unsat	16973	4913	263329	30	6865	9391	677	0	0	1	9	0	0	8700	11293	4615	1839
0062dc10471119b9e13da682216b190f	none	3d14806330b14302	18	147.424	454492	/nfs/share/instances/gbd/cnf/0062dc10471119b9e13da682216b190f-ex179_11.cnf.xz	7e2613987e25c3050afcd89a56b4afc4	tree-decomposition	sat	1735561	127037	36143236	1541	170913	834197	728910	0	0	0	0	0	0	641999	491864	246	46537
0064aa2e16c9d4b18d32a45d3073fce9	none	eff8268e46a34739	25	21.496	58672	/nfs/share/instances/gbd/cnf/0064aa2e16c9d4b18d32a45d3073fce9-desmul.miter.used-as.sat04-330.cnf.xz	1e7e0203228fbd91f74db79d140099fc	miter	unsat	179895	28902	3949720	0	41362	84684	0	53848	0	0	0	0	1	48197	105262	46244	14440
0067d012901f358831afb6d6e5f83767	none	d10d29781f80db11	NA	495.927	331056	/nfs/share/instances/gbd/cnf/0067d012901f358831afb6d6e5f83767-bench_13811.smt2.cnf.xz	fbcb811266df25610bba15eddade86fd	agile	sat	1109409	318003	23051079	4748	378833	689156	35764	0	6	23	267	470	142	651300	646869	299664	83353
006be0fb3ae0a75aac0e386c2e6c4669	none	06ca2609a4844ff8	59	66.248	58140	/nfs/share/instances/gbd/cnf/006be0fb3ae0a75aac0e386c2e6c4669-bench_501.smt2.cnf.xz	71e6e1d39c27648e0bbb09f85e7c3123	agile	sat	179968	50593	3389065	387	51921	123619	3977	0	5	1	50	0	8	89002	117367	36580	22200
006c57c6c09a6e4a4402f1dd264cab15	none	54d1e8cbec124e4f	24	59.0985	153568	/nfs/share/instances/gbd/cnf/006c57c6c09a6e4a4402f1dd264cab15-49-114312.cnf.xz	c6d26e830f3069a857bcf1d65abe592e	station-repacking	unknown	615298	27251	9443678	3	614033	1	1	4	2	0	9	3	1242	614036	1265	1265	614033
006cc1f4e081e7fd96a50a2171792f21	none	3f5fc4f09e673fa3	24	39.6261	84480	/nfs/share/instances/gbd/cnf/006cc1f4e081e7fd96a50a2171792f21-54-87110.cnf.xz	dfd70d15b08fede08d51912e1b1341f5	station-repacking	unknown	349879	19672	5305900	3	348967	1	1	3	2	0	7	1	894	348970	912	912	348967
006da0e3f4ad5b1ecd3651e66dbea36d	none	a14792f5ee1c21c9	24	39.4613	92680	/nfs/share/instances/gbd/cnf/006da0e3f4ad5b1ecd3651e66dbea36d-52-89991.cnf.xz	fb3d274bc265898c6be7acd3a26c97da	station-repacking	unknown	382609	20698	5812542	3	381654	1	0	3	2	0	6	0	940	381657	955	955	381654
006dcf7e3d0fa7c39b0f542ad0ec949e	none	NA	NA	6001.93	49808432	/nfs/share/instances/gbd/cnf/006dcf7e3d0fa7c39b0f542ad0ec949e-UNSAT_P_sat_snake_p05.pddl_30.cnf.xz	1c04625e0d407e5572a1e49dfcf5bce8	planning	unsat	239054681	449048	4227570344	428	239029886	0	0	0	0	0	59	0	24308	239030314	6106692	196	232948398
006e293dfc476b21c246b963c6eb16b7	none	05f6b88530de9659	63	41.0718	38460	/nfs/share/instances/gbd/cnf/006e293dfc476b21c246b963c6eb16b7-bench_2778.smt2.cnf.xz	e783c7abe50390825c521d9adb1ad0f8	agile	sat	112560	32084	2054846	490	36575	72129	3291	0	2	67	2	0	4	62409	68038	28168	10315
0071b624d91ebe408b0585f8c4e34fd9	none	3fdf9329fb76b486	11	10.1713	50140	/nfs/share/instances/gbd/cnf/0071b624d91ebe408b0585f8c4e34fd9-ctl_4291_567_7_unsat.cnf.xz	ab1e93b4ab8be51c40a14b9543dd5c61	scheduling	unsat	154654	17850	3198392	0	32032	38441	84181	0	0	0	0	0	0	47601	47597	3648	3659
0072b0ce5c4ab8386763d10ef88f636e	none	318e795c66b3ad62	24	77.2874	164672	/nfs/share/instances/gbd/cnf/0072b0ce5c4ab8386763d10ef88f636e-49-118813.cnf.xz	87e7af8fda89223e204d0171229619c4	station-repacking	unknown	648616	28081	9967425	3	647312	1	1	4	2	0	9	3	1281	647315	1304	1304	647312
0072b38614d34eb3c6ffc36aef13ee3a	none	1c39b8804a93717b	24	56.4042	136284	/nfs/share/instances/gbd/cnf/0072b38614d34eb3c6ffc36aef13ee3a-60-116374.cnf.xz	0130801e6dc199e8b5fcfb813f6f7729	station-repacking	unknown	581068	26375	8913484	3	579843	1	1	3	2	0	8	3	1204	579846	1225	1225	579843
00784e1e1a9ae772aae7f33c1fa5fbe2	none	1249d822eb0d0c8b	3	0.606463	0	/nfs/share/instances/gbd/cnf/00784e1e1a9ae772aae7f33c1fa5fbe2-unif-k7-r85-v200-c17000-S266028630-005.cnf.xz	8152eb558f074c8088470f35bce4ed97	uniform-random	unknown	17000	200	503336	0	0	0	0	0	0	17000	0	0	0	1033	1093	127	131
00847fca81490df01b9e239fd6027378	none	f0d88e4dbb09334f	63	38.0383	30320	/nfs/share/instances/gbd/cnf/00847fca81490df01b9e239fd6027378-bench_1614.smt2.cnf.xz	570b13596b34c42f4f21c8830bf2a6c9	agile	sat	87531	25148	1577452	539	27713	56955	2266	0	2	50	4	0	2	46819	54701	20392	9172
0085c7242003811caf4b7eff64022e55	none	b2395d4f352a8721	24	76.0649	174464	/nfs/share/instances/gbd/cnf/0085c7242003811caf4b7eff64022e55-50-121857.cnf.xz	1a7e89ef52d5a8988ea77b02ed7f30ef	station-repacking	unknown	738915	30116	11391945	3	737512	1	1	4	3	0	8	4	1379	737515	1403	1403	737512
008d1f79eec2b7712637e48aec7a63cd	none	936f0bc65967897d	24	36.0283	143008	/nfs/share/instances/gbd/cnf/008d1f79eec2b7712637e48aec7a63cd-53-105501.cnf.xz	1cf53ddb8e63e40181920c3b7980d77d	station-repacking	unknown	536507	25337	8217692	3	535337	1	1	3	2	0	8	2	1150	535340	1170	1170	535337
008d78352c3d630340e6a3ef0d7242d7	none	fcfe20a84118561f	22	79.715	213052	/nfs/share/instances/gbd/cnf/008d78352c3d630340e6a3ef0d7242d7-54-132166.cnf.xz	0ad5dd947099af3c0783274dd270672d	station-repacking	unknown	819124	31511	12644081	3	817657	1	1	3	2	0	9	4	1444	817660	1467	1467	817657
008e7716c69009090ff6bd0048dc55f8	none	c45c905b90f3a615	75	94.1292	65188	/nfs/share/instances/gbd/cnf/008e7716c69009090ff6bd0048dc55f8-SAT_dat.k10.cnf.xz	be2f6ade7fb483507373d03afa16dca9	hardware-verification	unsat	207720	46169	4061570	148	84712	114816	155	294	11	1546	4486	0	1552	139105	127761	26186	20234
008fa3f37db9759dee825665e78e2e80	none	70f5c54b0536467f	24	45.1596	116260	/nfs/share/instances/gbd/cnf/008fa3f37db9759dee825665e78e2e80-57-101750.cnf.xz	f88f8e340f859815fa59e35258b23019	station-repacking	unknown	471724	23581	7205637	3	470631	1	1	4	2	0	7	2	1073	470634	1093	1093	470631
0091ac9434f528a4007d82d2443d2dc9	none	392206f617911784	4	0.452062	12820	/nfs/share/instances/gbd/cnf/0091ac9434f528a4007d82d2443d2dc9-ER_500_10_2.apx_2_DS-ST.cnf.xz	2596746a3a5a1a98e989221c8a2bf134	argumentation	unknown	38698	1002	471615	1	38196	0	0	0	0	0	0	0	501	37696	25799	501	12900
0092f19206d4641caaa3a638914bee3f	none	a57d2b8f218bf689	24	34.3138	129460	/nfs/share/instances/gbd/cnf/0092f19206d4641caaa3a638914bee3f-51-106342.cnf.xz	a0d603e1998e9f10f0f64eb03cfe002b	station-repacking	unknown	517852	24875	7925826	3	516700	1	1	4	2	0	8	2	1131	516703	1152	1152	516700
0094d44002500c187e3c2d07a13bee7c	none	356c59011990f7df	4	0.072368	0	/nfs/share/instances/gbd/cnf/0094d44002500c187e3c2d07a13bee7c-unif-k3-r4.25-v480-c2040-S926047226-039.cnf.xz	db459329b26cef4c2cbd590442b6b877	uniform-random	unknown	2040	480	30229	0	0	2040	0	0	0	0	0	0	0	1040	1000	254	250
009a4a6c23299b864508393ee726625a	none	1e915d55b801dce6	14	1.22702	11520	/nfs/share/instances/gbd/cnf/009a4a6c23299b864508393ee726625a-bench_10899.smt2.cnf.xz	f2fb36d7d50cf535e66d9112f7ce8296	agile	unsat	16094	4665	248122	32	6615	8761	676	0	0	1	9	0	0	8342	10448	4740	1729
00a1604721e43896a93b5329e5b38af4	none	826279a7304e684c	24	61.924	151680	/nfs/share/instances/gbd/cnf/00a1604721e43896a93b5329e5b38af4-51-127798.cnf.xz	0cfbd3c5674cc518ec59cc385f71e49f	station-repacking	unknown	642113	27824	9864572	3	640819	1	1	4	2	0	10	4	1269	640822	1294	1294	640819
00a30fb1c0150fe3d6692afd2b220887	none	4c0861b174ac6cd8	27	4.31816	12800	/nfs/share/instances/gbd/cnf/00a30fb1c0150fe3d6692afd2b220887-Break_triple_10_16.xml.cnf.xz	d3bca9554403ba14eb67668c5955d205	scheduling	sat	28686	6443	409067	1	26468	1694	56	0	0	0	0	0	467	26249	11536	2420	15586
00a62eb89afbf27e1addf8f5c437da9b	none	9356b6ed708bf0b2	8	2.98452	25060	/nfs/share/instances/gbd/cnf/00a62eb89afbf27e1addf8f5c437da9b-ortholatin-7.cnf.xz	0d70f59e9d0fbac87d26088a5f9a8812	unknown	sat	101038	6076	1497399	0	92610	245	686	0	49	7399	0	0	49	92904	17199	392	76832
00a981f385cd209d41e1efa1f5f29bac	none	9743a3beed31c2c5	81	103.127	86700	/nfs/share/instances/gbd/cnf/00a981f385cd209d41e1efa1f5f29bac-ibm-2004-03-k70.cnf.xz	cec04e06ad991983108fe7ed0cd92fea	hardware-verification	sat	286405	69839	5158079	951	198973	59577	9369	5495	4414	2725	752	1154	2995	223385	215283	22034	27707
00ae4072f9b57d5d3cfe8919aff1b776	none	af64ccdc3bea7849	18	379.475	1181732	/nfs/share/instances/gbd/cnf/00ae4072f9b57d5d3cfe8919aff1b776-163.smt2.cnf.xz	fc97bd0ec4cb87b2f68aa86ced6b7939	bitvector	sat	4048674	1279524	83539105	121	2134278	1914275	0	0	0	0	0	0	0	2918172	2023057	591068	1298121
00aec3b2e38968bf8a922709e2acfccd	none	5c817c779ba898c6	3	1.10926	0	/nfs/share/instances/gbd/cnf/00aec3b2e38968bf8a922709e2acfccd-unif-k5-r20-v2000-c40000-S837431592-027-UNKNOWN.cnf.xz	46e8013cf9d4abccc77ac23ebae90828	uniform-random	unknown	40000	2000	1068581	0	0	0	0	40000	0	0	0	0	0	7520	7570	1278	1219
00aefd1fc30c425075166ca051e57218	none	9eb4f7197afb8632	NA	4027.55	3132108	/nfs/share/instances/gbd/cnf/00aefd1fc30c425075166ca051e57218-barman-pfile10-038.sas.ex.15.cnf.xz	fdf55e1b02a137ed2884650e1b991092	planning	unsat	976656	430288	404779114	367	552383	125455	22262	8367	10922	7087	3076	2736	244001	552750	854048	367	122608
00b1c27aee52d6dd9e112fa55d4cc1ca	none	011fb00a6754f2b6	24	99.7232	224264	/nfs/share/instances/gbd/cnf/00b1c27aee52d6dd9e112fa55d4cc1ca-44-133937.cnf.xz	97955f61242534e7f83a587498330ff7	station-repacking	unknown	924336	33651	14297924	3	922772	1	1	5	2	0	9	2	1541	922775	1564	1564	922772
00b46ace235e3915a439c77a231a5657	none	b1aab2c350a388b8	10	2.52196	20124	/nfs/share/instances/gbd/cnf/00b46ace235e3915a439c77a231a5657-TableSymModel_output_7_3_9.bul_.dimacs.cnf.xz	ec7ff6e2dc7b5cbfac5fa6bbfbe4121c	social-golfer	sat	70140	7182	1074390	21	55188	13230	1323	0	0	0	0	0	378	68439	5691	399	51219
00b9b467c26540853360491401da61a5	none	4a50c8f02ea2077d	NA	23.5874	17920	/nfs/share/instances/gbd/cnf/00b9b467c26540853360491401da61a5-minand064.cnf.xz	187460f08c94149081ab81130be5c5ce	bitvector	unsat	42956	14703	653012	2	28636	14318	0	0	0	0	0	0	0	29085	19566	9074	22943
00bb0b4ef28ed38c49de4c54b9fabc4d	none	027fd33175ef0091	22	1.80381	0	/nfs/share/instances/gbd/cnf/00bb0b4ef28ed38c49de4c54b9fabc4d-25_2.cnf.xz	f5a9ab84b535fa44e91b7326cec9e453	cryptography-simon	sat	13792	4128	220677	128	3264	10400	0	0	0	0	0	0	0	6592	10592	65	2463
00bbdbb1bc700e4c4ceb0d6e86e33c23	none	1e40bb3078cae1a4	4	0.052951	0	/nfs/share/instances/gbd/cnf/00bbdbb1bc700e4c4ceb0d6e86e33c23-glassybp-v300-s1496080651.cnf.xz	ed4d7d36d3f248f7bf8cba98c004bd01	glassy-gen	unknown	1400	300	20166	0	0	1400	0	0	0	0	0	0	0	707	693	172	185
00be4c67683c8edeca138279e13942cb	none	ef4995ed22b87280	24	111.463	252888	/nfs/share/instances/gbd/cnf/00be4c67683c8edeca138279e13942cb-52-139122.cnf.xz	bd5a63b78505ee1e7a14d0ba36cbbda6	station-repacking	unknown	1090261	36972	16908407	3	1088542	1	1	6	3	0	9	6	1690	1088545	1719	1719	1088542
00be590675417eba2bb2585790ac392d	none	4d67bfe0ce63ef78	6	0.363871	0	/nfs/share/instances/gbd/cnf/00be590675417eba2bb2585790ac392d-iso-brn008.shuffled-as.sat05-2933.cnf.xz	5bce323bf7c9cc5fa639c275deeeb53e	quasigroup-completion	sat	10265	1617	172559	118	1120	8577	53	55	57	113	102	16	54	5357	5226	1437	1350
00c4c1dfa04e7cd8b7abc80a4a4f7153	none	ead3d2789f23bbe5	4	0.112201	0	/nfs/share/instances/gbd/cnf/00c4c1dfa04e7cd8b7abc80a4a4f7153-unif-k3-r4.26-v800-c3408-S1536861174-069.SATISFIABLE.cnf.xz	fb641e4d952898b3cd2a4bc89136cfd5	uniform-random	sat	3408	800	51528	0	0	3408	0	0	0	0	0	0	0	1730	1678	404	448
00d0eef039aa1f9cf1cf2647a58fe313	none	58c83a603fbf6e81	4	2.50214	0	/nfs/share/instances/gbd/cnf/00d0eef039aa1f9cf1cf2647a58fe313-unif-k4-r9.121-v8800-c80265-S4104809886357711891.cnf.xz	50d41e6dc0691f590bb5921dcd7abf7d	uniform-random	unknown	80265	8800	1886067	0	0	0	80265	0	0	0	0	0	0	24973	24974	4934	4957
00d1fe07ab948b348bb3fb423b1ef40d	none	0100995234908c80	16	1.44019	0	/nfs/share/instances/gbd/cnf/00d1fe07ab948b348bb3fb423b1ef40d-lec_mult_KvW_12x11.sanitized.cnf.xz	5d3300b44d1cc6cbe479aaa9120248f1	miter	unsat	15159	5068	217479	0	10044	5114	0	0	0	0	0	0	1	10771	7888	2227	6567
00d239e486137a4f7264adb4fb57d5ae	none	c960dd85d83576f1	10	0.057083	0	/nfs/share/instances/gbd/cnf/00d239e486137a4f7264adb4fb57d5ae-hwb-n24-01-S1048418025.shuffled-as.sat03-1617.cnf.xz	a207e99f5dcfe500129f591ecbc4568b	miter	unsat	774	162	11405	0	18	452	304	0	0	0	0	0	0	319	328	75	84
00d25e6106c5c09bb5d8d0f7eae7385a	none	ef8c1f301e768ca9	24	59.1035	143328	/nfs/share/instances/gbd/cnf/00d25e6106c5c09bb5d8d0f7eae7385a-54-106649.cnf.xz	c8567ebc5cdaea08c7e4796d3759ed84	station-repacking	unknown	550261	25520	8432964	3	549081	1	1	3	2	0	7	4	1159	549084	1180	1180	549081
00d3338cd6cdfa099ff29f036c77d93d	none	0351ae52d705460b	10	39.6997	248192	/nfs/share/instances/gbd/cnf/00d3338cd6cdfa099ff29f036c77d93d-sha256__zeroOut_17__freeIn_21__seed_1.cnf.xz	572ec11b1a0c5b64909b3cec9d800157	cryptography	sat	618749	37633	23246918	2813	656	55024	120048	64368	60000	225600	90240	0	0	150221	140485	1343	8230
00d41fe5805aef9e2e3b63e1d9497edf	none	f8e0009712d74abc	NA	550.53	410360	/nfs/share/instances/gbd/cnf/00d41fe5805aef9e2e3b63e1d9497edf-UNSAT_MS_opt_termes_p15.pddl_139.cnf.xz	19ec4ae0785061b74a5a0afb01fc545b	planning	unknown	1690192	116422	27751134	91	1668139	278	3058	3058	5004	278	5560	278	4448	1668230	953353	23	736907
00d46b1518fddf95bc8ba424e1b5b77d	none	bda59379c947a9f9	24	36.139	118644	/nfs/share/instances/gbd/cnf/00d46b1518fddf95bc8ba424e1b5b77d-43-103175.cnf.xz	a1dc58b83217220c28341ad72b0e3adc	station-repacking	unknown	477994	23671	7297070	3	476898	1	1	4	2	0	8	2	1075	476901	1096	1096	476898
00d5f0932042a96518b03e6fd2feaf48	none	a46772147f556541	24	51.0627	161840	/nfs/share/instances/gbd/cnf/00d5f0932042a96518b03e6fd2feaf48-56-115042.cnf.xz	42341b8aa4f6b19dd940332876db37ea	station-repacking	unknown	646819	27734	9931131	3	645528	1	1	4	2	0	9	3	1268	645531	1291	1291	645528
00d74259dcca2176f1cd561f52bc0326	none	aae2ff8f8e77f66d	3	0.279023	8960	/nfs/share/instances/gbd/cnf/00d74259dcca2176f1cd561f52bc0326-unif-k6-r43.37-v210-c9108-S5835296729793976499.cnf.xz	018bf9b9f44b687473a6c8619ed01a0a	uniform-random	unknown	9108	210	235273	0	0	0	0	0	9108	0	0	0	0	989	975	142	131
00df199d465391a52fc37b87f81a957f	none	a355f4e310b68ec8	5	0.022502	0	/nfs/share/instances/gbd/cnf/00df199d465391a52fc37b87f81a957f-x9-02052.sat.sanitized.cnf.xz	83edf5c9db2b40e6234cd41c23398b7e	hamiltonian	unknown	900	100	9337	0	820	0	20	40	20	0	0	0	0	820	80	80	820
00e010712b854966aa56caf9c9dc4696	none	0fd861c69cecde88	24	66.1007	162300	/nfs/share/instances/gbd/cnf/00e010712b854966aa56caf9c9dc4696-58-122927.cnf.xz	03bf2cec1365befee64db090b55e5c1c	station-repacking	unknown	664974	28356	10231025	3	663656	1	1	3	2	0	9	4	1295	663659	1318	1318	663656
00e1e5a05ed04bcb437bd7fc57a88b7f	none	88d414e964f1ed2c	3	0.06486	0	/nfs/share/instances/gbd/cnf/00e1e5a05ed04bcb437bd7fc57a88b7f-unif-k5-r21.3-v100-c2130-S1225022879-08.UNSAT.shuffled.cnf.xz	c7469e03c5c0b41ce9587e8a4f2cf998	uniform-random	unsat	2130	100	40408	0	0	0	0	2130	0	0	0	0	0	385	392	67	68
00e289099ea9bcef6a056a8c8ba8a3c0	none	ed3cae9cd78790ac	NA	184.802	142016	/nfs/share/instances/gbd/cnf/00e289099ea9bcef6a056a8c8ba8a3c0-ndist.b.21497.cnf.xz	5b42e642bcfcf38ae7330cd2b8f7bdbd	bitvector	sat	386932	279453	7223674	1	257954	128977	0	0	0	0	0	0	0	279450	193469	64488	171968
00e32767bee1894beb0b71867f279d36	none	984e8e65d1f4ec46	24	133.226	263816	/nfs/share/instances/gbd/cnf/00e32767bee1894beb0b71867f279d36-48-136923.cnf.xz	7be8849a6dd0d5ecf129ff7de147769d	station-repacking	unknown	1135889	37961	17624244	3	1134125	2	1	5	3	0	10	5	1735	1134128	1764	1764	1134125
00e45ab8a1baf16155af6e59c3df5dbb	none	14f08a866c866796	6	0.101253	0	/nfs/share/instances/gbd/cnf/00e45ab8a1baf16155af6e59c3df5dbb-x9-11092.sat.sanitized.cnf.xz	fbd9767b87568fb21925ce9cdc75ef29	hamiltonian	unknown	4950	550	61494	0	4510	0	110	220	110	0	0	0	0	4510	440	440	4510
00e5aac4701e62ae50c9f1504057fce8	none	80d7752154eebbfc	18	0.959587	7680	/nfs/share/instances/gbd/cnf/00e5aac4701e62ae50c9f1504057fce8-bench_10701.smt2.cnf.xz	59892222332be61cacd06e08943bd5ac	agile	unknown	9720	2816	148223	8	3630	5698	384	0	0	0	0	0	0	5628	5598	2980	749
00e974264f8f9048b68c983f36643115	none	77ff6497e46f21e9	24	44.0441	135056	/nfs/share/instances/gbd/cnf/00e974264f8f9048b68c983f36643115-47-108545.cnf.xz	6992f2cb21e2b75e7bf6742389baa01d	station-repacking	unknown	565820	26093	8672884	3	564612	1	1	4	2	0	8	2	1187	564615	1208	1208	564612
00ec2992d59f85705eb8e1f4f1e01b3d	none	bddf23b7ead91ad5	1	0.010995	0	/nfs/share/instances/gbd/cnf/00ec2992d59f85705eb8e1f4f1e01b3d-sgen4-sat-280-8.cnf.xz	d0e5d8d44a8534076afaec8a6d0f6960	sgen	sat	672	280	8240	0	560	0	0	112	0	0	0	0	0	444	437	142	145
00ecd19c442956ff9a22584fd9bf439e	none	3de7b1270deb8301	4	0.412778	11520	/nfs/share/instances/gbd/cnf/00ecd19c442956ff9a22584fd9bf439e-unif-k3-r4.267-v5200-c22188-S8832663068472759902.cnf.xz	08820662453c916fb282278a763e244c	uniform-random	unknown	22188	5200	396361	0	0	22188	0	0	0	0	0	0	0	11060	11128	2720	2787
00063d88244921d6ec46aeab6866a8e2	neigh	b532d747f3726fb7	14	47.5548	116316	/nfs/share/instances/gbd/cnf/00063d88244921d6ec46aeab6866a8e2-6s16.cnf.xz	d642ae7fc5e1fd972d4b130407ea4519	miter	unsat	91888	31486	1503071	1	61258	30629	0	0	0	0	0	0	0	68623	47944	13315	36581
00072cf107ae1349c8c59a15c5ce4af1	neigh	59e2c95d1257177a	3	0.081499	0	/nfs/share/instances/gbd/cnf/00072cf107ae1349c8c59a15c5ce4af1-unif-c1275-v300-s428434218.cnf.xz	1ef05341ba4017bd107a9b2aa6bb2841	uniform-random	unknown	1275	300	18322	0	0	1275	0	0	0	0	0	0	0	624	651	176	156
00076733bdbce94d7e44eca84f1425f0	neigh	0f09b1101941df66	6	2183.94	11320928	/nfs/share/instances/gbd/cnf/00076733bdbce94d7e44eca84f1425f0-vlsat2_16297_1562268.dimacs.cnf.xz	a10da8b861b1e1a1a17af27060e94f6e	petrinet-concurrency	unsat	1562268	16297	22875440	1	1561890	1	1	1	1	1	1	1	370	1561890	379	379	1561889
000781b7a545fe723159e53127aff659	neigh	cef05614201eac46	13	577.365	1650828	/nfs/share/instances/gbd/cnf/000781b7a545fe723159e53127aff659-42-121369.cnf.xz	8bf4adb12d796e486a0915ecd7dce20f	station-repacking	unknown	653485	28135	10044450	3	652176	1	1	4	2	0	9	4	1285	652179	1309	1309	652176
000a41cdca43be89ed62ea3abf2d0b64	neigh	c065906607134825	7	5259.58	30370516	/nfs/share/instances/gbd/cnf/000a41cdca43be89ed62ea3abf2d0b64-snw_13_9_pre.cnf.xz	bb3b6ceaeee2d5e9fd8e1066389a8a94	sorting-networks	sat	830517	24517	16343754	0	101968	544762	183690	0	0	6	0	0	91	680173	110547	4244	58680
000e4e0db67e27083649c20a2a3f761b	neigh	899100f2161d1239	3	1798.43	25577096	/nfs/share/instances/gbd/cnf/000e4e0db67e27083649c20a2a3f761b-unif-k5-r16.0-v250000-c4000000-S2840568844400290198.cnf.xz	0e00b2eed7d862a9322e74aff1d2eb36	uniform-random	sat	4000000	250000	149104452	0	0	0	0	4000000	0	0	0	0	0	749155	750175	125491	124936
00107d84f57e2371476a7b2cabe0b351	neigh	NA	NA	6000.58	10973768	/nfs/share/instances/gbd/cnf/00107d84f57e2371476a7b2cabe0b351-sudoku-N30-18.cnf.xz	74869413385b1be800a65bb6252cd90d	sudoku	unsat	2262659	841990	45772665	657	1531740	521614	101500	774	17280	0	0	89064	30	2031366	882190	106057	804300
001304ba2e4e8adbd179aa3d8acb697b	neigh	fff13c5329ea233d	3	0.064956	0	/nfs/share/instances/gbd/cnf/001304ba2e4e8adbd179aa3d8acb697b-x9-03065.sat.sanitized.cnf.xz	1d8c6a1369f306c697207991a8fd752a	hamiltonian	unknown	1347	150	15136	0	1227	0	27	66	27	0	0	0	0	1227	120	120	1227
001344c9b3cb1626af1c7c35155cf26a	neigh	NA	NA	6000.22	4818284	/nfs/share/instances/gbd/cnf/001344c9b3cb1626af1c7c35155cf26a-bench_13439.smt2.cnf.xz	72b1b54fb940ce8eb1855bbcd8d4a750	agile	unsat	4751686	1313245	108797045	1572	1204899	3468194	76938	1	0	3	55	0	24	2099472	3332928	706329	703153
0020aa0c69379226948904ad455b6c09	neigh	442f0940018f6a81	3	15.1717	123472	/nfs/share/instances/gbd/cnf/0020aa0c69379226948904ad455b6c09-unif-k7-r89-v45-c4005-S179716588-02.UNSAT.shuffled.cnf.xz	7a6379702cd1a466bc7855c1fd39c502	uniform-random	unsat	4005	45	99357	0	0	0	0	0	0	4005	0	0	0	231	265	38	36
00213e27dabcf679205144f3dde5d37e	neigh	ec952cde871eb33e	3	2.87925	0	/nfs/share/instances/gbd/cnf/00213e27dabcf679205144f3dde5d37e-unif-p12-k5-r21.117-v250-c5279-S8618839184587418381.cnf.xz	0afa13deb8144c4a2a366fc314fed25a	uniform-random	sat	5279	250	117580	0	0	0	0	5279	0	0	0	0	0	1007	1018	171	174
0022f125b13bd7ccc91e793431c67a52	neigh	NA	NA	6002.23	44458980	/nfs/share/instances/gbd/cnf/0022f125b13bd7ccc91e793431c67a52-Kakuro-easy-048-ext.xml.hg_4.cnf.xz	f29b0ffa0d1e3681bd2df2ad53f73afa	hypertree-decomposition	sat	2786994	41874	64056109	84	60438	1164744	1561728	0	0	0	0	0	0	1918728	341670	3738	11760
0025a06f00f6e467f7cf4ef9e649b2a7	neigh	a258dbba99cf0c89	21	199.475	337584	/nfs/share/instances/gbd/cnf/0025a06f00f6e467f7cf4ef9e649b2a7-bench_15721.smt2.cnf.xz	d702bb664671ea32cfe33b04ed2acf99	agile	unknown	297058	84922	5481082	389	113715	170502	12452	0	0	0	0	0	0	170810	167913	98498	24262
00260e67c792062bc3e10e6b94522101	neigh	0683ef16b4a2961f	13	1101.4	2625700	/nfs/share/instances/gbd/cnf/00260e67c792062bc3e10e6b94522101-46-137775.cnf.xz	b43d7a0abfd9b9ecc7c8cdf07df14242	station-repacking	unknown	889030	32971	13747752	3	887493	1	1	5	2	0	9	5	1511	887496	1537	1537	887493
0026aaf8bbf2df73cb5db34a7b7a7a04	neigh	2f055aa4857ec783	13	1008.84	2295360	/nfs/share/instances/gbd/cnf/0026aaf8bbf2df73cb5db34a7b7a7a04-42-132768.cnf.xz	d7f6183466dc80f719aed63fec0707bc	station-repacking	unknown	809889	31450	12500681	3	808422	1	1	4	2	0	9	4	1443	808425	1467	1467	808422
00274d0721d26f867b2573377712cac9	neigh	d5ae95e3867b5c01	8	94.1736	433248	/nfs/share/instances/gbd/cnf/00274d0721d26f867b2573377712cac9-27.smt2.cnf.xz	a98b53d0f8f0e2f592db32ad49a13198	bitvector	sat	284554	89850	5017384	47	147954	136553	0	0	0	0	0	0	0	204797	142502	40947	89461
00275f3018d50ba38867268739dfc44f	neigh	ee2ca85fea92efe8	3	0.099047	0	/nfs/share/instances/gbd/cnf/00275f3018d50ba38867268739dfc44f-x9-04058.sat.sanitized.cnf.xz	fb9c4b5fc1c151737b9bf2544bafbc56	hamiltonian	unknown	1795	200	20873	0	1635	0	35	90	35	0	0	0	0	1635	160	160	1635
002a0330958a14deb23dcc84b5489e8a	neigh	a945da838e075bee	30	5677.33	5798148	/nfs/share/instances/gbd/cnf/002a0330958a14deb23dcc84b5489e8a-traffic_f_unknown.cnf.xz	227779ac538cd3a2c78c6ff3d8cad235	scheduling	unsat	763101	33320	19183036	0	52598	92683	617820	0	0	0	0	0	0	93867	93869	5067	5076
002bed2572e6e326815e674f288de8b4	neigh	42a1d05b151206fd	11	1.21432	0	/nfs/share/instances/gbd/cnf/002bed2572e6e326815e674f288de8b4-fdmus_b21_341.cnf.xz	7a0032b8aad3b21cda036a79caa5f6eb	fdmus	unsat	7704	2823	106592	6	5334	2364	0	0	0	0	0	0	0	5955	4611	733	2477
003154fc91d34d29ec5cf93b0bc32143	neigh	6f86f4474177d4a9	13	232.613	559080	/nfs/share/instances/gbd/cnf/003154fc91d34d29ec5cf93b0bc32143-54-78879.cnf.xz	3918389491f1e0424a221e5a508d30ff	station-repacking	unknown	320248	18477	4839266	3	319392	1	1	2	1	0	7	1	840	319395	856	856	319392
00316e383123773ae35d3210f5396205	neigh	208280479122802c	3	0.263812	0	/nfs/share/instances/gbd/cnf/00316e383123773ae35d3210f5396205-x9-11064.sat.sanitized.cnf.xz	9368b98845a0f9d0557d536ab072e400	hamiltonian	unknown	4940	550	61464	0	4500	0	100	240	100	0	0	0	0	4500	440	440	4500
0033baadbd48d3f880e9b5a733bd4950	neigh	2ff1ab069eb1ebee	1	0.031044	0	/nfs/share/instances/gbd/cnf/0033baadbd48d3f880e9b5a733bd4950-rope_0030.shuffled.cnf.xz	767c3e4149c9da1265bdfdb3e1526766	coloring	unsat	2520	1080	29236	0	2160	360	0	0	0	0	0	0	0	1810	1772	562	628
0035666407d4ccb5082630045d60a5fe	neigh	1b2b5aab51b5b0bf	3	3.54316	0	/nfs/share/instances/gbd/cnf/0035666407d4ccb5082630045d60a5fe-unif-k5-r21.117-v300-c6335-S7321118839272301463.cnf.xz	dbcbcc0d7ada0bf52960d506ac2fdfc7	uniform-random	unknown	6335	300	143385	0	0	0	0	6335	0	0	0	0	0	1173	1231	221	195
0038cea06eae4c3234b7bb65d9a8497c	neigh	889ec080d06b84bc	3	23.56	192808	/nfs/share/instances/gbd/cnf/0038cea06eae4c3234b7bb65d9a8497c-unif-k7-r89-v65-c5785-S709270457-007.cnf.xz	9ad8991134b4b8fce5115a69f27fb3e6	uniform-random	sat	5785	65	146422	0	0	0	0	0	0	5785	0	0	0	381	384	38	40
003a77d2aa15a5f93aa2cfe79b986c9e	neigh	22aaa4a85226b2eb	2	6.9394	17408	/nfs/share/instances/gbd/cnf/003a77d2aa15a5f93aa2cfe79b986c9e-fclqcolor-20-15-15.shuffled-as.sat05-1270.cnf.xz	52b4b2deffe6f3a04cde483bc0665f3a	coloring	sat	49835	790	718484	0	7050	42750	0	0	0	0	0	0	35	24809	28599	7950	5980
003de2086be59a5fb7a7aaad0992cf47	neigh	e0743d502be6472c	4	0.25222	0	/nfs/share/instances/gbd/cnf/003de2086be59a5fb7a7aaad0992cf47-x9-07025.sat.sanitized.cnf.xz	b4980faa72567edd1a8724e53088db1d	hamiltonian	unknown	3146	350	38238	0	2866	0	66	148	66	0	0	0	0	2866	280	280	2866
003deabca05a76f3ee449221a80d8b62	neigh	f58afe2438c867f1	13	869.625	2023304	/nfs/share/instances/gbd/cnf/003deabca05a76f3ee449221a80d8b62-42-127629.cnf.xz	b3577d5a29c8de66ba0ef905fbaf8d01	station-repacking	unknown	746852	30142	11511107	3	745448	1	1	4	2	0	9	4	1380	745451	1404	1404	745448
0041051c73dcdd885d412a38e8b09fba	neigh	8e551e6a60ad9021	3	1.01365	0	/nfs/share/instances/gbd/cnf/0041051c73dcdd885d412a38e8b09fba-rphp4_065_shuffled.cnf.xz	1731a457fce065a6a758b224839f45ee	relativized-pigeon-hole	unsat	6959	520	128602	0	650	0	6305	0	0	0	0	0	4	2235	2499	514	425
0041f01bcd7d0d1f9541cea6da79ad57	neigh	b1a453697068b3c0	4	62.2975	428800	/nfs/share/instances/gbd/cnf/0041f01bcd7d0d1f9541cea6da79ad57-SGI_30_60_24_40_2-dir.shuffled-as.sat03-118.cnf.xz	dbc0536d387cedf9d93e2cba738a15d5	subgraph-isomorphism	unsat	58758	720	628649	0	58734	0	0	0	0	0	0	0	24	42651	45366	16083	13368
0042a627dfba7daa62d6ce175540c8a2	neigh	4c50d6fb46f0b4c4	3	3.43536	0	/nfs/share/instances/gbd/cnf/0042a627dfba7daa62d6ce175540c8a2-unif-k3-r4.267-v12200-c52057-S523604335245593178.cnf.xz	00e84d0fce166b24a60e3ea4f0c39069	uniform-random	sat	52057	12200	977220	0	0	52057	0	0	0	0	0	0	0	26040	26017	6415	6474
0043cfdde474fa37dfeb5ce5952d22f6	neigh	66337384ec6ce0cb	3	0.232125	0	/nfs/share/instances/gbd/cnf/0043cfdde474fa37dfeb5ce5952d22f6-unif-c2520-v600-s1111033636.cnf.xz	e572d26645b1d19679631b2bd1f73955	uniform-random	unknown	2520	600	37574	0	0	2520	0	0	0	0	0	0	0	1229	1291	322	277
0049919cdf9556bfda5bb365af72414c	neigh	7bf03098e5708669	13	883.16	2024388	/nfs/share/instances/gbd/cnf/0049919cdf9556bfda5bb365af72414c-57-124044.cnf.xz	8bae8be4a4a1f4f09aaa6ddcf82a8c96	station-repacking	unknown	759017	30582	11708401	3	757588	2	1	5	3	0	9	3	1403	757591	1429	1429	757588
004b0f451f7d96f6a572e9e76360f51a	neigh	NA	NA	6000.38	4286128	/nfs/share/instances/gbd/cnf/004b0f451f7d96f6a572e9e76360f51a-spg_420_280.cnf.xz	8614f82909dc0eaab513724a4ecf9835	cellular-automata	unsat	3463100	674643	93154305	0	602493	1466473	829493	549907	14734	0	0	0	0	1646404	1342905	237160	528240
005093e294b0ed0f7b23f341ff68968b	neigh	5ad5706a999d1107	13	659.213	1495908	/nfs/share/instances/gbd/cnf/005093e294b0ed0f7b23f341ff68968b-55-115476.cnf.xz	b21f609b4df1cc4005ff03168b39dddd	station-repacking	unknown	610850	27075	9370661	3	609591	1	1	4	2	0	9	5	1234	609594	1259	1259	609591
00547b9476397463c8220560aeeea086	neigh	07de219e6b91d427	38	285.735	264228	/nfs/share/instances/gbd/cnf/00547b9476397463c8220560aeeea086-bench_3250.smt2.cnf.xz	7048a928cf30d19ea90bf3d1226af0b1	agile	sat	237920	66184	4569860	27	66447	166371	5069	0	0	0	4	0	2	115955	156700	45445	29596
005522cf558f9b77ed345a289384e191	neigh	e96826a43dfb5a29	3	0.166289	0	/nfs/share/instances/gbd/cnf/005522cf558f9b77ed345a289384e191-unif-k3-r4.25-v420-c1785-S1394036608-091.cnf.xz	0b4af51b741fbb14bd00344a0cf306d5	uniform-random	unknown	1785	420	26281	0	0	1785	0	0	0	0	0	0	0	880	905	249	213
00597fb425e994af7a9d224ef4d09fc4	neigh	b869fc34baa84e86	13	746.819	1744756	/nfs/share/instances/gbd/cnf/00597fb425e994af7a9d224ef4d09fc4-41-118813.cnf.xz	3e16c3107f0876b1db6dc13f179964a2	station-repacking	unknown	679195	28641	10451926	3	677864	1	1	4	2	0	8	4	1308	677867	1331	1331	677864
0059d4b1cf79efbc6e6ed50caee0448e	neigh	d7f78b5e5da98419	6	1.04094	0	/nfs/share/instances/gbd/cnf/0059d4b1cf79efbc6e6ed50caee0448e-4col220_9_1.shuffled.cnf.xz	5865199aa84abc74c6a4626dae53555a	coloring	sat	3966	440	75241	6	0	0	3960	0	0	0	0	0	0	1208	1208	228	226
005ccb378ced61c02105ed7ee0a62038	neigh	08088d7aec5e2599	1	58.7899	16548	/nfs/share/instances/gbd/cnf/005ccb378ced61c02105ed7ee0a62038-mm-2x2-5-0-s.1.shuffled-as.sat03-1496.cnf.xz	9cc1026828eb0c34c158572ced7530ad	matrix-multiplication	unsat	32000	60	880640	0	0	0	0	1944	0	22680	0	2160	5216	1383	2290	403	219
005d76c0f37b33d8b752f7ebdd157a99	neigh	6fbc73397b6f6f82	3	0.161762	0	/nfs/share/instances/gbd/cnf/005d76c0f37b33d8b752f7ebdd157a99-x9-05041.sat.sanitized.cnf.xz	0075735c23a69c9898351ac443af5d3c	hamiltonian	unknown	2253	250	26806	0	2053	0	53	94	53	0	0	0	0	2053	200	200	2053
00613b57720df18bec8d8dc68dc57a7b	neigh	c7e2d508093a1aa1	13	875.032	2055388	/nfs/share/instances/gbd/cnf/00613b57720df18bec8d8dc68dc57a7b-51-135677.cnf.xz	bf482e8e134f686cb8d57bb4f1aa6799	station-repacking	unknown	756640	30429	11668943	3	755221	2	1	4	2	0	10	5	1392	755224	1419	1419	755221
006282ac3d0013b911249d14c326f53d	neigh	b8de01ee8f746803	8	3.51558	0	/nfs/share/instances/gbd/cnf/006282ac3d0013b911249d14c326f53d-bench_5908.smt2.cnf.xz	bd40bcc4daef04707a96e44a4eb0f14a	agile	unsat	16973	4913	263329	30	6865	9391	677	0	0	1	9	0	0	8700	11293	4615	1839
0062dc10471119b9e13da682216b190f	neigh	157e639645233ab9	11	3690.63	10380644	/nfs/share/instances/gbd/cnf/0062dc10471119b9e13da682216b190f-ex179_11.cnf.xz	7e2613987e25c3050afcd89a56b4afc4	tree-decomposition	sat	1735561	127037	36143236	1541	170913	834197	728910	0	0	0	0	0	0	641999	491864	246	46537
0064aa2e16c9d4b18d32a45d3073fce9	neigh	473a2b0d36f8a3e8	13	1115.27	3389388	/nfs/share/instances/gbd/cnf/0064aa2e16c9d4b18d32a45d3073fce9-desmul.miter.used-as.sat04-330.cnf.xz	1e7e0203228fbd91f74db79d140099fc	miter	unsat	179895	28902	3949720	0	41362	84684	0	53848	0	0	0	0	1	48197	105262	46244	14440
0067d012901f358831afb6d6e5f83767	neigh	4c1d1e76ff56478b	NA	2810.74	1305304	/nfs/share/instances/gbd/cnf/0067d012901f358831afb6d6e5f83767-bench_13811.smt2.cnf.xz	fbcb811266df25610bba15eddade86fd	agile	sat	1109409	318003	23051079	4748	378833	689156	35764	0	6	23	267	470	142	651300	646869	299664	83353
006be0fb3ae0a75aac0e386c2e6c4669	neigh	ff70b2b84caad9b9	30	166.562	189952	/nfs/share/instances/gbd/cnf/006be0fb3ae0a75aac0e386c2e6c4669-bench_501.smt2.cnf.xz	71e6e1d39c27648e0bbb09f85e7c3123	agile	sat	179968	50593	3389065	387	51921	123619	3977	0	5	1	50	0	8	89002	117367	36580	22200
006c57c6c09a6e4a4402f1dd264cab15	neigh	1169e29fb1c1fb98	13	664.186	1523944	/nfs/share/instances/gbd/cnf/006c57c6c09a6e4a4402f1dd264cab15-49-114312.cnf.xz	c6d26e830f3069a857bcf1d65abe592e	station-repacking	unknown	615298	27251	9443678	3	614033	1	1	4	2	0	9	3	1242	614036	1265	1265	614033
006cc1f4e081e7fd96a50a2171792f21	neigh	58bec33f9940647f	13	274.418	630904	/nfs/share/instances/gbd/cnf/006cc1f4e081e7fd96a50a2171792f21-54-87110.cnf.xz	dfd70d15b08fede08d51912e1b1341f5	station-repacking	unknown	349879	19672	5305900	3	348967	1	1	3	2	0	7	1	894	348970	912	912	348967
006da0e3f4ad5b1ecd3651e66dbea36d	neigh	827f1c9c223df64d	13	319.385	728124	/nfs/share/instances/gbd/cnf/006da0e3f4ad5b1ecd3651e66dbea36d-52-89991.cnf.xz	fb3d274bc265898c6be7acd3a26c97da	station-repacking	unknown	382609	20698	5812542	3	381654	1	0	3	2	0	6	0	940	381657	955	955	381654
006dcf7e3d0fa7c39b0f542ad0ec949e	neigh	NA	NA	6000.85	32977764	/nfs/share/instances/gbd/cnf/006dcf7e3d0fa7c39b0f542ad0ec949e-UNSAT_P_sat_snake_p05.pddl_30.cnf.xz	1c04625e0d407e5572a1e49dfcf5bce8	planning	unsat	239054681	449048	4227570344	428	239029886	0	0	0	0	0	59	0	24308	239030314	6106692	196	232948398
006e293dfc476b21c246b963c6eb16b7	neigh	6097e4e6fe4fd6a8	33	97.26	108860	/nfs/share/instances/gbd/cnf/006e293dfc476b21c246b963c6eb16b7-bench_2778.smt2.cnf.xz	e783c7abe50390825c521d9adb1ad0f8	agile	sat	112560	32084	2054846	490	36575	72129	3291	0	2	67	2	0	4	62409	68038	28168	10315
0071b624d91ebe408b0585f8c4e34fd9	neigh	967cf46bfd4f473a	7	68.5068	300980	/nfs/share/instances/gbd/cnf/0071b624d91ebe408b0585f8c4e34fd9-ctl_4291_567_7_unsat.cnf.xz	ab1e93b4ab8be51c40a14b9543dd5c61	scheduling	unsat	154654	17850	3198392	0	32032	38441	84181	0	0	0	0	0	0	47601	47597	3648	3659
0072b0ce5c4ab8386763d10ef88f636e	neigh	b5bcc66b4ed1b7b0	13	685.885	1633704	/nfs/share/instances/gbd/cnf/0072b0ce5c4ab8386763d10ef88f636e-49-118813.cnf.xz	87e7af8fda89223e204d0171229619c4	station-repacking	unknown	648616	28081	9967425	3	647312	1	1	4	2	0	9	3	1281	647315	1304	1304	647312
0072b38614d34eb3c6ffc36aef13ee3a	neigh	9508ceb20e15e2c5	13	592.401	1393452	/nfs/share/instances/gbd/cnf/0072b38614d34eb3c6ffc36aef13ee3a-60-116374.cnf.xz	0130801e6dc199e8b5fcfb813f6f7729	station-repacking	unknown	581068	26375	8913484	3	579843	1	1	3	2	0	8	3	1204	579846	1225	1225	579843
00784e1e1a9ae772aae7f33c1fa5fbe2	neigh	a0c4fdabcc106cca	3	77.311	569600	/nfs/share/instances/gbd/cnf/00784e1e1a9ae772aae7f33c1fa5fbe2-unif-k7-r85-v200-c17000-S266028630-005.cnf.xz	8152eb558f074c8088470f35bce4ed97	uniform-random	unknown	17000	200	503336	0	0	0	0	0	0	17000	0	0	0	1033	1093	127	131
00847fca81490df01b9e239fd6027378	neigh	aa08a41851ad7f17	33	77.1169	82760	/nfs/share/instances/gbd/cnf/00847fca81490df01b9e239fd6027378-bench_1614.smt2.cnf.xz	570b13596b34c42f4f21c8830bf2a6c9	agile	sat	87531	25148	1577452	539	27713	56955	2266	0	2	50	4	0	2	46819	54701	20392	9172
0085c7242003811caf4b7eff64022e55	neigh	641f62d454d50b14	13	832.565	1961264	/nfs/share/instances/gbd/cnf/0085c7242003811caf4b7eff64022e55-50-121857.cnf.xz	1a7e89ef52d5a8988ea77b02ed7f30ef	station-repacking	unknown	738915	30116	11391945	3	737512	1	1	4	3	0	8	4	1379	737515	1403	1403	737512
008d1f79eec2b7712637e48aec7a63cd	neigh	a07da3cdf002777f	13	541.824	1248396	/nfs/share/instances/gbd/cnf/008d1f79eec2b7712637e48aec7a63cd-53-105501.cnf.xz	1cf53ddb8e63e40181920c3b7980d77d	station-repacking	unknown	536507	25337	8217692	3	535337	1	1	3	2	0	8	2	1150	535340	1170	1170	535337
008d78352c3d630340e6a3ef0d7242d7	neigh	80661861502654b5	12	907.172	2301168	/nfs/share/instances/gbd/cnf/008d78352c3d630340e6a3ef0d7242d7-54-132166.cnf.xz	0ad5dd947099af3c0783274dd270672d	station-repacking	unknown	819124	31511	12644081	3	817657	1	1	3	2	0	9	4	1444	817660	1467	1467	817657
008e7716c69009090ff6bd0048dc55f8	neigh	555f6d60493f0b71	38	916.375	652312	/nfs/share/instances/gbd/cnf/008e7716c69009090ff6bd0048dc55f8-SAT_dat.k10.cnf.xz	be2f6ade7fb483507373d03afa16dca9	hardware-verification	unsat	207720	46169	4061570	148	84712	114816	155	294	11	1546	4486	0	1552	139105	127761	26186	20234
008fa3f37db9759dee825665e78e2e80	neigh	916cfd2f5f42d378	13	427.132	1024692	/nfs/share/instances/gbd/cnf/008fa3f37db9759dee825665e78e2e80-57-101750.cnf.xz	f88f8e340f859815fa59e35258b23019	station-repacking	unknown	471724	23581	7205637	3	470631	1	1	4	2	0	7	2	1073	470634	1093	1093	470631
0091ac9434f528a4007d82d2443d2dc9	neigh	edf935a0885ddbe9	3	8.43367	90880	/nfs/share/instances/gbd/cnf/0091ac9434f528a4007d82d2443d2dc9-ER_500_10_2.apx_2_DS-ST.cnf.xz	2596746a3a5a1a98e989221c8a2bf134	argumentation	unknown	38698	1002	471615	1	38196	0	0	0	0	0	0	0	501	37696	25799	501	12900
0092f19206d4641caaa3a638914bee3f	neigh	608417a2a2f4a11f	13	397.346	1169064	/nfs/share/instances/gbd/cnf/0092f19206d4641caaa3a638914bee3f-51-106342.cnf.xz	a0d603e1998e9f10f0f64eb03cfe002b	station-repacking	unknown	517852	24875	7925826	3	516700	1	1	4	2	0	8	2	1131	516703	1152	1152	516700
0094d44002500c187e3c2d07a13bee7c	neigh	f642bba428ffe6f9	3	0.184663	0	/nfs/share/instances/gbd/cnf/0094d44002500c187e3c2d07a13bee7c-unif-k3-r4.25-v480-c2040-S926047226-039.cnf.xz	db459329b26cef4c2cbd590442b6b877	uniform-random	unknown	2040	480	30229	0	0	2040	0	0	0	0	0	0	0	1040	1000	254	250
009a4a6c23299b864508393ee726625a	neigh	f05dac6c7bc5dee1	8	3.43579	17920	/nfs/share/instances/gbd/cnf/009a4a6c23299b864508393ee726625a-bench_10899.smt2.cnf.xz	f2fb36d7d50cf535e66d9112f7ce8296	agile	unsat	16094	4665	248122	32	6615	8761	676	0	0	1	9	0	0	8342	10448	4740	1729
00a1604721e43896a93b5329e5b38af4	neigh	41a38d717a049748	13	684.439	1600532	/nfs/share/instances/gbd/cnf/00a1604721e43896a93b5329e5b38af4-51-127798.cnf.xz	0cfbd3c5674cc518ec59cc385f71e49f	station-repacking	unknown	642113	27824	9864572	3	640819	1	1	4	2	0	10	4	1269	640822	1294	1294	640819
00a30fb1c0150fe3d6692afd2b220887	neigh	a434030935c584c2	18	14.5845	28160	/nfs/share/instances/gbd/cnf/00a30fb1c0150fe3d6692afd2b220887-Break_triple_10_16.xml.cnf.xz	d3bca9554403ba14eb67668c5955d205	scheduling	sat	28686	6443	409067	1	26468	1694	56	0	0	0	0	0	467	26249	11536	2420	15586
00a62eb89afbf27e1addf8f5c437da9b	neigh	820643506af2637c	5	20.176	120972	/nfs/share/instances/gbd/cnf/00a62eb89afbf27e1addf8f5c437da9b-ortholatin-7.cnf.xz	0d70f59e9d0fbac87d26088a5f9a8812	unknown	sat	101038	6076	1497399	0	92610	245	686	0	49	7399	0	0	49	92904	17199	392	76832
00a981f385cd209d41e1efa1f5f29bac	neigh	9fc8ddad610683cc	42	436.362	343208	/nfs/share/instances/gbd/cnf/00a981f385cd209d41e1efa1f5f29bac-ibm-2004-03-k70.cnf.xz	cec04e06ad991983108fe7ed0cd92fea	hardware-verification	sat	286405	69839	5158079	951	198973	59577	9369	5495	4414	2725	752	1154	2995	223385	215283	22034	27707
00ae4072f9b57d5d3cfe8919aff1b776	neigh	f94355aad51c4613	10	3139.32	12261872	/nfs/share/instances/gbd/cnf/00ae4072f9b57d5d3cfe8919aff1b776-163.smt2.cnf.xz	fc97bd0ec4cb87b2f68aa86ced6b7939	bitvector	sat	4048674	1279524	83539105	121	2134278	1914275	0	0	0	0	0	0	0	2918172	2023057	591068	1298121
00aec3b2e38968bf8a922709e2acfccd	neigh	aaf92d4540264a59	3	25.6118	275272	/nfs/share/instances/gbd/cnf/00aec3b2e38968bf8a922709e2acfccd-unif-k5-r20-v2000-c40000-S837431592-027-UNKNOWN.cnf.xz	46e8013cf9d4abccc77ac23ebae90828	uniform-random	unknown	40000	2000	1068581	0	0	0	0	40000	0	0	0	0	0	7520	7570	1278	1219
00aefd1fc30c425075166ca051e57218	neigh	NA	NA	6000.32	6260060	/nfs/share/instances/gbd/cnf/00aefd1fc30c425075166ca051e57218-barman-pfile10-038.sas.ex.15.cnf.xz	fdf55e1b02a137ed2884650e1b991092	planning	unsat	976656	430288	404779114	367	552383	125455	22262	8367	10922	7087	3076	2736	244001	552750	854048	367	122608
00b1c27aee52d6dd9e112fa55d4cc1ca	neigh	dabfcaa28c1e28f9	13	1105.55	2816096	/nfs/share/instances/gbd/cnf/00b1c27aee52d6dd9e112fa55d4cc1ca-44-133937.cnf.xz	97955f61242534e7f83a587498330ff7	station-repacking	unknown	924336	33651	14297924	3	922772	1	1	5	2	0	9	2	1541	922775	1564	1564	922772
00b46ace235e3915a439c77a231a5657	neigh	ec07cf187733b29b	8	7.71996	27808	/nfs/share/instances/gbd/cnf/00b46ace235e3915a439c77a231a5657-TableSymModel_output_7_3_9.bul_.dimacs.cnf.xz	ec7ff6e2dc7b5cbfac5fa6bbfbe4121c	social-golfer	sat	70140	7182	1074390	21	55188	13230	1323	0	0	0	0	0	378	68439	5691	399	51219
00b9b467c26540853360491401da61a5	neigh	d0de28bb882d25c4	65	75.708	48924	/nfs/share/instances/gbd/cnf/00b9b467c26540853360491401da61a5-minand064.cnf.xz	187460f08c94149081ab81130be5c5ce	bitvector	unsat	42956	14703	653012	2	28636	14318	0	0	0	0	0	0	0	29085	19566	9074	22943
00bb0b4ef28ed38c49de4c54b9fabc4d	neigh	9f26617ada57d13f	12	3.53548	15360	/nfs/share/instances/gbd/cnf/00bb0b4ef28ed38c49de4c54b9fabc4d-25_2.cnf.xz	f5a9ab84b535fa44e91b7326cec9e453	cryptography-simon	sat	13792	4128	220677	128	3264	10400	0	0	0	0	0	0	0	6592	10592	65	2463
00bbdbb1bc700e4c4ceb0d6e86e33c23	neigh	d3748c9bd674c91d	3	0.131162	0	/nfs/share/instances/gbd/cnf/00bbdbb1bc700e4c4ceb0d6e86e33c23-glassybp-v300-s1496080651.cnf.xz	ed4d7d36d3f248f7bf8cba98c004bd01	glassy-gen	unknown	1400	300	20166	0	0	1400	0	0	0	0	0	0	0	707	693	172	185
00be4c67683c8edeca138279e13942cb	neigh	ef0ecfc8f1e145b7	13	1391.62	3585688	/nfs/share/instances/gbd/cnf/00be4c67683c8edeca138279e13942cb-52-139122.cnf.xz	bd5a63b78505ee1e7a14d0ba36cbbda6	station-repacking	unknown	1090261	36972	16908407	3	1088542	1	1	6	3	0	9	6	1690	1088545	1719	1719	1088542
00be590675417eba2bb2585790ac392d	neigh	83cb945a24c07e32	4	6.25309	57600	/nfs/share/instances/gbd/cnf/00be590675417eba2bb2585790ac392d-iso-brn008.shuffled-as.sat05-2933.cnf.xz	5bce323bf7c9cc5fa639c275deeeb53e	quasigroup-completion	sat	10265	1617	172559	118	1120	8577	53	55	57	113	102	16	54	5357	5226	1437	1350
00c4c1dfa04e7cd8b7abc80a4a4f7153	neigh	7666951d279c9410	3	0.310608	0	/nfs/share/instances/gbd/cnf/00c4c1dfa04e7cd8b7abc80a4a4f7153-unif-k3-r4.26-v800-c3408-S1536861174-069.SATISFIABLE.cnf.xz	fb641e4d952898b3cd2a4bc89136cfd5	uniform-random	sat	3408	800	51528	0	0	3408	0	0	0	0	0	0	0	1730	1678	404	448
00d0eef039aa1f9cf1cf2647a58fe313	neigh	d09314c292c23274	3	20.6936	175712	/nfs/share/instances/gbd/cnf/00d0eef039aa1f9cf1cf2647a58fe313-unif-k4-r9.121-v8800-c80265-S4104809886357711891.cnf.xz	50d41e6dc0691f590bb5921dcd7abf7d	uniform-random	unknown	80265	8800	1886067	0	0	0	80265	0	0	0	0	0	0	24973	24974	4934	4957
00d1fe07ab948b348bb3fb423b1ef40d	neigh	5f75539b010c6672	9	2.65411	14080	/nfs/share/instances/gbd/cnf/00d1fe07ab948b348bb3fb423b1ef40d-lec_mult_KvW_12x11.sanitized.cnf.xz	5d3300b44d1cc6cbe479aaa9120248f1	miter	unsat	15159	5068	217479	0	10044	5114	0	0	0	0	0	0	1	10771	7888	2227	6567
00d239e486137a4f7264adb4fb57d5ae	neigh	66c88c5faca06e8f	6	0.178549	0	/nfs/share/instances/gbd/cnf/00d239e486137a4f7264adb4fb57d5ae-hwb-n24-01-S1048418025.shuffled-as.sat03-1617.cnf.xz	a207e99f5dcfe500129f591ecbc4568b	miter	unsat	774	162	11405	0	18	452	304	0	0	0	0	0	0	319	328	75	84
00d25e6106c5c09bb5d8d0f7eae7385a	neigh	616bf28adcee08ea	13	542.036	1304156	/nfs/share/instances/gbd/cnf/00d25e6106c5c09bb5d8d0f7eae7385a-54-106649.cnf.xz	c8567ebc5cdaea08c7e4796d3759ed84	station-repacking	unknown	550261	25520	8432964	3	549081	1	1	3	2	0	7	4	1159	549084	1180	1180	549081
00d3338cd6cdfa099ff29f036c77d93d	neigh	c647d9f5b983edbc	6	991.331	5238176	/nfs/share/instances/gbd/cnf/00d3338cd6cdfa099ff29f036c77d93d-sha256__zeroOut_17__freeIn_21__seed_1.cnf.xz	572ec11b1a0c5b64909b3cec9d800157	cryptography	sat	618749	37633	23246918	2813	656	55024	120048	64368	60000	225600	90240	0	0	150221	140485	1343	8230
00d41fe5805aef9e2e3b63e1d9497edf	neigh	NA	NA	6000.68	13339260	/nfs/share/instances/gbd/cnf/00d41fe5805aef9e2e3b63e1d9497edf-UNSAT_MS_opt_termes_p15.pddl_139.cnf.xz	19ec4ae0785061b74a5a0afb01fc545b	planning	unknown	1690192	116422	27751134	91	1668139	278	3058	3058	5004	278	5560	278	4448	1668230	953353	23	736907
00d46b1518fddf95bc8ba424e1b5b77d	neigh	4de5f249c0dbaacf	13	356.709	1047536	/nfs/share/instances/gbd/cnf/00d46b1518fddf95bc8ba424e1b5b77d-43-103175.cnf.xz	a1dc58b83217220c28341ad72b0e3adc	station-repacking	unknown	477994	23671	7297070	3	476898	1	1	4	2	0	8	2	1075	476901	1096	1096	476898
00d5f0932042a96518b03e6fd2feaf48	neigh	4591fcfba5e0ad67	13	576.279	1636636	/nfs/share/instances/gbd/cnf/00d5f0932042a96518b03e6fd2feaf48-56-115042.cnf.xz	42341b8aa4f6b19dd940332876db37ea	station-repacking	unknown	646819	27734	9931131	3	645528	1	1	4	2	0	9	3	1268	645531	1291	1291	645528
00d74259dcca2176f1cd561f52bc0326	neigh	7c735ec75659fc43	3	20.0265	135788	/nfs/share/instances/gbd/cnf/00d74259dcca2176f1cd561f52bc0326-unif-k6-r43.37-v210-c9108-S5835296729793976499.cnf.xz	018bf9b9f44b687473a6c8619ed01a0a	uniform-random	unknown	9108	210	235273	0	0	0	0	0	9108	0	0	0	0	989	975	142	131
00df199d465391a52fc37b87f81a957f	neigh	1d321fce58272169	3	0.051908	0	/nfs/share/instances/gbd/cnf/00df199d465391a52fc37b87f81a957f-x9-02052.sat.sanitized.cnf.xz	83edf5c9db2b40e6234cd41c23398b7e	hamiltonian	unknown	900	100	9337	0	820	0	20	40	20	0	0	0	0	820	80	80	820
00e010712b854966aa56caf9c9dc4696	neigh	477b13dc6aea9d8e	13	590.151	1697840	/nfs/share/instances/gbd/cnf/00e010712b854966aa56caf9c9dc4696-58-122927.cnf.xz	03bf2cec1365befee64db090b55e5c1c	station-repacking	unknown	664974	28356	10231025	3	663656	1	1	3	2	0	9	4	1295	663659	1318	1318	663656
00e1e5a05ed04bcb437bd7fc57a88b7f	neigh	269cd2a76d85bb2c	3	1.69097	19200	/nfs/share/instances/gbd/cnf/00e1e5a05ed04bcb437bd7fc57a88b7f-unif-k5-r21.3-v100-c2130-S1225022879-08.UNSAT.shuffled.cnf.xz	c7469e03c5c0b41ce9587e8a4f2cf998	uniform-random	unsat	2130	100	40408	0	0	0	0	2130	0	0	0	0	0	385	392	67	68
00e289099ea9bcef6a056a8c8ba8a3c0	neigh	445d6f2ba0c8df66	NA	395.681	205292	/nfs/share/instances/gbd/cnf/00e289099ea9bcef6a056a8c8ba8a3c0-ndist.b.21497.cnf.xz	5b42e642bcfcf38ae7330cd2b8f7bdbd	bitvector	sat	386932	279453	7223674	1	257954	128977	0	0	0	0	0	0	0	279450	193469	64488	171968
00e32767bee1894beb0b71867f279d36	neigh	f7f5efe7b9b08ee6	13	1417.08	3781408	/nfs/share/instances/gbd/cnf/00e32767bee1894beb0b71867f279d36-48-136923.cnf.xz	7be8849a6dd0d5ecf129ff7de147769d	station-repacking	unknown	1135889	37961	17624244	3	1134125	2	1	5	3	0	10	5	1735	1134128	1764	1764	1134125
00e45ab8a1baf16155af6e59c3df5dbb	neigh	ab83525469eab0cf	4	0.363899	0	/nfs/share/instances/gbd/cnf/00e45ab8a1baf16155af6e59c3df5dbb-x9-11092.sat.sanitized.cnf.xz	fbd9767b87568fb21925ce9cdc75ef29	hamiltonian	unknown	4950	550	61494	0	4510	0	110	220	110	0	0	0	0	4510	440	440	4510
00e5aac4701e62ae50c9f1504057fce8	neigh	1e6055d9cf452708	10	1.75155	10240	/nfs/share/instances/gbd/cnf/00e5aac4701e62ae50c9f1504057fce8-bench_10701.smt2.cnf.xz	59892222332be61cacd06e08943bd5ac	agile	unknown	9720	2816	148223	8	3630	5698	384	0	0	0	0	0	0	5628	5598	2980	749
00e974264f8f9048b68c983f36643115	neigh	7cfe8a7d1d325f61	13	448.224	1337892	/nfs/share/instances/gbd/cnf/00e974264f8f9048b68c983f36643115-47-108545.cnf.xz	6992f2cb21e2b75e7bf6742389baa01d	station-repacking	unknown	565820	26093	8672884	3	564612	1	1	4	2	0	8	2	1187	564615	1208	1208	564612
00ec2992d59f85705eb8e1f4f1e01b3d	neigh	6d4562734738ebc5	1	0.013436	0	/nfs/share/instances/gbd/cnf/00ec2992d59f85705eb8e1f4f1e01b3d-sgen4-sat-280-8.cnf.xz	d0e5d8d44a8534076afaec8a6d0f6960	sgen	sat	672	280	8240	0	560	0	0	112	0	0	0	0	0	444	437	142	145
00ecd19c442956ff9a22584fd9bf439e	neigh	0b10d6f63ccff003	3	1.31189	11520	/nfs/share/instances/gbd/cnf/00ecd19c442956ff9a22584fd9bf439e-unif-k3-r4.267-v5200-c22188-S8832663068472759902.cnf.xz	08820662453c916fb282278a763e244c	uniform-random	unknown	22188	5200	396361	0	0	22188	0	0	0	0	0	0	0	11060	11128	2720	2787
00063d88244921d6ec46aeab6866a8e2	adv	ea8fa0f0ecfb333e	26	8.98312	32216	/nfs/share/instances/gbd/cnf/00063d88244921d6ec46aeab6866a8e2-6s16.cnf.xz	d642ae7fc5e1fd972d4b130407ea4519	miter	unsat	91888	31486	1503071	1	61258	30629	0	0	0	0	0	0	0	68623	47944	13315	36581
00072cf107ae1349c8c59a15c5ce4af1	adv	9e072dca530d7a40	4	0.02781	0	/nfs/share/instances/gbd/cnf/00072cf107ae1349c8c59a15c5ce4af1-unif-c1275-v300-s428434218.cnf.xz	1ef05341ba4017bd107a9b2aa6bb2841	uniform-random	unknown	1275	300	18322	0	0	1275	0	0	0	0	0	0	0	624	651	176	156
00076733bdbce94d7e44eca84f1425f0	adv	5dac3f1f46833edc	9	45.3967	327036	/nfs/share/instances/gbd/cnf/00076733bdbce94d7e44eca84f1425f0-vlsat2_16297_1562268.dimacs.cnf.xz	a10da8b861b1e1a1a17af27060e94f6e	petrinet-concurrency	unsat	1562268	16297	22875440	1	1561890	1	1	1	1	1	1	1	370	1561890	379	379	1561889
000781b7a545fe723159e53127aff659	adv	45a7d68952db5ce9	24	59.5763	154728	/nfs/share/instances/gbd/cnf/000781b7a545fe723159e53127aff659-42-121369.cnf.xz	8bf4adb12d796e486a0915ecd7dce20f	station-repacking	unknown	653485	28135	10044450	3	652176	1	1	4	2	0	9	4	1285	652179	1309	1309	652176
000a41cdca43be89ed62ea3abf2d0b64	adv	8817ec1923525b06	12	41.0822	229208	/nfs/share/instances/gbd/cnf/000a41cdca43be89ed62ea3abf2d0b64-snw_13_9_pre.cnf.xz	bb3b6ceaeee2d5e9fd8e1066389a8a94	sorting-networks	sat	830517	24517	16343754	0	101968	544762	183690	0	0	6	0	0	91	680173	110547	4244	58680
000e4e0db67e27083649c20a2a3f761b	adv	94844a435ed1faea	4	91.7969	1401660	/nfs/share/instances/gbd/cnf/000e4e0db67e27083649c20a2a3f761b-unif-k5-r16.0-v250000-c4000000-S2840568844400290198.cnf.xz	0e00b2eed7d862a9322e74aff1d2eb36	uniform-random	sat	4000000	250000	149104452	0	0	0	0	4000000	0	0	0	0	0	749155	750175	125491	124936
00107d84f57e2371476a7b2cabe0b351	adv	a8658ee04ed8701b	74	667.019	798184	/nfs/share/instances/gbd/cnf/00107d84f57e2371476a7b2cabe0b351-sudoku-N30-18.cnf.xz	74869413385b1be800a65bb6252cd90d	sudoku	unsat	2262659	841990	45772665	657	1531740	521614	101500	774	17280	0	0	89064	30	2031366	882190	106057	804300
001304ba2e4e8adbd179aa3d8acb697b	adv	6d9a2b4a9b19dc5e	5	0.026878	0	/nfs/share/instances/gbd/cnf/001304ba2e4e8adbd179aa3d8acb697b-x9-03065.sat.sanitized.cnf.xz	1d8c6a1369f306c697207991a8fd752a	hamiltonian	unknown	1347	150	15136	0	1227	0	27	66	27	0	0	0	0	1227	120	120	1227
001344c9b3cb1626af1c7c35155cf26a	adv	387398b6db8f4d19	NA	1452.91	1369828	/nfs/share/instances/gbd/cnf/001344c9b3cb1626af1c7c35155cf26a-bench_13439.smt2.cnf.xz	72b1b54fb940ce8eb1855bbcd8d4a750	agile	unsat	4751686	1313245	108797045	1572	1204899	3468194	76938	1	0	3	55	0	24	2099472	3332928	706329	703153
0020aa0c69379226948904ad455b6c09	adv	1dc57ba8b2339b4f	3	0.085909	0	/nfs/share/instances/gbd/cnf/0020aa0c69379226948904ad455b6c09-unif-k7-r89-v45-c4005-S179716588-02.UNSAT.shuffled.cnf.xz	7a6379702cd1a466bc7855c1fd39c502	uniform-random	unsat	4005	45	99357	0	0	0	0	0	0	4005	0	0	0	231	265	38	36
00213e27dabcf679205144f3dde5d37e	adv	75d0e0dec90793fd	3	0.096259	0	/nfs/share/instances/gbd/cnf/00213e27dabcf679205144f3dde5d37e-unif-p12-k5-r21.117-v250-c5279-S8618839184587418381.cnf.xz	0afa13deb8144c4a2a366fc314fed25a	uniform-random	sat	5279	250	117580	0	0	0	0	5279	0	0	0	0	0	1007	1018	171	174
0022f125b13bd7ccc91e793431c67a52	adv	0199b25a47d2b690	13	147.149	764076	/nfs/share/instances/gbd/cnf/0022f125b13bd7ccc91e793431c67a52-Kakuro-easy-048-ext.xml.hg_4.cnf.xz	f29b0ffa0d1e3681bd2df2ad53f73afa	hypertree-decomposition	sat	2786994	41874	64056109	84	60438	1164744	1561728	0	0	0	0	0	0	1918728	341670	3738	11760
0025a06f00f6e467f7cf4ef9e649b2a7	adv	31c4689dd616263e	40	51.658	91480	/nfs/share/instances/gbd/cnf/0025a06f00f6e467f7cf4ef9e649b2a7-bench_15721.smt2.cnf.xz	d702bb664671ea32cfe33b04ed2acf99	agile	unknown	297058	84922	5481082	389	113715	170502	12452	0	0	0	0	0	0	170810	167913	98498	24262
00260e67c792062bc3e10e6b94522101	adv	edf8274d724e3b72	24	88.8834	216404	/nfs/share/instances/gbd/cnf/00260e67c792062bc3e10e6b94522101-46-137775.cnf.xz	b43d7a0abfd9b9ecc7c8cdf07df14242	station-repacking	unknown	889030	32971	13747752	3	887493	1	1	5	2	0	9	5	1511	887496	1537	1537	887493
0026aaf8bbf2df73cb5db34a7b7a7a04	adv	7ebe76a7710dc065	24	90.7562	211536	/nfs/share/instances/gbd/cnf/0026aaf8bbf2df73cb5db34a7b7a7a04-42-132768.cnf.xz	d7f6183466dc80f719aed63fec0707bc	station-repacking	unknown	809889	31450	12500681	3	808422	1	1	4	2	0	9	4	1443	808425	1467	1467	808422
00274d0721d26f867b2573377712cac9	adv	392597cc7b19ee73	15	18.866	93484	/nfs/share/instances/gbd/cnf/00274d0721d26f867b2573377712cac9-27.smt2.cnf.xz	a98b53d0f8f0e2f592db32ad49a13198	bitvector	sat	284554	89850	5017384	47	147954	136553	0	0	0	0	0	0	0	204797	142502	40947	89461
00275f3018d50ba38867268739dfc44f	adv	7d70a2e3d8c2ae0a	5	0.038546	0	/nfs/share/instances/gbd/cnf/00275f3018d50ba38867268739dfc44f-x9-04058.sat.sanitized.cnf.xz	fb9c4b5fc1c151737b9bf2544bafbc56	hamiltonian	unknown	1795	200	20873	0	1635	0	35	90	35	0	0	0	0	1635	160	160	1635
002a0330958a14deb23dcc84b5489e8a	adv	969de1369e9085f1	58	203.994	220252	/nfs/share/instances/gbd/cnf/002a0330958a14deb23dcc84b5489e8a-traffic_f_unknown.cnf.xz	227779ac538cd3a2c78c6ff3d8cad235	scheduling	unsat	763101	33320	19183036	0	52598	92683	617820	0	0	0	0	0	0	93867	93869	5067	5076
002bed2572e6e326815e674f288de8b4	adv	1b235a796fe28868	20	0.644831	0	/nfs/share/instances/gbd/cnf/002bed2572e6e326815e674f288de8b4-fdmus_b21_341.cnf.xz	7a0032b8aad3b21cda036a79caa5f6eb	fdmus	unsat	7704	2823	106592	6	5334	2364	0	0	0	0	0	0	0	5955	4611	733	2477
003154fc91d34d29ec5cf93b0bc32143	adv	49d0aac6c7fd6222	24	24.9943	78876	/nfs/share/instances/gbd/cnf/003154fc91d34d29ec5cf93b0bc32143-54-78879.cnf.xz	3918389491f1e0424a221e5a508d30ff	station-repacking	unknown	320248	18477	4839266	3	319392	1	1	2	1	0	7	1	840	319395	856	856	319392
00316e383123773ae35d3210f5396205	adv	481daf60799368ae	5	0.09799	0	/nfs/share/instances/gbd/cnf/00316e383123773ae35d3210f5396205-x9-11064.sat.sanitized.cnf.xz	9368b98845a0f9d0557d536ab072e400	hamiltonian	unknown	4940	550	61464	0	4500	0	100	240	100	0	0	0	0	4500	440	440	4500
0033baadbd48d3f880e9b5a733bd4950	adv	29865d9ee527fa44	1	0.022484	0	/nfs/share/instances/gbd/cnf/0033baadbd48d3f880e9b5a733bd4950-rope_0030.shuffled.cnf.xz	767c3e4149c9da1265bdfdb3e1526766	coloring	unsat	2520	1080	29236	0	2160	360	0	0	0	0	0	0	0	1810	1772	562	628
0035666407d4ccb5082630045d60a5fe	adv	dff16a564dc8782d	3	0.119857	0	/nfs/share/instances/gbd/cnf/0035666407d4ccb5082630045d60a5fe-unif-k5-r21.117-v300-c6335-S7321118839272301463.cnf.xz	dbcbcc0d7ada0bf52960d506ac2fdfc7	uniform-random	unknown	6335	300	143385	0	0	0	0	6335	0	0	0	0	0	1173	1231	221	195
0038cea06eae4c3234b7bb65d9a8497c	adv	86fe91bc55cad0c4	3	0.136679	0	/nfs/share/instances/gbd/cnf/0038cea06eae4c3234b7bb65d9a8497c-unif-k7-r89-v65-c5785-S709270457-007.cnf.xz	9ad8991134b4b8fce5115a69f27fb3e6	uniform-random	sat	5785	65	146422	0	0	0	0	0	0	5785	0	0	0	381	384	38	40
003a77d2aa15a5f93aa2cfe79b986c9e	adv	0c2edd9658356c79	2	0.385497	0	/nfs/share/instances/gbd/cnf/003a77d2aa15a5f93aa2cfe79b986c9e-fclqcolor-20-15-15.shuffled-as.sat05-1270.cnf.xz	52b4b2deffe6f3a04cde483bc0665f3a	coloring	sat	49835	790	718484	0	7050	42750	0	0	0	0	0	0	35	24809	28599	7950	5980
003de2086be59a5fb7a7aaad0992cf47	adv	8b28f3ae06e19023	6	0.074687	0	/nfs/share/instances/gbd/cnf/003de2086be59a5fb7a7aaad0992cf47-x9-07025.sat.sanitized.cnf.xz	b4980faa72567edd1a8724e53088db1d	hamiltonian	unknown	3146	350	38238	0	2866	0	66	148	66	0	0	0	0	2866	280	280	2866
003deabca05a76f3ee449221a80d8b62	adv	7562db52ecefc111	24	72.2535	175752	/nfs/share/instances/gbd/cnf/003deabca05a76f3ee449221a80d8b62-42-127629.cnf.xz	b3577d5a29c8de66ba0ef905fbaf8d01	station-repacking	unknown	746852	30142	11511107	3	745448	1	1	4	2	0	9	4	1380	745451	1404	1404	745448
0041051c73dcdd885d412a38e8b09fba	adv	f35b6f503c96c353	3	0.096915	0	/nfs/share/instances/gbd/cnf/0041051c73dcdd885d412a38e8b09fba-rphp4_065_shuffled.cnf.xz	1731a457fce065a6a758b224839f45ee	relativized-pigeon-hole	unsat	6959	520	128602	0	650	0	6305	0	0	0	0	0	4	2235	2499	514	425
0041f01bcd7d0d1f9541cea6da79ad57	adv	3c49a0f8ebc04e7e	5	1.00098	0	/nfs/share/instances/gbd/cnf/0041f01bcd7d0d1f9541cea6da79ad57-SGI_30_60_24_40_2-dir.shuffled-as.sat03-118.cnf.xz	dbc0536d387cedf9d93e2cba738a15d5	subgraph-isomorphism	unsat	58758	720	628649	0	58734	0	0	0	0	0	0	0	24	42651	45366	16083	13368
0042a627dfba7daa62d6ce175540c8a2	adv	a619ad377631421f	4	1.07599	0	/nfs/share/instances/gbd/cnf/0042a627dfba7daa62d6ce175540c8a2-unif-k3-r4.267-v12200-c52057-S523604335245593178.cnf.xz	00e84d0fce166b24a60e3ea4f0c39069	uniform-random	sat	52057	12200	977220	0	0	52057	0	0	0	0	0	0	0	26040	26017	6415	6474
0043cfdde474fa37dfeb5ce5952d22f6	adv	0e42ef80e329f296	4	0.060581	0	/nfs/share/instances/gbd/cnf/0043cfdde474fa37dfeb5ce5952d22f6-unif-c2520-v600-s1111033636.cnf.xz	e572d26645b1d19679631b2bd1f73955	uniform-random	unknown	2520	600	37574	0	0	2520	0	0	0	0	0	0	0	1229	1291	322	277
0049919cdf9556bfda5bb365af72414c	adv	703f1c7e72447ee6	24	72.1484	200128	/nfs/share/instances/gbd/cnf/0049919cdf9556bfda5bb365af72414c-57-124044.cnf.xz	8bae8be4a4a1f4f09aaa6ddcf82a8c96	station-repacking	unknown	759017	30582	11708401	3	757588	2	1	5	3	0	9	3	1403	757591	1429	1429	757588
004b0f451f7d96f6a572e9e76360f51a	adv	ab20135f9b5b6a4a	NA	1163.78	1066760	/nfs/share/instances/gbd/cnf/004b0f451f7d96f6a572e9e76360f51a-spg_420_280.cnf.xz	8614f82909dc0eaab513724a4ecf9835	cellular-automata	unsat	3463100	674643	93154305	0	602493	1466473	829493	549907	14734	0	0	0	0	1646404	1342905	237160	528240
005093e294b0ed0f7b23f341ff68968b	adv	64ac332d146c976e	24	60.224	145332	/nfs/share/instances/gbd/cnf/005093e294b0ed0f7b23f341ff68968b-55-115476.cnf.xz	b21f609b4df1cc4005ff03168b39dddd	station-repacking	unknown	610850	27075	9370661	3	609591	1	1	4	2	0	9	5	1234	609594	1259	1259	609591
00547b9476397463c8220560aeeea086	adv	251ce6c2f5e38c82	74	106.065	84656	/nfs/share/instances/gbd/cnf/00547b9476397463c8220560aeeea086-bench_3250.smt2.cnf.xz	7048a928cf30d19ea90bf3d1226af0b1	agile	sat	237920	66184	4569860	27	66447	166371	5069	0	0	0	4	0	2	115955	156700	45445	29596
005522cf558f9b77ed345a289384e191	adv	c8c861131ca7239d	4	0.057817	0	/nfs/share/instances/gbd/cnf/005522cf558f9b77ed345a289384e191-unif-k3-r4.25-v420-c1785-S1394036608-091.cnf.xz	0b4af51b741fbb14bd00344a0cf306d5	uniform-random	unknown	1785	420	26281	0	0	1785	0	0	0	0	0	0	0	880	905	249	213
00597fb425e994af7a9d224ef4d09fc4	adv	5dde3a5eca7c2735	24	83.9795	171928	/nfs/share/instances/gbd/cnf/00597fb425e994af7a9d224ef4d09fc4-41-118813.cnf.xz	3e16c3107f0876b1db6dc13f179964a2	station-repacking	unknown	679195	28641	10451926	3	677864	1	1	4	2	0	8	4	1308	677867	1331	1331	677864
0059d4b1cf79efbc6e6ed50caee0448e	adv	41e2586528b587a5	10	0.23574	0	/nfs/share/instances/gbd/cnf/0059d4b1cf79efbc6e6ed50caee0448e-4col220_9_1.shuffled.cnf.xz	5865199aa84abc74c6a4626dae53555a	coloring	sat	3966	440	75241	6	0	0	3960	0	0	0	0	0	0	1208	1208	228	226
005ccb378ced61c02105ed7ee0a62038	adv	b542535416370414	1	0.478986	0	/nfs/share/instances/gbd/cnf/005ccb378ced61c02105ed7ee0a62038-mm-2x2-5-0-s.1.shuffled-as.sat03-1496.cnf.xz	9cc1026828eb0c34c158572ced7530ad	matrix-multiplication	unsat	32000	60	880640	0	0	0	0	1944	0	22680	0	2160	5216	1383	2290	403	219
005d76c0f37b33d8b752f7ebdd157a99	adv	0d312ba0b15a2b1f	5	0.069254	0	/nfs/share/instances/gbd/cnf/005d76c0f37b33d8b752f7ebdd157a99-x9-05041.sat.sanitized.cnf.xz	0075735c23a69c9898351ac443af5d3c	hamiltonian	unknown	2253	250	26806	0	2053	0	53	94	53	0	0	0	0	2053	200	200	2053
00613b57720df18bec8d8dc68dc57a7b	adv	2f54ee68f4f4a6aa	24	82.8093	178648	/nfs/share/instances/gbd/cnf/00613b57720df18bec8d8dc68dc57a7b-51-135677.cnf.xz	bf482e8e134f686cb8d57bb4f1aa6799	station-repacking	unknown	756640	30429	11668943	3	755221	2	1	4	2	0	10	5	1392	755224	1419	1419	755221
006282ac3d0013b911249d14c326f53d	adv	15907c054a561d51	14	1.42591	0	/nfs/share/instances/gbd/cnf/006282ac3d0013b911249d14c326f53d-bench_5908.smt2.cnf.xz	bd40bcc4daef04707a96e44a4eb0f14a	agile	unsat	16973	4913	263329	30	6865	9391	677	0	0	1	9	0	0	8700	11293	4615	1839
0062dc10471119b9e13da682216b190f	adv	3d14806330b14302	18	134.899	454052	/nfs/share/instances/gbd/cnf/0062dc10471119b9e13da682216b190f-ex179_11.cnf.xz	7e2613987e25c3050afcd89a56b4afc4	tree-decomposition	sat	1735561	127037	36143236	1541	170913	834197	728910	0	0	0	0	0	0	641999	491864	246	46537
0064aa2e16c9d4b18d32a45d3073fce9	adv	eff8268e46a34739	25	21.4927	60108	/nfs/share/instances/gbd/cnf/0064aa2e16c9d4b18d32a45d3073fce9-desmul.miter.used-as.sat04-330.cnf.xz	1e7e0203228fbd91f74db79d140099fc	miter	unsat	179895	28902	3949720	0	41362	84684	0	53848	0	0	0	0	1	48197	105262	46244	14440
0067d012901f358831afb6d6e5f83767	adv	d10d29781f80db11	NA	522.92	330624	/nfs/share/instances/gbd/cnf/0067d012901f358831afb6d6e5f83767-bench_13811.smt2.cnf.xz	fbcb811266df25610bba15eddade86fd	agile	sat	1109409	318003	23051079	4748	378833	689156	35764	0	6	23	267	470	142	651300	646869	299664	83353
006be0fb3ae0a75aac0e386c2e6c4669	adv	06ca2609a4844ff8	59	54.1994	57556	/nfs/share/instances/gbd/cnf/006be0fb3ae0a75aac0e386c2e6c4669-bench_501.smt2.cnf.xz	71e6e1d39c27648e0bbb09f85e7c3123	agile	sat	179968	50593	3389065	387	51921	123619	3977	0	5	1	50	0	8	89002	117367	36580	22200
006c57c6c09a6e4a4402f1dd264cab15	adv	54d1e8cbec124e4f	24	70.1839	145764	/nfs/share/instances/gbd/cnf/006c57c6c09a6e4a4402f1dd264cab15-49-114312.cnf.xz	c6d26e830f3069a857bcf1d65abe592e	station-repacking	unknown	615298	27251	9443678	3	614033	1	1	4	2	0	9	3	1242	614036	1265	1265	614033
006cc1f4e081e7fd96a50a2171792f21	adv	3f5fc4f09e673fa3	24	32.5317	84548	/nfs/share/instances/gbd/cnf/006cc1f4e081e7fd96a50a2171792f21-54-87110.cnf.xz	dfd70d15b08fede08d51912e1b1341f5	station-repacking	unknown	349879	19672	5305900	3	348967	1	1	3	2	0	7	1	894	348970	912	912	348967
006da0e3f4ad5b1ecd3651e66dbea36d	adv	a14792f5ee1c21c9	24	39.6457	106812	/nfs/share/instances/gbd/cnf/006da0e3f4ad5b1ecd3651e66dbea36d-52-89991.cnf.xz	fb3d274bc265898c6be7acd3a26c97da	station-repacking	unknown	382609	20698	5812542	3	381654	1	0	3	2	0	6	0	940	381657	955	955	381654
006dcf7e3d0fa7c39b0f542ad0ec949e	adv	NA	NA	6001.94	49811476	/nfs/share/instances/gbd/cnf/006dcf7e3d0fa7c39b0f542ad0ec949e-UNSAT_P_sat_snake_p05.pddl_30.cnf.xz	1c04625e0d407e5572a1e49dfcf5bce8	planning	unsat	239054681	449048	4227570344	428	239029886	0	0	0	0	0	59	0	24308	239030314	6106692	196	232948398
006e293dfc476b21c246b963c6eb16b7	adv	05f6b88530de9659	63	45.6024	37916	/nfs/share/instances/gbd/cnf/006e293dfc476b21c246b963c6eb16b7-bench_2778.smt2.cnf.xz	e783c7abe50390825c521d9adb1ad0f8	agile	sat	112560	32084	2054846	490	36575	72129	3291	0	2	67	2	0	4	62409	68038	28168	10315
0071b624d91ebe408b0585f8c4e34fd9	adv	3fdf9329fb76b486	11	8.12021	50604	/nfs/share/instances/gbd/cnf/0071b624d91ebe408b0585f8c4e34fd9-ctl_4291_567_7_unsat.cnf.xz	ab1e93b4ab8be51c40a14b9543dd5c61	scheduling	unsat	154654	17850	3198392	0	32032	38441	84181	0	0	0	0	0	0	47601	47597	3648	3659
0072b0ce5c4ab8386763d10ef88f636e	adv	318e795c66b3ad62	24	64.9443	153936	/nfs/share/instances/gbd/cnf/0072b0ce5c4ab8386763d10ef88f636e-49-118813.cnf.xz	87e7af8fda89223e204d0171229619c4	station-repacking	unknown	648616	28081	9967425	3	647312	1	1	4	2	0	9	3	1281	647315	1304	1304	647312
0072b38614d34eb3c6ffc36aef13ee3a	adv	1c39b8804a93717b	24	69.4676	154668	/nfs/share/instances/gbd/cnf/0072b38614d34eb3c6ffc36aef13ee3a-60-116374.cnf.xz	0130801e6dc199e8b5fcfb813f6f7729	station-repacking	unknown	581068	26375	8913484	3	579843	1	1	3	2	0	8	3	1204	579846	1225	1225	579843
00784e1e1a9ae772aae7f33c1fa5fbe2	adv	1249d822eb0d0c8b	3	0.565002	0	/nfs/share/instances/gbd/cnf/00784e1e1a9ae772aae7f33c1fa5fbe2-unif-k7-r85-v200-c17000-S266028630-005.cnf.xz	8152eb558f074c8088470f35bce4ed97	uniform-random	unknown	17000	200	503336	0	0	0	0	0	0	17000	0	0	0	1033	1093	127	131
00847fca81490df01b9e239fd6027378	adv	f0d88e4dbb09334f	63	28.5894	30500	/nfs/share/instances/gbd/cnf/00847fca81490df01b9e239fd6027378-bench_1614.smt2.cnf.xz	570b13596b34c42f4f21c8830bf2a6c9	agile	sat	87531	25148	1577452	539	27713	56955	2266	0	2	50	4	0	2	46819	54701	20392	9172
0085c7242003811caf4b7eff64022e55	adv	b2395d4f352a8721	24	80.6562	172348	/nfs/share/instances/gbd/cnf/0085c7242003811caf4b7eff64022e55-50-121857.cnf.xz	1a7e89ef52d5a8988ea77b02ed7f30ef	station-repacking	unknown	738915	30116	11391945	3	737512	1	1	4	3	0	8	4	1379	737515	1403	1403	737512
008d1f79eec2b7712637e48aec7a63cd	adv	936f0bc65967897d	24	65.2696	132868	/nfs/share/instances/gbd/cnf/008d1f79eec2b7712637e48aec7a63cd-53-105501.cnf.xz	1cf53ddb8e63e40181920c3b7980d77d	station-repacking	unknown	536507	25337	8217692	3	535337	1	1	3	2	0	8	2	1150	535340	1170	1170	535337
008d78352c3d630340e6a3ef0d7242d7	adv	fcfe20a84118561f	22	99.8491	210888	/nfs/share/instances/gbd/cnf/008d78352c3d630340e6a3ef0d7242d7-54-132166.cnf.xz	0ad5dd947099af3c0783274dd270672d	station-repacking	unknown	819124	31511	12644081	3	817657	1	1	3	2	0	9	4	1444	817660	1467	1467	817657
008e7716c69009090ff6bd0048dc55f8	adv	c45c905b90f3a615	75	80.0183	65492	/nfs/share/instances/gbd/cnf/008e7716c69009090ff6bd0048dc55f8-SAT_dat.k10.cnf.xz	be2f6ade7fb483507373d03afa16dca9	hardware-verification	unsat	207720	46169	4061570	148	84712	114816	155	294	11	1546	4486	0	1552	139105	127761	26186	20234
008fa3f37db9759dee825665e78e2e80	adv	70f5c54b0536467f	24	52.7635	117608	/nfs/share/instances/gbd/cnf/008fa3f37db9759dee825665e78e2e80-57-101750.cnf.xz	f88f8e340f859815fa59e35258b23019	station-repacking	unknown	471724	23581	7205637	3	470631	1	1	4	2	0	7	2	1073	470634	1093	1093	470631
0091ac9434f528a4007d82d2443d2dc9	adv	392206f617911784	4	0.901381	12800	/nfs/share/instances/gbd/cnf/0091ac9434f528a4007d82d2443d2dc9-ER_500_10_2.apx_2_DS-ST.cnf.xz	2596746a3a5a1a98e989221c8a2bf134	argumentation	unknown	38698	1002	471615	1	38196	0	0	0	0	0	0	0	501	37696	25799	501	12900
0092f19206d4641caaa3a638914bee3f	adv	a57d2b8f218bf689	24	34.6096	136500	/nfs/share/instances/gbd/cnf/0092f19206d4641caaa3a638914bee3f-51-106342.cnf.xz	a0d603e1998e9f10f0f64eb03cfe002b	station-repacking	unknown	517852	24875	7925826	3	516700	1	1	4	2	0	8	2	1131	516703	1152	1152	516700
0094d44002500c187e3c2d07a13bee7c	adv	356c59011990f7df	4	0.069932	0	/nfs/share/instances/gbd/cnf/0094d44002500c187e3c2d07a13bee7c-unif-k3-r4.25-v480-c2040-S926047226-039.cnf.xz	db459329b26cef4c2cbd590442b6b877	uniform-random	unknown	2040	480	30229	0	0	2040	0	0	0	0	0	0	0	1040	1000	254	250
009a4a6c23299b864508393ee726625a	adv	1e915d55b801dce6	14	1.36305	0	/nfs/share/instances/gbd/cnf/009a4a6c23299b864508393ee726625a-bench_10899.smt2.cnf.xz	f2fb36d7d50cf535e66d9112f7ce8296	agile	unsat	16094	4665	248122	32	6615	8761	676	0	0	1	9	0	0	8342	10448	4740	1729
00a1604721e43896a93b5329e5b38af4	adv	826279a7304e684c	24	61.0917	149972	/nfs/share/instances/gbd/cnf/00a1604721e43896a93b5329e5b38af4-51-127798.cnf.xz	0cfbd3c5674cc518ec59cc385f71e49f	station-repacking	unknown	642113	27824	9864572	3	640819	1	1	4	2	0	10	4	1269	640822	1294	1294	640819
00a30fb1c0150fe3d6692afd2b220887	adv	4c0861b174ac6cd8	27	4.50471	13248	/nfs/share/instances/gbd/cnf/00a30fb1c0150fe3d6692afd2b220887-Break_triple_10_16.xml.cnf.xz	d3bca9554403ba14eb67668c5955d205	scheduling	sat	28686	6443	409067	1	26468	1694	56	0	0	0	0	0	467	26249	11536	2420	15586
00a62eb89afbf27e1addf8f5c437da9b	adv	9356b6ed708bf0b2	8	2.18426	0	/nfs/share/instances/gbd/cnf/00a62eb89afbf27e1addf8f5c437da9b-ortholatin-7.cnf.xz	0d70f59e9d0fbac87d26088a5f9a8812	unknown	sat	101038	6076	1497399	0	92610	245	686	0	49	7399	0	0	49	92904	17199	392	76832
00a981f385cd209d41e1efa1f5f29bac	adv	9743a3beed31c2c5	81	87.6128	86884	/nfs/share/instances/gbd/cnf/00a981f385cd209d41e1efa1f5f29bac-ibm-2004-03-k70.cnf.xz	cec04e06ad991983108fe7ed0cd92fea	hardware-verification	sat	286405	69839	5158079	951	198973	59577	9369	5495	4414	2725	752	1154	2995	223385	215283	22034	27707
00ae4072f9b57d5d3cfe8919aff1b776	adv	af64ccdc3bea7849	18	369.97	1171808	/nfs/share/instances/gbd/cnf/00ae4072f9b57d5d3cfe8919aff1b776-163.smt2.cnf.xz	fc97bd0ec4cb87b2f68aa86ced6b7939	bitvector	sat	4048674	1279524	83539105	121	2134278	1914275	0	0	0	0	0	0	0	2918172	2023057	591068	1298121
00aec3b2e38968bf8a922709e2acfccd	adv	5c817c779ba898c6	3	1.09687	0	/nfs/share/instances/gbd/cnf/00aec3b2e38968bf8a922709e2acfccd-unif-k5-r20-v2000-c40000-S837431592-027-UNKNOWN.cnf.xz	46e8013cf9d4abccc77ac23ebae90828	uniform-random	unknown	40000	2000	1068581	0	0	0	0	40000	0	0	0	0	0	7520	7570	1278	1219
00aefd1fc30c425075166ca051e57218	adv	9eb4f7197afb8632	NA	2613.81	3127864	/nfs/share/instances/gbd/cnf/00aefd1fc30c425075166ca051e57218-barman-pfile10-038.sas.ex.15.cnf.xz	fdf55e1b02a137ed2884650e1b991092	planning	unsat	976656	430288	404779114	367	552383	125455	22262	8367	10922	7087	3076	2736	244001	552750	854048	367	122608
00b1c27aee52d6dd9e112fa55d4cc1ca	adv	011fb00a6754f2b6	24	123.89	236384	/nfs/share/instances/gbd/cnf/00b1c27aee52d6dd9e112fa55d4cc1ca-44-133937.cnf.xz	97955f61242534e7f83a587498330ff7	station-repacking	unknown	924336	33651	14297924	3	922772	1	1	5	2	0	9	2	1541	922775	1564	1564	922772
00b46ace235e3915a439c77a231a5657	adv	b1aab2c350a388b8	10	2.51828	19200	/nfs/share/instances/gbd/cnf/00b46ace235e3915a439c77a231a5657-TableSymModel_output_7_3_9.bul_.dimacs.cnf.xz	ec7ff6e2dc7b5cbfac5fa6bbfbe4121c	social-golfer	sat	70140	7182	1074390	21	55188	13230	1323	0	0	0	0	0	378	68439	5691	399	51219
00b9b467c26540853360491401da61a5	adv	4a50c8f02ea2077d	NA	26.0391	17920	/nfs/share/instances/gbd/cnf/00b9b467c26540853360491401da61a5-minand064.cnf.xz	187460f08c94149081ab81130be5c5ce	bitvector	unsat	42956	14703	653012	2	28636	14318	0	0	0	0	0	0	0	29085	19566	9074	22943
00bb0b4ef28ed38c49de4c54b9fabc4d	adv	027fd33175ef0091	22	1.77463	0	/nfs/share/instances/gbd/cnf/00bb0b4ef28ed38c49de4c54b9fabc4d-25_2.cnf.xz	f5a9ab84b535fa44e91b7326cec9e453	cryptography-simon	sat	13792	4128	220677	128	3264	10400	0	0	0	0	0	0	0	6592	10592	65	2463
00bbdbb1bc700e4c4ceb0d6e86e33c23	adv	1e40bb3078cae1a4	4	0.051567	0	/nfs/share/instances/gbd/cnf/00bbdbb1bc700e4c4ceb0d6e86e33c23-glassybp-v300-s1496080651.cnf.xz	ed4d7d36d3f248f7bf8cba98c004bd01	glassy-gen	unknown	1400	300	20166	0	0	1400	0	0	0	0	0	0	0	707	693	172	185
00be4c67683c8edeca138279e13942cb	adv	ef4995ed22b87280	24	122.579	275728	/nfs/share/instances/gbd/cnf/00be4c67683c8edeca138279e13942cb-52-139122.cnf.xz	bd5a63b78505ee1e7a14d0ba36cbbda6	station-repacking	unknown	1090261	36972	16908407	3	1088542	1	1	6	3	0	9	6	1690	1088545	1719	1719	1088542
00be590675417eba2bb2585790ac392d	adv	4d67bfe0ce63ef78	6	0.352845	0	/nfs/share/instances/gbd/cnf/00be590675417eba2bb2585790ac392d-iso-brn008.shuffled-as.sat05-2933.cnf.xz	5bce323bf7c9cc5fa639c275deeeb53e	quasigroup-completion	sat	10265	1617	172559	118	1120	8577	53	55	57	113	102	16	54	5357	5226	1437	1350
00c4c1dfa04e7cd8b7abc80a4a4f7153	adv	ead3d2789f23bbe5	4	0.113639	0	/nfs/share/instances/gbd/cnf/00c4c1dfa04e7cd8b7abc80a4a4f7153-unif-k3-r4.26-v800-c3408-S1536861174-069.SATISFIABLE.cnf.xz	fb641e4d952898b3cd2a4bc89136cfd5	uniform-random	sat	3408	800	51528	0	0	3408	0	0	0	0	0	0	0	1730	1678	404	448
00d0eef039aa1f9cf1cf2647a58fe313	adv	58c83a603fbf6e81	4	2.53176	0	/nfs/share/instances/gbd/cnf/00d0eef039aa1f9cf1cf2647a58fe313-unif-k4-r9.121-v8800-c80265-S4104809886357711891.cnf.xz	50d41e6dc0691f590bb5921dcd7abf7d	uniform-random	unknown	80265	8800	1886067	0	0	0	80265	0	0	0	0	0	0	24973	24974	4934	4957
00d1fe07ab948b348bb3fb423b1ef40d	adv	0100995234908c80	16	1.38987	0	/nfs/share/instances/gbd/cnf/00d1fe07ab948b348bb3fb423b1ef40d-lec_mult_KvW_12x11.sanitized.cnf.xz	5d3300b44d1cc6cbe479aaa9120248f1	miter	unsat	15159	5068	217479	0	10044	5114	0	0	0	0	0	0	1	10771	7888	2227	6567
00d239e486137a4f7264adb4fb57d5ae	adv	c960dd85d83576f1	10	0.058161	0	/nfs/share/instances/gbd/cnf/00d239e486137a4f7264adb4fb57d5ae-hwb-n24-01-S1048418025.shuffled-as.sat03-1617.cnf.xz	a207e99f5dcfe500129f591ecbc4568b	miter	unsat	774	162	11405	0	18	452	304	0	0	0	0	0	0	319	328	75	84
00d25e6106c5c09bb5d8d0f7eae7385a	adv	ef8c1f301e768ca9	24	69.0393	147312	/nfs/share/instances/gbd/cnf/00d25e6106c5c09bb5d8d0f7eae7385a-54-106649.cnf.xz	c8567ebc5cdaea08c7e4796d3759ed84	station-repacking	unknown	550261	25520	8432964	3	549081	1	1	3	2	0	7	4	1159	549084	1180	1180	549081
00d3338cd6cdfa099ff29f036c77d93d	adv	0351ae52d705460b	10	50.5391	248228	/nfs/share/instances/gbd/cnf/00d3338cd6cdfa099ff29f036c77d93d-sha256__zeroOut_17__freeIn_21__seed_1.cnf.xz	572ec11b1a0c5b64909b3cec9d800157	cryptography	sat	618749	37633	23246918	2813	656	55024	120048	64368	60000	225600	90240	0	0	150221	140485	1343	8230
00d41fe5805aef9e2e3b63e1d9497edf	adv	f8e0009712d74abc	NA	467.189	409032	/nfs/share/instances/gbd/cnf/00d41fe5805aef9e2e3b63e1d9497edf-UNSAT_MS_opt_termes_p15.pddl_139.cnf.xz	19ec4ae0785061b74a5a0afb01fc545b	planning	unknown	1690192	116422	27751134	91	1668139	278	3058	3058	5004	278	5560	278	4448	1668230	953353	23	736907
00d46b1518fddf95bc8ba424e1b5b77d	adv	bda59379c947a9f9	24	51.2781	116972	/nfs/share/instances/gbd/cnf/00d46b1518fddf95bc8ba424e1b5b77d-43-103175.cnf.xz	a1dc58b83217220c28341ad72b0e3adc	station-repacking	unknown	477994	23671	7297070	3	476898	1	1	4	2	0	8	2	1075	476901	1096	1096	476898
00d5f0932042a96518b03e6fd2feaf48	adv	a46772147f556541	24	79.2511	163948	/nfs/share/instances/gbd/cnf/00d5f0932042a96518b03e6fd2feaf48-56-115042.cnf.xz	42341b8aa4f6b19dd940332876db37ea	station-repacking	unknown	646819	27734	9931131	3	645528	1	1	4	2	0	9	3	1268	645531	1291	1291	645528
00d74259dcca2176f1cd561f52bc0326	adv	aae2ff8f8e77f66d	3	0.174863	0	/nfs/share/instances/gbd/cnf/00d74259dcca2176f1cd561f52bc0326-unif-k6-r43.37-v210-c9108-S5835296729793976499.cnf.xz	018bf9b9f44b687473a6c8619ed01a0a	uniform-random	unknown	9108	210	235273	0	0	0	0	0	9108	0	0	0	0	989	975	142	131
00df199d465391a52fc37b87f81a957f	adv	a355f4e310b68ec8	5	0.022737	0	/nfs/share/instances/gbd/cnf/00df199d465391a52fc37b87f81a957f-x9-02052.sat.sanitized.cnf.xz	83edf5c9db2b40e6234cd41c23398b7e	hamiltonian	unknown	900	100	9337	0	820	0	20	40	20	0	0	0	0	820	80	80	820
00e010712b854966aa56caf9c9dc4696	adv	0fd861c69cecde88	24	52.5903	157968	/nfs/share/instances/gbd/cnf/00e010712b854966aa56caf9c9dc4696-58-122927.cnf.xz	03bf2cec1365befee64db090b55e5c1c	station-repacking	unknown	664974	28356	10231025	3	663656	1	1	3	2	0	9	4	1295	663659	1318	1318	663656
00e1e5a05ed04bcb437bd7fc57a88b7f	adv	88d414e964f1ed2c	3	0.057321	0	/nfs/share/instances/gbd/cnf/00e1e5a05ed04bcb437bd7fc57a88b7f-unif-k5-r21.3-v100-c2130-S1225022879-08.UNSAT.shuffled.cnf.xz	c7469e03c5c0b41ce9587e8a4f2cf998	uniform-random	unsat	2130	100	40408	0	0	0	0	2130	0	0	0	0	0	385	392	67	68
00e289099ea9bcef6a056a8c8ba8a3c0	adv	ed3cae9cd78790ac	NA	171.075	142020	/nfs/share/instances/gbd/cnf/00e289099ea9bcef6a056a8c8ba8a3c0-ndist.b.21497.cnf.xz	5b42e642bcfcf38ae7330cd2b8f7bdbd	bitvector	sat	386932	279453	7223674	1	257954	128977	0	0	0	0	0	0	0	279450	193469	64488	171968
00e32767bee1894beb0b71867f279d36	adv	984e8e65d1f4ec46	24	122.021	297896	/nfs/share/instances/gbd/cnf/00e32767bee1894beb0b71867f279d36-48-136923.cnf.xz	7be8849a6dd0d5ecf129ff7de147769d	station-repacking	unknown	1135889	37961	17624244	3	1134125	2	1	5	3	0	10	5	1735	1134128	1764	1764	1134125
00e45ab8a1baf16155af6e59c3df5dbb	adv	14f08a866c866796	6	0.162802	0	/nfs/share/instances/gbd/cnf/00e45ab8a1baf16155af6e59c3df5dbb-x9-11092.sat.sanitized.cnf.xz	fbd9767b87568fb21925ce9cdc75ef29	hamiltonian	unknown	4950	550	61494	0	4510	0	110	220	110	0	0	0	0	4510	440	440	4510
00e5aac4701e62ae50c9f1504057fce8	adv	80d7752154eebbfc	18	0.661733	7680	/nfs/share/instances/gbd/cnf/00e5aac4701e62ae50c9f1504057fce8-bench_10701.smt2.cnf.xz	59892222332be61cacd06e08943bd5ac	agile	unknown	9720	2816	148223	8	3630	5698	384	0	0	0	0	0	0	5628	5598	2980	749
00e974264f8f9048b68c983f36643115	adv	77ff6497e46f21e9	24	70.1397	135064	/nfs/share/instances/gbd/cnf/00e974264f8f9048b68c983f36643115-47-108545.cnf.xz	6992f2cb21e2b75e7bf6742389baa01d	station-repacking	unknown	565820	26093	8672884	3	564612	1	1	4	2	0	8	2	1187	564615	1208	1208	564612
00ec2992d59f85705eb8e1f4f1e01b3d	adv	bddf23b7ead91ad5	1	0.011001	0	/nfs/share/instances/gbd/cnf/00ec2992d59f85705eb8e1f4f1e01b3d-sgen4-sat-280-8.cnf.xz	d0e5d8d44a8534076afaec8a6d0f6960	sgen	sat	672	280	8240	0	560	0	0	112	0	0	0	0	0	444	437	142	145
00ecd19c442956ff9a22584fd9bf439e	adv	3de7b1270deb8301	4	0.663485	0	/nfs/share/instances/gbd/cnf/00ecd19c442956ff9a22584fd9bf439e-unif-k3-r4.267-v5200-c22188-S8832663068472759902.cnf.xz	08820662453c916fb282278a763e244c	uniform-random	unknown	22188	5200	396361	0	0	22188	0	0	0	0	0	0	0	11060	11128	2720	2787
00063d88244921d6ec46aeab6866a8e2	sum	779efa1ba6c29dba	26	6.9443	31532	/nfs/share/instances/gbd/cnf/00063d88244921d6ec46aeab6866a8e2-6s16.cnf.xz	d642ae7fc5e1fd972d4b130407ea4519	miter	unsat	91888	31486	1503071	1	61258	30629	0	0	0	0	0	0	0	68623	47944	13315	36581
00072cf107ae1349c8c59a15c5ce4af1	sum	01ae9f0328d3deb1	4	0.023772	0	/nfs/share/instances/gbd/cnf/00072cf107ae1349c8c59a15c5ce4af1-unif-c1275-v300-s428434218.cnf.xz	1ef05341ba4017bd107a9b2aa6bb2841	uniform-random	unknown	1275	300	18322	0	0	1275	0	0	0	0	0	0	0	624	651	176	156
00076733bdbce94d7e44eca84f1425f0	sum	5059e2ed6d186af5	9	27.499	333580	/nfs/share/instances/gbd/cnf/00076733bdbce94d7e44eca84f1425f0-vlsat2_16297_1562268.dimacs.cnf.xz	a10da8b861b1e1a1a17af27060e94f6e	petrinet-concurrency	unsat	1562268	16297	22875440	1	1561890	1	1	1	1	1	1	1	370	1561890	379	379	1561889
000781b7a545fe723159e53127aff659	sum	1d5727988274486f	24	47.2498	147608	/nfs/share/instances/gbd/cnf/000781b7a545fe723159e53127aff659-42-121369.cnf.xz	8bf4adb12d796e486a0915ecd7dce20f	station-repacking	unknown	653485	28135	10044450	3	652176	1	1	4	2	0	9	4	1285	652179	1309	1309	652176
000a41cdca43be89ed62ea3abf2d0b64	sum	970bdaf6f332a578	12	30.5407	200620	/nfs/share/instances/gbd/cnf/000a41cdca43be89ed62ea3abf2d0b64-snw_13_9_pre.cnf.xz	bb3b6ceaeee2d5e9fd8e1066389a8a94	sorting-networks	sat	830517	24517	16343754	0	101968	544762	183690	0	0	6	0	0	91	680173	110547	4244	58680
000e4e0db67e27083649c20a2a3f761b	sum	09569a6f3eeded03	4	109.64	1016392	/nfs/share/instances/gbd/cnf/000e4e0db67e27083649c20a2a3f761b-unif-k5-r16.0-v250000-c4000000-S2840568844400290198.cnf.xz	0e00b2eed7d862a9322e74aff1d2eb36	uniform-random	sat	4000000	250000	149104452	0	0	0	0	4000000	0	0	0	0	0	749155	750175	125491	124936
00107d84f57e2371476a7b2cabe0b351	sum	f326f4db447d2c9b	74	540.858	690480	/nfs/share/instances/gbd/cnf/00107d84f57e2371476a7b2cabe0b351-sudoku-N30-18.cnf.xz	74869413385b1be800a65bb6252cd90d	sudoku	unsat	2262659	841990	45772665	657	1531740	521614	101500	774	17280	0	0	89064	30	2031366	882190	106057	804300
001304ba2e4e8adbd179aa3d8acb697b	sum	9b0d5e41292af638	5	0.022617	0	/nfs/share/instances/gbd/cnf/001304ba2e4e8adbd179aa3d8acb697b-x9-03065.sat.sanitized.cnf.xz	1d8c6a1369f306c697207991a8fd752a	hamiltonian	unknown	1347	150	15136	0	1227	0	27	66	27	0	0	0	0	1227	120	120	1227
001344c9b3cb1626af1c7c35155cf26a	sum	217803d0dc62e76a	NA	1208.43	1338648	/nfs/share/instances/gbd/cnf/001344c9b3cb1626af1c7c35155cf26a-bench_13439.smt2.cnf.xz	72b1b54fb940ce8eb1855bbcd8d4a750	agile	unsat	4751686	1313245	108797045	1572	1204899	3468194	76938	1	0	3	55	0	24	2099472	3332928	706329	703153
0020aa0c69379226948904ad455b6c09	sum	be9c844f1fd2c383	3	0.062507	0	/nfs/share/instances/gbd/cnf/0020aa0c69379226948904ad455b6c09-unif-k7-r89-v45-c4005-S179716588-02.UNSAT.shuffled.cnf.xz	7a6379702cd1a466bc7855c1fd39c502	uniform-random	unsat	4005	45	99357	0	0	0	0	0	0	4005	0	0	0	231	265	38	36
00213e27dabcf679205144f3dde5d37e	sum	2833e981afc83757	3	0.071274	0	/nfs/share/instances/gbd/cnf/00213e27dabcf679205144f3dde5d37e-unif-p12-k5-r21.117-v250-c5279-S8618839184587418381.cnf.xz	0afa13deb8144c4a2a366fc314fed25a	uniform-random	sat	5279	250	117580	0	0	0	0	5279	0	0	0	0	0	1007	1018	171	174
0022f125b13bd7ccc91e793431c67a52	sum	e8eaad4f7dabaf02	13	105.13	662768	/nfs/share/instances/gbd/cnf/0022f125b13bd7ccc91e793431c67a52-Kakuro-easy-048-ext.xml.hg_4.cnf.xz	f29b0ffa0d1e3681bd2df2ad53f73afa	hypertree-decomposition	sat	2786994	41874	64056109	84	60438	1164744	1561728	0	0	0	0	0	0	1918728	341670	3738	11760
0025a06f00f6e467f7cf4ef9e649b2a7	sum	99ed468e2442f9cb	40	40.6409	89308	/nfs/share/instances/gbd/cnf/0025a06f00f6e467f7cf4ef9e649b2a7-bench_15721.smt2.cnf.xz	d702bb664671ea32cfe33b04ed2acf99	agile	unknown	297058	84922	5481082	389	113715	170502	12452	0	0	0	0	0	0	170810	167913	98498	24262
00260e67c792062bc3e10e6b94522101	sum	9a0a65803a9fbe15	24	76.1574	197900	/nfs/share/instances/gbd/cnf/00260e67c792062bc3e10e6b94522101-46-137775.cnf.xz	b43d7a0abfd9b9ecc7c8cdf07df14242	station-repacking	unknown	889030	32971	13747752	3	887493	1	1	5	2	0	9	5	1511	887496	1537	1537	887493
0026aaf8bbf2df73cb5db34a7b7a7a04	sum	f690541151e355b1	24	64.6902	182328	/nfs/share/instances/gbd/cnf/0026aaf8bbf2df73cb5db34a7b7a7a04-42-132768.cnf.xz	d7f6183466dc80f719aed63fec0707bc	station-repacking	unknown	809889	31450	12500681	3	808422	1	1	4	2	0	9	4	1443	808425	1467	1467	808422
00274d0721d26f867b2573377712cac9	sum	b531b7c091fefe4e	15	14.5341	88448	/nfs/share/instances/gbd/cnf/00274d0721d26f867b2573377712cac9-27.smt2.cnf.xz	a98b53d0f8f0e2f592db32ad49a13198	bitvector	sat	284554	89850	5017384	47	147954	136553	0	0	0	0	0	0	0	204797	142502	40947	89461
00275f3018d50ba38867268739dfc44f	sum	a39edf0fcdffab0b	5	0.03256	0	/nfs/share/instances/gbd/cnf/00275f3018d50ba38867268739dfc44f-x9-04058.sat.sanitized.cnf.xz	fb9c4b5fc1c151737b9bf2544bafbc56	hamiltonian	unknown	1795	200	20873	0	1635	0	35	90	35	0	0	0	0	1635	160	160	1635
002a0330958a14deb23dcc84b5489e8a	sum	39d62f8b14740837	58	109.727	182164	/nfs/share/instances/gbd/cnf/002a0330958a14deb23dcc84b5489e8a-traffic_f_unknown.cnf.xz	227779ac538cd3a2c78c6ff3d8cad235	scheduling	unsat	763101	33320	19183036	0	52598	92683	617820	0	0	0	0	0	0	93867	93869	5067	5076
002bed2572e6e326815e674f288de8b4	sum	2a3c5afa403d053a	20	0.519771	0	/nfs/share/instances/gbd/cnf/002bed2572e6e326815e674f288de8b4-fdmus_b21_341.cnf.xz	7a0032b8aad3b21cda036a79caa5f6eb	fdmus	unsat	7704	2823	106592	6	5334	2364	0	0	0	0	0	0	0	5955	4611	733	2477
003154fc91d34d29ec5cf93b0bc32143	sum	bf6dfddb1b9febb3	24	19.6915	76608	/nfs/share/instances/gbd/cnf/003154fc91d34d29ec5cf93b0bc32143-54-78879.cnf.xz	3918389491f1e0424a221e5a508d30ff	station-repacking	unknown	320248	18477	4839266	3	319392	1	1	2	1	0	7	1	840	319395	856	856	319392
00316e383123773ae35d3210f5396205	sum	ae261860dea0b9ca	5	0.079422	0	/nfs/share/instances/gbd/cnf/00316e383123773ae35d3210f5396205-x9-11064.sat.sanitized.cnf.xz	9368b98845a0f9d0557d536ab072e400	hamiltonian	unknown	4940	550	61464	0	4500	0	100	240	100	0	0	0	0	4500	440	440	4500
0033baadbd48d3f880e9b5a733bd4950	sum	145a3bdf4a540ac2	1	0.023057	0	/nfs/share/instances/gbd/cnf/0033baadbd48d3f880e9b5a733bd4950-rope_0030.shuffled.cnf.xz	767c3e4149c9da1265bdfdb3e1526766	coloring	unsat	2520	1080	29236	0	2160	360	0	0	0	0	0	0	0	1810	1772	562	628
0035666407d4ccb5082630045d60a5fe	sum	aecf268c6a6a9d8b	3	0.090649	0	/nfs/share/instances/gbd/cnf/0035666407d4ccb5082630045d60a5fe-unif-k5-r21.117-v300-c6335-S7321118839272301463.cnf.xz	dbcbcc0d7ada0bf52960d506ac2fdfc7	uniform-random	unknown	6335	300	143385	0	0	0	0	6335	0	0	0	0	0	1173	1231	221	195
0038cea06eae4c3234b7bb65d9a8497c	sum	857f3c4e40fce11c	3	0.100005	0	/nfs/share/instances/gbd/cnf/0038cea06eae4c3234b7bb65d9a8497c-unif-k7-r89-v65-c5785-S709270457-007.cnf.xz	9ad8991134b4b8fce5115a69f27fb3e6	uniform-random	sat	5785	65	146422	0	0	0	0	0	0	5785	0	0	0	381	384	38	40
003a77d2aa15a5f93aa2cfe79b986c9e	sum	8cccd4e4f7dd6e61	2	0.320673	0	/nfs/share/instances/gbd/cnf/003a77d2aa15a5f93aa2cfe79b986c9e-fclqcolor-20-15-15.shuffled-as.sat05-1270.cnf.xz	52b4b2deffe6f3a04cde483bc0665f3a	coloring	sat	49835	790	718484	0	7050	42750	0	0	0	0	0	0	35	24809	28599	7950	5980
003de2086be59a5fb7a7aaad0992cf47	sum	65d5c1aecd6301ad	6	0.060456	0	/nfs/share/instances/gbd/cnf/003de2086be59a5fb7a7aaad0992cf47-x9-07025.sat.sanitized.cnf.xz	b4980faa72567edd1a8724e53088db1d	hamiltonian	unknown	3146	350	38238	0	2866	0	66	148	66	0	0	0	0	2866	280	280	2866
003deabca05a76f3ee449221a80d8b62	sum	cf64bc7f092edb4d	24	55.8585	167892	/nfs/share/instances/gbd/cnf/003deabca05a76f3ee449221a80d8b62-42-127629.cnf.xz	b3577d5a29c8de66ba0ef905fbaf8d01	station-repacking	unknown	746852	30142	11511107	3	745448	1	1	4	2	0	9	4	1380	745451	1404	1404	745448
0041051c73dcdd885d412a38e8b09fba	sum	c2fb59d8c738db43	3	0.073677	0	/nfs/share/instances/gbd/cnf/0041051c73dcdd885d412a38e8b09fba-rphp4_065_shuffled.cnf.xz	1731a457fce065a6a758b224839f45ee	relativized-pigeon-hole	unsat	6959	520	128602	0	650	0	6305	0	0	0	0	0	4	2235	2499	514	425
0041f01bcd7d0d1f9541cea6da79ad57	sum	5b3d60a4325af2dc	5	0.786209	0	/nfs/share/instances/gbd/cnf/0041f01bcd7d0d1f9541cea6da79ad57-SGI_30_60_24_40_2-dir.shuffled-as.sat03-118.cnf.xz	dbc0536d387cedf9d93e2cba738a15d5	subgraph-isomorphism	unsat	58758	720	628649	0	58734	0	0	0	0	0	0	0	24	42651	45366	16083	13368
0042a627dfba7daa62d6ce175540c8a2	sum	a39991ed92ca1751	4	0.908119	0	/nfs/share/instances/gbd/cnf/0042a627dfba7daa62d6ce175540c8a2-unif-k3-r4.267-v12200-c52057-S523604335245593178.cnf.xz	00e84d0fce166b24a60e3ea4f0c39069	uniform-random	sat	52057	12200	977220	0	0	52057	0	0	0	0	0	0	0	26040	26017	6415	6474
0043cfdde474fa37dfeb5ce5952d22f6	sum	8a0276be15f346de	4	0.050259	0	/nfs/share/instances/gbd/cnf/0043cfdde474fa37dfeb5ce5952d22f6-unif-c2520-v600-s1111033636.cnf.xz	e572d26645b1d19679631b2bd1f73955	uniform-random	unknown	2520	600	37574	0	0	2520	0	0	0	0	0	0	0	1229	1291	322	277
0049919cdf9556bfda5bb365af72414c	sum	40a3fcc7bef35e69	24	57.4463	170484	/nfs/share/instances/gbd/cnf/0049919cdf9556bfda5bb365af72414c-57-124044.cnf.xz	8bae8be4a4a1f4f09aaa6ddcf82a8c96	station-repacking	unknown	759017	30582	11708401	3	757588	2	1	5	3	0	9	3	1403	757591	1429	1429	757588
004b0f451f7d96f6a572e9e76360f51a	sum	5eeb69a3a4d0c6b2	NA	840.519	925816	/nfs/share/instances/gbd/cnf/004b0f451f7d96f6a572e9e76360f51a-spg_420_280.cnf.xz	8614f82909dc0eaab513724a4ecf9835	cellular-automata	unsat	3463100	674643	93154305	0	602493	1466473	829493	549907	14734	0	0	0	0	1646404	1342905	237160	528240
005093e294b0ed0f7b23f341ff68968b	sum	e462177f8dd00423	24	47.5441	140948	/nfs/share/instances/gbd/cnf/005093e294b0ed0f7b23f341ff68968b-55-115476.cnf.xz	b21f609b4df1cc4005ff03168b39dddd	station-repacking	unknown	610850	27075	9370661	3	609591	1	1	4	2	0	9	5	1234	609594	1259	1259	609591
00547b9476397463c8220560aeeea086	sum	55bf2c2062d7c241	74	98.1303	72508	/nfs/share/instances/gbd/cnf/00547b9476397463c8220560aeeea086-bench_3250.smt2.cnf.xz	7048a928cf30d19ea90bf3d1226af0b1	agile	sat	237920	66184	4569860	27	66447	166371	5069	0	0	0	4	0	2	115955	156700	45445	29596
005522cf558f9b77ed345a289384e191	sum	4e0b676e22dc5406	4	0.052489	0	/nfs/share/instances/gbd/cnf/005522cf558f9b77ed345a289384e191-unif-k3-r4.25-v420-c1785-S1394036608-091.cnf.xz	0b4af51b741fbb14bd00344a0cf306d5	uniform-random	unknown	1785	420	26281	0	0	1785	0	0	0	0	0	0	0	880	905	249	213
00597fb425e994af7a9d224ef4d09fc4	sum	b57d363e1224d49e	24	57.1358	154556	/nfs/share/instances/gbd/cnf/00597fb425e994af7a9d224ef4d09fc4-41-118813.cnf.xz	3e16c3107f0876b1db6dc13f179964a2	station-repacking	unknown	679195	28641	10451926	3	677864	1	1	4	2	0	8	4	1308	677867	1331	1331	677864
0059d4b1cf79efbc6e6ed50caee0448e	sum	a28402accf817779	10	0.180798	0	/nfs/share/instances/gbd/cnf/0059d4b1cf79efbc6e6ed50caee0448e-4col220_9_1.shuffled.cnf.xz	5865199aa84abc74c6a4626dae53555a	coloring	sat	3966	440	75241	6	0	0	3960	0	0	0	0	0	0	1208	1208	228	226
005ccb378ced61c02105ed7ee0a62038	sum	ffaf590f17a83835	1	0.378054	0	/nfs/share/instances/gbd/cnf/005ccb378ced61c02105ed7ee0a62038-mm-2x2-5-0-s.1.shuffled-as.sat03-1496.cnf.xz	9cc1026828eb0c34c158572ced7530ad	matrix-multiplication	unsat	32000	60	880640	0	0	0	0	1944	0	22680	0	2160	5216	1383	2290	403	219
005d76c0f37b33d8b752f7ebdd157a99	sum	3fc6972c63dd7011	5	0.060035	0	/nfs/share/instances/gbd/cnf/005d76c0f37b33d8b752f7ebdd157a99-x9-05041.sat.sanitized.cnf.xz	0075735c23a69c9898351ac443af5d3c	hamiltonian	unknown	2253	250	26806	0	2053	0	53	94	53	0	0	0	0	2053	200	200	2053
00613b57720df18bec8d8dc68dc57a7b	sum	c663d03838a26eed	24	58.7794	171432	/nfs/share/instances/gbd/cnf/00613b57720df18bec8d8dc68dc57a7b-51-135677.cnf.xz	bf482e8e134f686cb8d57bb4f1aa6799	station-repacking	unknown	756640	30429	11668943	3	755221	2	1	4	2	0	10	5	1392	755224	1419	1419	755221
006282ac3d0013b911249d14c326f53d	sum	6bd9467922517be9	14	1.19213	0	/nfs/share/instances/gbd/cnf/006282ac3d0013b911249d14c326f53d-bench_5908.smt2.cnf.xz	bd40bcc4daef04707a96e44a4eb0f14a	agile	unsat	16973	4913	263329	30	6865	9391	677	0	0	1	9	0	0	8700	11293	4615	1839
0062dc10471119b9e13da682216b190f	sum	bddddd85c5ed8eb1	18	114.426	415752	/nfs/share/instances/gbd/cnf/0062dc10471119b9e13da682216b190f-ex179_11.cnf.xz	7e2613987e25c3050afcd89a56b4afc4	tree-decomposition	sat	1735561	127037	36143236	1541	170913	834197	728910	0	0	0	0	0	0	641999	491864	246	46537
0064aa2e16c9d4b18d32a45d3073fce9	sum	299229dd71d6b41c	25	20.1587	52056	/nfs/share/instances/gbd/cnf/0064aa2e16c9d4b18d32a45d3073fce9-desmul.miter.used-as.sat04-330.cnf.xz	1e7e0203228fbd91f74db79d140099fc	miter	unsat	179895	28902	3949720	0	41362	84684	0	53848	0	0	0	0	1	48197	105262	46244	14440
0067d012901f358831afb6d6e5f83767	sum	9f015759f497b2e0	NA	422.894	318792	/nfs/share/instances/gbd/cnf/0067d012901f358831afb6d6e5f83767-bench_13811.smt2.cnf.xz	fbcb811266df25610bba15eddade86fd	agile	sat	1109409	318003	23051079	4748	378833	689156	35764	0	6	23	267	470	142	651300	646869	299664	83353
006be0fb3ae0a75aac0e386c2e6c4669	sum	669bf02ab23ad2f7	59	42.0288	55232	/nfs/share/instances/gbd/cnf/006be0fb3ae0a75aac0e386c2e6c4669-bench_501.smt2.cnf.xz	71e6e1d39c27648e0bbb09f85e7c3123	agile	sat	179968	50593	3389065	387	51921	123619	3977	0	5	1	50	0	8	89002	117367	36580	22200
006c57c6c09a6e4a4402f1dd264cab15	sum	9d51663eb29771a2	24	48.227	139872	/nfs/share/instances/gbd/cnf/006c57c6c09a6e4a4402f1dd264cab15-49-114312.cnf.xz	c6d26e830f3069a857bcf1d65abe592e	station-repacking	unknown	615298	27251	9443678	3	614033	1	1	4	2	0	9	3	1242	614036	1265	1265	614033
006cc1f4e081e7fd96a50a2171792f21	sum	bcfc773f7661aa40	24	33.3332	83108	/nfs/share/instances/gbd/cnf/006cc1f4e081e7fd96a50a2171792f21-54-87110.cnf.xz	dfd70d15b08fede08d51912e1b1341f5	station-repacking	unknown	349879	19672	5305900	3	348967	1	1	3	2	0	7	1	894	348970	912	912	348967
006da0e3f4ad5b1ecd3651e66dbea36d	sum	eec5615b2b45f220	24	26.3914	90340	/nfs/share/instances/gbd/cnf/006da0e3f4ad5b1ecd3651e66dbea36d-52-89991.cnf.xz	fb3d274bc265898c6be7acd3a26c97da	station-repacking	unknown	382609	20698	5812542	3	381654	1	0	3	2	0	6	0	940	381657	955	955	381654
006dcf7e3d0fa7c39b0f542ad0ec949e	sum	NA	NA	6001.88	49665660	/nfs/share/instances/gbd/cnf/006dcf7e3d0fa7c39b0f542ad0ec949e-UNSAT_P_sat_snake_p05.pddl_30.cnf.xz	1c04625e0d407e5572a1e49dfcf5bce8	planning	unsat	239054681	449048	4227570344	428	239029886	0	0	0	0	0	59	0	24308	239030314	6106692	196	232948398
006e293dfc476b21c246b963c6eb16b7	sum	f4333bd9c9573c35	63	30.6058	37168	/nfs/share/instances/gbd/cnf/006e293dfc476b21c246b963c6eb16b7-bench_2778.smt2.cnf.xz	e783c7abe50390825c521d9adb1ad0f8	agile	sat	112560	32084	2054846	490	36575	72129	3291	0	2	67	2	0	4	62409	68038	28168	10315
0071b624d91ebe408b0585f8c4e34fd9	sum	87b722f737735340	11	6.91962	43824	/nfs/share/instances/gbd/cnf/0071b624d91ebe408b0585f8c4e34fd9-ctl_4291_567_7_unsat.cnf.xz	ab1e93b4ab8be51c40a14b9543dd5c61	scheduling	unsat	154654	17850	3198392	0	32032	38441	84181	0	0	0	0	0	0	47601	47597	3648	3659
0072b0ce5c4ab8386763d10ef88f636e	sum	183a203d00729481	24	62.3032	146056	/nfs/share/instances/gbd/cnf/0072b0ce5c4ab8386763d10ef88f636e-49-118813.cnf.xz	87e7af8fda89223e204d0171229619c4	station-repacking	unknown	648616	28081	9967425	3	647312	1	1	4	2	0	9	3	1281	647315	1304	1304	647312
0072b38614d34eb3c6ffc36aef13ee3a	sum	7a848b1e64055e92	24	59.1419	133852	/nfs/share/instances/gbd/cnf/0072b38614d34eb3c6ffc36aef13ee3a-60-116374.cnf.xz	0130801e6dc199e8b5fcfb813f6f7729	station-repacking	unknown	581068	26375	8913484	3	579843	1	1	3	2	0	8	3	1204	579846	1225	1225	579843
00784e1e1a9ae772aae7f33c1fa5fbe2	sum	d8c8af140eefbbb5	3	0.395905	0	/nfs/share/instances/gbd/cnf/00784e1e1a9ae772aae7f33c1fa5fbe2-unif-k7-r85-v200-c17000-S266028630-005.cnf.xz	8152eb558f074c8088470f35bce4ed97	uniform-random	unknown	17000	200	503336	0	0	0	0	0	0	17000	0	0	0	1033	1093	127	131
00847fca81490df01b9e239fd6027378	sum	3a8c585446ae2b59	63	23.0589	30056	/nfs/share/instances/gbd/cnf/00847fca81490df01b9e239fd6027378-bench_1614.smt2.cnf.xz	570b13596b34c42f4f21c8830bf2a6c9	agile	sat	87531	25148	1577452	539	27713	56955	2266	0	2	50	4	0	2	46819	54701	20392	9172
0085c7242003811caf4b7eff64022e55	sum	c7ffd7a3ce4d6674	24	57.5555	175012	/nfs/share/instances/gbd/cnf/0085c7242003811caf4b7eff64022e55-50-121857.cnf.xz	1a7e89ef52d5a8988ea77b02ed7f30ef	station-repacking	unknown	738915	30116	11391945	3	737512	1	1	4	3	0	8	4	1379	737515	1403	1403	737512
008d1f79eec2b7712637e48aec7a63cd	sum	320c7d869efbaf55	24	44.8878	124300	/nfs/share/instances/gbd/cnf/008d1f79eec2b7712637e48aec7a63cd-53-105501.cnf.xz	1cf53ddb8e63e40181920c3b7980d77d	station-repacking	unknown	536507	25337	8217692	3	535337	1	1	3	2	0	8	2	1150	535340	1170	1170	535337
008d78352c3d630340e6a3ef0d7242d7	sum	362117ed3de8349f	22	80.0722	189292	/nfs/share/instances/gbd/cnf/008d78352c3d630340e6a3ef0d7242d7-54-132166.cnf.xz	0ad5dd947099af3c0783274dd270672d	station-repacking	unknown	819124	31511	12644081	3	817657	1	1	3	2	0	9	4	1444	817660	1467	1467	817657
008e7716c69009090ff6bd0048dc55f8	sum	de121910cc557153	75	64.0655	61308	/nfs/share/instances/gbd/cnf/008e7716c69009090ff6bd0048dc55f8-SAT_dat.k10.cnf.xz	be2f6ade7fb483507373d03afa16dca9	hardware-verification	unsat	207720	46169	4061570	148	84712	114816	155	294	11	1546	4486	0	1552	139105	127761	26186	20234
008fa3f37db9759dee825665e78e2e80	sum	b6bc6bcf90b1877a	24	44.66	109516	/nfs/share/instances/gbd/cnf/008fa3f37db9759dee825665e78e2e80-57-101750.cnf.xz	f88f8e340f859815fa59e35258b23019	station-repacking	unknown	471724	23581	7205637	3	470631	1	1	4	2	0	7	2	1073	470634	1093	1093	470631
0091ac9434f528a4007d82d2443d2dc9	sum	f9777362debf9eaf	4	0.704902	14100	/nfs/share/instances/gbd/cnf/0091ac9434f528a4007d82d2443d2dc9-ER_500_10_2.apx_2_DS-ST.cnf.xz	2596746a3a5a1a98e989221c8a2bf134	argumentation	unknown	38698	1002	471615	1	38196	0	0	0	0	0	0	0	501	37696	25799	501	12900
0092f19206d4641caaa3a638914bee3f	sum	ebd5354c6cf8af6b	24	48.039	118864	/nfs/share/instances/gbd/cnf/0092f19206d4641caaa3a638914bee3f-51-106342.cnf.xz	a0d603e1998e9f10f0f64eb03cfe002b	station-repacking	unknown	517852	24875	7925826	3	516700	1	1	4	2	0	8	2	1131	516703	1152	1152	516700
0094d44002500c187e3c2d07a13bee7c	sum	aecbb5a2d6da7125	4	0.058322	0	/nfs/share/instances/gbd/cnf/0094d44002500c187e3c2d07a13bee7c-unif-k3-r4.25-v480-c2040-S926047226-039.cnf.xz	db459329b26cef4c2cbd590442b6b877	uniform-random	unknown	2040	480	30229	0	0	2040	0	0	0	0	0	0	0	1040	1000	254	250
009a4a6c23299b864508393ee726625a	sum	9adc2e081a969cc9	14	1.08316	0	/nfs/share/instances/gbd/cnf/009a4a6c23299b864508393ee726625a-bench_10899.smt2.cnf.xz	f2fb36d7d50cf535e66d9112f7ce8296	agile	unsat	16094	4665	248122	32	6615	8761	676	0	0	1	9	0	0	8342	10448	4740	1729
00a1604721e43896a93b5329e5b38af4	sum	6ba3fc4169523be6	24	60.0125	155104	/nfs/share/instances/gbd/cnf/00a1604721e43896a93b5329e5b38af4-51-127798.cnf.xz	0cfbd3c5674cc518ec59cc385f71e49f	station-repacking	unknown	642113	27824	9864572	3	640819	1	1	4	2	0	10	4	1269	640822	1294	1294	640819
00a30fb1c0150fe3d6692afd2b220887	sum	b83566a1f63f6de0	27	2.78785	12800	/nfs/share/instances/gbd/cnf/00a30fb1c0150fe3d6692afd2b220887-Break_triple_10_16.xml.cnf.xz	d3bca9554403ba14eb67668c5955d205	scheduling	sat	28686	6443	409067	1	26468	1694	56	0	0	0	0	0	467	26249	11536	2420	15586
00a62eb89afbf27e1addf8f5c437da9b	sum	73987d2ce4bcd4eb	8	2.3565	0	/nfs/share/instances/gbd/cnf/00a62eb89afbf27e1addf8f5c437da9b-ortholatin-7.cnf.xz	0d70f59e9d0fbac87d26088a5f9a8812	unknown	sat	101038	6076	1497399	0	92610	245	686	0	49	7399	0	0	49	92904	17199	392	76832
00a981f385cd209d41e1efa1f5f29bac	sum	076f6971d23399ae	81	84.4535	84456	/nfs/share/instances/gbd/cnf/00a981f385cd209d41e1efa1f5f29bac-ibm-2004-03-k70.cnf.xz	cec04e06ad991983108fe7ed0cd92fea	hardware-verification	sat	286405	69839	5158079	951	198973	59577	9369	5495	4414	2725	752	1154	2995	223385	215283	22034	27707
00ae4072f9b57d5d3cfe8919aff1b776	sum	58453a5d875202c8	18	331.562	1169992	/nfs/share/instances/gbd/cnf/00ae4072f9b57d5d3cfe8919aff1b776-163.smt2.cnf.xz	fc97bd0ec4cb87b2f68aa86ced6b7939	bitvector	sat	4048674	1279524	83539105	121	2134278	1914275	0	0	0	0	0	0	0	2918172	2023057	591068	1298121
00aec3b2e38968bf8a922709e2acfccd	sum	f609c4e8532f48ac	3	0.8099	0	/nfs/share/instances/gbd/cnf/00aec3b2e38968bf8a922709e2acfccd-unif-k5-r20-v2000-c40000-S837431592-027-UNKNOWN.cnf.xz	46e8013cf9d4abccc77ac23ebae90828	uniform-random	unknown	40000	2000	1068581	0	0	0	0	40000	0	0	0	0	0	7520	7570	1278	1219
00aefd1fc30c425075166ca051e57218	sum	05fbd2e3d19fe6ae	NA	921.204	1070500	/nfs/share/instances/gbd/cnf/00aefd1fc30c425075166ca051e57218-barman-pfile10-038.sas.ex.15.cnf.xz	fdf55e1b02a137ed2884650e1b991092	planning	unsat	976656	430288	404779114	367	552383	125455	22262	8367	10922	7087	3076	2736	244001	552750	854048	367	122608
00b1c27aee52d6dd9e112fa55d4cc1ca	sum	5329b7ad5c3898aa	24	82.9352	203100	/nfs/share/instances/gbd/cnf/00b1c27aee52d6dd9e112fa55d4cc1ca-44-133937.cnf.xz	97955f61242534e7f83a587498330ff7	station-repacking	unknown	924336	33651	14297924	3	922772	1	1	5	2	0	9	2	1541	922775	1564	1564	922772
00b46ace235e3915a439c77a231a5657	sum	1997b61ea7ba3b6c	10	2.2224	21760	/nfs/share/instances/gbd/cnf/00b46ace235e3915a439c77a231a5657-TableSymModel_output_7_3_9.bul_.dimacs.cnf.xz	ec7ff6e2dc7b5cbfac5fa6bbfbe4121c	social-golfer	sat	70140	7182	1074390	21	55188	13230	1323	0	0	0	0	0	378	68439	5691	399	51219
00b9b467c26540853360491401da61a5	sum	53c23b89f8202399	NA	21.0455	17920	/nfs/share/instances/gbd/cnf/00b9b467c26540853360491401da61a5-minand064.cnf.xz	187460f08c94149081ab81130be5c5ce	bitvector	unsat	42956	14703	653012	2	28636	14318	0	0	0	0	0	0	0	29085	19566	9074	22943
00bb0b4ef28ed38c49de4c54b9fabc4d	sum	f39f4c34ad60c759	22	1.47891	0	/nfs/share/instances/gbd/cnf/00bb0b4ef28ed38c49de4c54b9fabc4d-25_2.cnf.xz	f5a9ab84b535fa44e91b7326cec9e453	cryptography-simon	sat	13792	4128	220677	128	3264	10400	0	0	0	0	0	0	0	6592	10592	65	2463
00bbdbb1bc700e4c4ceb0d6e86e33c23	sum	9e3345b1a83dddd0	4	0.042074	0	/nfs/share/instances/gbd/cnf/00bbdbb1bc700e4c4ceb0d6e86e33c23-glassybp-v300-s1496080651.cnf.xz	ed4d7d36d3f248f7bf8cba98c004bd01	glassy-gen	unknown	1400	300	20166	0	0	1400	0	0	0	0	0	0	0	707	693	172	185
00be4c67683c8edeca138279e13942cb	sum	7ff5c3459796dbfc	24	90.7183	241864	/nfs/share/instances/gbd/cnf/00be4c67683c8edeca138279e13942cb-52-139122.cnf.xz	bd5a63b78505ee1e7a14d0ba36cbbda6	station-repacking	unknown	1090261	36972	16908407	3	1088542	1	1	6	3	0	9	6	1690	1088545	1719	1719	1088542
00be590675417eba2bb2585790ac392d	sum	c20d4c72f8a4c2dd	6	0.270614	0	/nfs/share/instances/gbd/cnf/00be590675417eba2bb2585790ac392d-iso-brn008.shuffled-as.sat05-2933.cnf.xz	5bce323bf7c9cc5fa639c275deeeb53e	quasigroup-completion	sat	10265	1617	172559	118	1120	8577	53	55	57	113	102	16	54	5357	5226	1437	1350
00c4c1dfa04e7cd8b7abc80a4a4f7153	sum	a4ea43e12344d451	4	0.096517	0	/nfs/share/instances/gbd/cnf/00c4c1dfa04e7cd8b7abc80a4a4f7153-unif-k3-r4.26-v800-c3408-S1536861174-069.SATISFIABLE.cnf.xz	fb641e4d952898b3cd2a4bc89136cfd5	uniform-random	sat	3408	800	51528	0	0	3408	0	0	0	0	0	0	0	1730	1678	404	448
00d0eef039aa1f9cf1cf2647a58fe313	sum	ba387d0d2fe5b387	4	1.99611	0	/nfs/share/instances/gbd/cnf/00d0eef039aa1f9cf1cf2647a58fe313-unif-k4-r9.121-v8800-c80265-S4104809886357711891.cnf.xz	50d41e6dc0691f590bb5921dcd7abf7d	uniform-random	unknown	80265	8800	1886067	0	0	0	80265	0	0	0	0	0	0	24973	24974	4934	4957
00d1fe07ab948b348bb3fb423b1ef40d	sum	14a0c8386e5fdfdb	16	1.22234	0	/nfs/share/instances/gbd/cnf/00d1fe07ab948b348bb3fb423b1ef40d-lec_mult_KvW_12x11.sanitized.cnf.xz	5d3300b44d1cc6cbe479aaa9120248f1	miter	unsat	15159	5068	217479	0	10044	5114	0	0	0	0	0	0	1	10771	7888	2227	6567
00d239e486137a4f7264adb4fb57d5ae	sum	8760aeb818b416eb	10	0.047697	0	/nfs/share/instances/gbd/cnf/00d239e486137a4f7264adb4fb57d5ae-hwb-n24-01-S1048418025.shuffled-as.sat03-1617.cnf.xz	a207e99f5dcfe500129f591ecbc4568b	miter	unsat	774	162	11405	0	18	452	304	0	0	0	0	0	0	319	328	75	84
00d25e6106c5c09bb5d8d0f7eae7385a	sum	aed33f295197dfff	24	40.7304	126784	/nfs/share/instances/gbd/cnf/00d25e6106c5c09bb5d8d0f7eae7385a-54-106649.cnf.xz	c8567ebc5cdaea08c7e4796d3759ed84	station-repacking	unknown	550261	25520	8432964	3	549081	1	1	3	2	0	7	4	1159	549084	1180	1180	549081
00d3338cd6cdfa099ff29f036c77d93d	sum	51cc55d70110ae4c	10	32.3701	166552	/nfs/share/instances/gbd/cnf/00d3338cd6cdfa099ff29f036c77d93d-sha256__zeroOut_17__freeIn_21__seed_1.cnf.xz	572ec11b1a0c5b64909b3cec9d800157	cryptography	sat	618749	37633	23246918	2813	656	55024	120048	64368	60000	225600	90240	0	0	150221	140485	1343	8230
00d41fe5805aef9e2e3b63e1d9497edf	sum	9d0e824ed98e862a	NA	373.188	388772	/nfs/share/instances/gbd/cnf/00d41fe5805aef9e2e3b63e1d9497edf-UNSAT_MS_opt_termes_p15.pddl_139.cnf.xz	19ec4ae0785061b74a5a0afb01fc545b	planning	unknown	1690192	116422	27751134	91	1668139	278	3058	3058	5004	278	5560	278	4448	1668230	953353	23	736907
00d46b1518fddf95bc8ba424e1b5b77d	sum	f31fb1e439569fab	24	30.0702	110372	/nfs/share/instances/gbd/cnf/00d46b1518fddf95bc8ba424e1b5b77d-43-103175.cnf.xz	a1dc58b83217220c28341ad72b0e3adc	station-repacking	unknown	477994	23671	7297070	3	476898	1	1	4	2	0	8	2	1075	476901	1096	1096	476898
00d5f0932042a96518b03e6fd2feaf48	sum	0b3fc9da27916997	24	41.1514	145592	/nfs/share/instances/gbd/cnf/00d5f0932042a96518b03e6fd2feaf48-56-115042.cnf.xz	42341b8aa4f6b19dd940332876db37ea	station-repacking	unknown	646819	27734	9931131	3	645528	1	1	4	2	0	9	3	1268	645531	1291	1291	645528
00d74259dcca2176f1cd561f52bc0326	sum	00a24457c9597a66	3	0.194616	0	/nfs/share/instances/gbd/cnf/00d74259dcca2176f1cd561f52bc0326-unif-k6-r43.37-v210-c9108-S5835296729793976499.cnf.xz	018bf9b9f44b687473a6c8619ed01a0a	uniform-random	unknown	9108	210	235273	0	0	0	0	0	9108	0	0	0	0	989	975	142	131
00df199d465391a52fc37b87f81a957f	sum	6e7b307a0662ed60	5	0.019835	0	/nfs/share/instances/gbd/cnf/00df199d465391a52fc37b87f81a957f-x9-02052.sat.sanitized.cnf.xz	83edf5c9db2b40e6234cd41c23398b7e	hamiltonian	unknown	900	100	9337	0	820	0	20	40	20	0	0	0	0	820	80	80	820
00e010712b854966aa56caf9c9dc4696	sum	717d7bfa4a9b633b	24	66.5666	150224	/nfs/share/instances/gbd/cnf/00e010712b854966aa56caf9c9dc4696-58-122927.cnf.xz	03bf2cec1365befee64db090b55e5c1c	station-repacking	unknown	664974	28356	10231025	3	663656	1	1	3	2	0	9	4	1295	663659	1318	1318	663656
00e1e5a05ed04bcb437bd7fc57a88b7f	sum	ab10eaa0293a6693	3	0.049475	0	/nfs/share/instances/gbd/cnf/00e1e5a05ed04bcb437bd7fc57a88b7f-unif-k5-r21.3-v100-c2130-S1225022879-08.UNSAT.shuffled.cnf.xz	c7469e03c5c0b41ce9587e8a4f2cf998	uniform-random	unsat	2130	100	40408	0	0	0	0	2130	0	0	0	0	0	385	392	67	68
00e289099ea9bcef6a056a8c8ba8a3c0	sum	f58eed67cf516a9f	NA	158.994	155400	/nfs/share/instances/gbd/cnf/00e289099ea9bcef6a056a8c8ba8a3c0-ndist.b.21497.cnf.xz	5b42e642bcfcf38ae7330cd2b8f7bdbd	bitvector	sat	386932	279453	7223674	1	257954	128977	0	0	0	0	0	0	0	279450	193469	64488	171968
00e32767bee1894beb0b71867f279d36	sum	ba42cf873c3f2a30	24	93.3777	252332	/nfs/share/instances/gbd/cnf/00e32767bee1894beb0b71867f279d36-48-136923.cnf.xz	7be8849a6dd0d5ecf129ff7de147769d	station-repacking	unknown	1135889	37961	17624244	3	1134125	2	1	5	3	0	10	5	1735	1134128	1764	1764	1134125
00e45ab8a1baf16155af6e59c3df5dbb	sum	8d0d37d7e1fb5a92	6	0.082057	0	/nfs/share/instances/gbd/cnf/00e45ab8a1baf16155af6e59c3df5dbb-x9-11092.sat.sanitized.cnf.xz	fbd9767b87568fb21925ce9cdc75ef29	hamiltonian	unknown	4950	550	61494	0	4510	0	110	220	110	0	0	0	0	4510	440	440	4510
00e5aac4701e62ae50c9f1504057fce8	sum	ea59043d37cb2a95	18	0.519468	7680	/nfs/share/instances/gbd/cnf/00e5aac4701e62ae50c9f1504057fce8-bench_10701.smt2.cnf.xz	59892222332be61cacd06e08943bd5ac	agile	unknown	9720	2816	148223	8	3630	5698	384	0	0	0	0	0	0	5628	5598	2980	749
00e974264f8f9048b68c983f36643115	sum	ae5bd0666c16af37	24	46.1904	129512	/nfs/share/instances/gbd/cnf/00e974264f8f9048b68c983f36643115-47-108545.cnf.xz	6992f2cb21e2b75e7bf6742389baa01d	station-repacking	unknown	565820	26093	8672884	3	564612	1	1	4	2	0	8	2	1187	564615	1208	1208	564612
00ec2992d59f85705eb8e1f4f1e01b3d	sum	a28ce66e39fe6ba7	1	0.010698	0	/nfs/share/instances/gbd/cnf/00ec2992d59f85705eb8e1f4f1e01b3d-sgen4-sat-280-8.cnf.xz	d0e5d8d44a8534076afaec8a6d0f6960	sgen	sat	672	280	8240	0	560	0	0	112	0	0	0	0	0	444	437	142	145
00ecd19c442956ff9a22584fd9bf439e	sum	5a362f6413cb0b88	4	0.338639	10240	/nfs/share/instances/gbd/cnf/00ecd19c442956ff9a22584fd9bf439e-unif-k3-r4.267-v5200-c22188-S8832663068472759902.cnf.xz	08820662453c916fb282278a763e244c	uniform-random	unknown	22188	5200	396361	0	0	22188	0	0	0	0	0	0	0	11060	11128	2720	2787
