00063d88244921d6ec46aeab6866a8e2 /nfs/share/instances/gbd/cnf/00063d88244921d6ec46aeab6866a8e2-6s16.cnf.xz
00072cf107ae1349c8c59a15c5ce4af1 /nfs/share/instances/gbd/cnf/00072cf107ae1349c8c59a15c5ce4af1-unif-c1275-v300-s428434218.cnf.xz
00076733bdbce94d7e44eca84f1425f0 /nfs/share/instances/gbd/cnf/00076733bdbce94d7e44eca84f1425f0-vlsat2_16297_1562268.dimacs.cnf.xz
000781b7a545fe723159e53127aff659 /nfs/share/instances/gbd/cnf/000781b7a545fe723159e53127aff659-42-121369.cnf.xz
000a41cdca43be89ed62ea3abf2d0b64 /nfs/share/instances/gbd/cnf/000a41cdca43be89ed62ea3abf2d0b64-snw_13_9_pre.cnf.xz
000e4e0db67e27083649c20a2a3f761b /nfs/share/instances/gbd/cnf/000e4e0db67e27083649c20a2a3f761b-unif-k5-r16.0-v250000-c4000000-S2840568844400290198.cnf.xz
00107d84f57e2371476a7b2cabe0b351 /nfs/share/instances/gbd/cnf/00107d84f57e2371476a7b2cabe0b351-sudoku-N30-18.cnf.xz
001304ba2e4e8adbd179aa3d8acb697b /nfs/share/instances/gbd/cnf/001304ba2e4e8adbd179aa3d8acb697b-x9-03065.sat.sanitized.cnf.xz
001344c9b3cb1626af1c7c35155cf26a /nfs/share/instances/gbd/cnf/001344c9b3cb1626af1c7c35155cf26a-bench_13439.smt2.cnf.xz
0020aa0c69379226948904ad455b6c09 /nfs/share/instances/gbd/cnf/0020aa0c69379226948904ad455b6c09-unif-k7-r89-v45-c4005-S179716588-02.UNSAT.shuffled.cnf.xz
00213e27dabcf679205144f3dde5d37e /nfs/share/instances/gbd/cnf/00213e27dabcf679205144f3dde5d37e-unif-p12-k5-r21.117-v250-c5279-S8618839184587418381.cnf.xz
0022f125b13bd7ccc91e793431c67a52 /nfs/share/instances/gbd/cnf/0022f125b13bd7ccc91e793431c67a52-Kakuro-easy-048-ext.xml.hg_4.cnf.xz
0025a06f00f6e467f7cf4ef9e649b2a7 /nfs/share/instances/gbd/cnf/0025a06f00f6e467f7cf4ef9e649b2a7-bench_15721.smt2.cnf.xz
00260e67c792062bc3e10e6b94522101 /nfs/share/instances/gbd/cnf/00260e67c792062bc3e10e6b94522101-46-137775.cnf.xz
0026aaf8bbf2df73cb5db34a7b7a7a04 /nfs/share/instances/gbd/cnf/0026aaf8bbf2df73cb5db34a7b7a7a04-42-132768.cnf.xz
00274d0721d26f867b2573377712cac9 /nfs/share/instances/gbd/cnf/00274d0721d26f867b2573377712cac9-27.smt2.cnf.xz
00275f3018d50ba38867268739dfc44f /nfs/share/instances/gbd/cnf/00275f3018d50ba38867268739dfc44f-x9-04058.sat.sanitized.cnf.xz
002a0330958a14deb23dcc84b5489e8a /nfs/share/instances/gbd/cnf/002a0330958a14deb23dcc84b5489e8a-traffic_f_unknown.cnf.xz
002bed2572e6e326815e674f288de8b4 /nfs/share/instances/gbd/cnf/002bed2572e6e326815e674f288de8b4-fdmus_b21_341.cnf.xz
003154fc91d34d29ec5cf93b0bc32143 /nfs/share/instances/gbd/cnf/003154fc91d34d29ec5cf93b0bc32143-54-78879.cnf.xz
00316e383123773ae35d3210f5396205 /nfs/share/instances/gbd/cnf/00316e383123773ae35d3210f5396205-x9-11064.sat.sanitized.cnf.xz
0033baadbd48d3f880e9b5a733bd4950 /nfs/share/instances/gbd/cnf/0033baadbd48d3f880e9b5a733bd4950-rope_0030.shuffled.cnf.xz
0035666407d4ccb5082630045d60a5fe /nfs/share/instances/gbd/cnf/0035666407d4ccb5082630045d60a5fe-unif-k5-r21.117-v300-c6335-S7321118839272301463.cnf.xz
0038cea06eae4c3234b7bb65d9a8497c /nfs/share/instances/gbd/cnf/0038cea06eae4c3234b7bb65d9a8497c-unif-k7-r89-v65-c5785-S709270457-007.cnf.xz
003a77d2aa15a5f93aa2cfe79b986c9e /nfs/share/instances/gbd/cnf/003a77d2aa15a5f93aa2cfe79b986c9e-fclqcolor-20-15-15.shuffled-as.sat05-1270.cnf.xz
003de2086be59a5fb7a7aaad0992cf47 /nfs/share/instances/gbd/cnf/003de2086be59a5fb7a7aaad0992cf47-x9-07025.sat.sanitized.cnf.xz
003deabca05a76f3ee449221a80d8b62 /nfs/share/instances/gbd/cnf/003deabca05a76f3ee449221a80d8b62-42-127629.cnf.xz
0041051c73dcdd885d412a38e8b09fba /nfs/share/instances/gbd/cnf/0041051c73dcdd885d412a38e8b09fba-rphp4_065_shuffled.cnf.xz
0041f01bcd7d0d1f9541cea6da79ad57 /nfs/share/instances/gbd/cnf/0041f01bcd7d0d1f9541cea6da79ad57-SGI_30_60_24_40_2-dir.shuffled-as.sat03-118.cnf.xz
0042a627dfba7daa62d6ce175540c8a2 /nfs/share/instances/gbd/cnf/0042a627dfba7daa62d6ce175540c8a2-unif-k3-r4.267-v12200-c52057-S523604335245593178.cnf.xz
0043cfdde474fa37dfeb5ce5952d22f6 /nfs/share/instances/gbd/cnf/0043cfdde474fa37dfeb5ce5952d22f6-unif-c2520-v600-s1111033636.cnf.xz
0049919cdf9556bfda5bb365af72414c /nfs/share/instances/gbd/cnf/0049919cdf9556bfda5bb365af72414c-57-124044.cnf.xz
004b0f451f7d96f6a572e9e76360f51a /nfs/share/instances/gbd/cnf/004b0f451f7d96f6a572e9e76360f51a-spg_420_280.cnf.xz
005093e294b0ed0f7b23f341ff68968b /nfs/share/instances/gbd/cnf/005093e294b0ed0f7b23f341ff68968b-55-115476.cnf.xz
00547b9476397463c8220560aeeea086 /nfs/share/instances/gbd/cnf/00547b9476397463c8220560aeeea086-bench_3250.smt2.cnf.xz
005522cf558f9b77ed345a289384e191 /nfs/share/instances/gbd/cnf/005522cf558f9b77ed345a289384e191-unif-k3-r4.25-v420-c1785-S1394036608-091.cnf.xz
00597fb425e994af7a9d224ef4d09fc4 /nfs/share/instances/gbd/cnf/00597fb425e994af7a9d224ef4d09fc4-41-118813.cnf.xz
0059d4b1cf79efbc6e6ed50caee0448e /nfs/share/instances/gbd/cnf/0059d4b1cf79efbc6e6ed50caee0448e-4col220_9_1.shuffled.cnf.xz
005ccb378ced61c02105ed7ee0a62038 /nfs/share/instances/gbd/cnf/005ccb378ced61c02105ed7ee0a62038-mm-2x2-5-0-s.1.shuffled-as.sat03-1496.cnf.xz
005d76c0f37b33d8b752f7ebdd157a99 /nfs/share/instances/gbd/cnf/005d76c0f37b33d8b752f7ebdd157a99-x9-05041.sat.sanitized.cnf.xz
00613b57720df18bec8d8dc68dc57a7b /nfs/share/instances/gbd/cnf/00613b57720df18bec8d8dc68dc57a7b-51-135677.cnf.xz
006282ac3d0013b911249d14c326f53d /nfs/share/instances/gbd/cnf/006282ac3d0013b911249d14c326f53d-bench_5908.smt2.cnf.xz
0062dc10471119b9e13da682216b190f /nfs/share/instances/gbd/cnf/0062dc10471119b9e13da682216b190f-ex179_11.cnf.xz
0064aa2e16c9d4b18d32a45d3073fce9 /nfs/share/instances/gbd/cnf/0064aa2e16c9d4b18d32a45d3073fce9-desmul.miter.used-as.sat04-330.cnf.xz
0067d012901f358831afb6d6e5f83767 /nfs/share/instances/gbd/cnf/0067d012901f358831afb6d6e5f83767-bench_13811.smt2.cnf.xz
006be0fb3ae0a75aac0e386c2e6c4669 /nfs/share/instances/gbd/cnf/006be0fb3ae0a75aac0e386c2e6c4669-bench_501.smt2.cnf.xz
006c57c6c09a6e4a4402f1dd264cab15 /nfs/share/instances/gbd/cnf/006c57c6c09a6e4a4402f1dd264cab15-49-114312.cnf.xz
006cc1f4e081e7fd96a50a2171792f21 /nfs/share/instances/gbd/cnf/006cc1f4e081e7fd96a50a2171792f21-54-87110.cnf.xz
006da0e3f4ad5b1ecd3651e66dbea36d /nfs/share/instances/gbd/cnf/006da0e3f4ad5b1ecd3651e66dbea36d-52-89991.cnf.xz
006dcf7e3d0fa7c39b0f542ad0ec949e /nfs/share/instances/gbd/cnf/006dcf7e3d0fa7c39b0f542ad0ec949e-UNSAT_P_sat_snake_p05.pddl_30.cnf.xz
006e293dfc476b21c246b963c6eb16b7 /nfs/share/instances/gbd/cnf/006e293dfc476b21c246b963c6eb16b7-bench_2778.smt2.cnf.xz
0071b624d91ebe408b0585f8c4e34fd9 /nfs/share/instances/gbd/cnf/0071b624d91ebe408b0585f8c4e34fd9-ctl_4291_567_7_unsat.cnf.xz
0072b0ce5c4ab8386763d10ef88f636e /nfs/share/instances/gbd/cnf/0072b0ce5c4ab8386763d10ef88f636e-49-118813.cnf.xz
0072b38614d34eb3c6ffc36aef13ee3a /nfs/share/instances/gbd/cnf/0072b38614d34eb3c6ffc36aef13ee3a-60-116374.cnf.xz
00784e1e1a9ae772aae7f33c1fa5fbe2 /nfs/share/instances/gbd/cnf/00784e1e1a9ae772aae7f33c1fa5fbe2-unif-k7-r85-v200-c17000-S266028630-005.cnf.xz
00847fca81490df01b9e239fd6027378 /nfs/share/instances/gbd/cnf/00847fca81490df01b9e239fd6027378-bench_1614.smt2.cnf.xz
0085c7242003811caf4b7eff64022e55 /nfs/share/instances/gbd/cnf/0085c7242003811caf4b7eff64022e55-50-121857.cnf.xz
008d1f79eec2b7712637e48aec7a63cd /nfs/share/instances/gbd/cnf/008d1f79eec2b7712637e48aec7a63cd-53-105501.cnf.xz
008d78352c3d630340e6a3ef0d7242d7 /nfs/share/instances/gbd/cnf/008d78352c3d630340e6a3ef0d7242d7-54-132166.cnf.xz
008e7716c69009090ff6bd0048dc55f8 /nfs/share/instances/gbd/cnf/008e7716c69009090ff6bd0048dc55f8-SAT_dat.k10.cnf.xz
008fa3f37db9759dee825665e78e2e80 /nfs/share/instances/gbd/cnf/008fa3f37db9759dee825665e78e2e80-57-101750.cnf.xz
0091ac9434f528a4007d82d2443d2dc9 /nfs/share/instances/gbd/cnf/0091ac9434f528a4007d82d2443d2dc9-ER_500_10_2.apx_2_DS-ST.cnf.xz
0092f19206d4641caaa3a638914bee3f /nfs/share/instances/gbd/cnf/0092f19206d4641caaa3a638914bee3f-51-106342.cnf.xz
0094d44002500c187e3c2d07a13bee7c /nfs/share/instances/gbd/cnf/0094d44002500c187e3c2d07a13bee7c-unif-k3-r4.25-v480-c2040-S926047226-039.cnf.xz
009a4a6c23299b864508393ee726625a /nfs/share/instances/gbd/cnf/009a4a6c23299b864508393ee726625a-bench_10899.smt2.cnf.xz
00a1604721e43896a93b5329e5b38af4 /nfs/share/instances/gbd/cnf/00a1604721e43896a93b5329e5b38af4-51-127798.cnf.xz
00a30fb1c0150fe3d6692afd2b220887 /nfs/share/instances/gbd/cnf/00a30fb1c0150fe3d6692afd2b220887-Break_triple_10_16.xml.cnf.xz
00a62eb89afbf27e1addf8f5c437da9b /nfs/share/instances/gbd/cnf/00a62eb89afbf27e1addf8f5c437da9b-ortholatin-7.cnf.xz
00a981f385cd209d41e1efa1f5f29bac /nfs/share/instances/gbd/cnf/00a981f385cd209d41e1efa1f5f29bac-ibm-2004-03-k70.cnf.xz
00ae4072f9b57d5d3cfe8919aff1b776 /nfs/share/instances/gbd/cnf/00ae4072f9b57d5d3cfe8919aff1b776-163.smt2.cnf.xz
00aec3b2e38968bf8a922709e2acfccd /nfs/share/instances/gbd/cnf/00aec3b2e38968bf8a922709e2acfccd-unif-k5-r20-v2000-c40000-S837431592-027-UNKNOWN.cnf.xz
00aefd1fc30c425075166ca051e57218 /nfs/share/instances/gbd/cnf/00aefd1fc30c425075166ca051e57218-barman-pfile10-038.sas.ex.15.cnf.xz
00b1c27aee52d6dd9e112fa55d4cc1ca /nfs/share/instances/gbd/cnf/00b1c27aee52d6dd9e112fa55d4cc1ca-44-133937.cnf.xz
00b46ace235e3915a439c77a231a5657 /nfs/share/instances/gbd/cnf/00b46ace235e3915a439c77a231a5657-TableSymModel_output_7_3_9.bul_.dimacs.cnf.xz
00b9b467c26540853360491401da61a5 /nfs/share/instances/gbd/cnf/00b9b467c26540853360491401da61a5-minand064.cnf.xz
00bb0b4ef28ed38c49de4c54b9fabc4d /nfs/share/instances/gbd/cnf/00bb0b4ef28ed38c49de4c54b9fabc4d-25_2.cnf.xz
00bbdbb1bc700e4c4ceb0d6e86e33c23 /nfs/share/instances/gbd/cnf/00bbdbb1bc700e4c4ceb0d6e86e33c23-glassybp-v300-s1496080651.cnf.xz
00be4c67683c8edeca138279e13942cb /nfs/share/instances/gbd/cnf/00be4c67683c8edeca138279e13942cb-52-139122.cnf.xz
00be590675417eba2bb2585790ac392d /nfs/share/instances/gbd/cnf/00be590675417eba2bb2585790ac392d-iso-brn008.shuffled-as.sat05-2933.cnf.xz
00c4c1dfa04e7cd8b7abc80a4a4f7153 /nfs/share/instances/gbd/cnf/00c4c1dfa04e7cd8b7abc80a4a4f7153-unif-k3-r4.26-v800-c3408-S1536861174-069.SATISFIABLE.cnf.xz
00d0eef039aa1f9cf1cf2647a58fe313 /nfs/share/instances/gbd/cnf/00d0eef039aa1f9cf1cf2647a58fe313-unif-k4-r9.121-v8800-c80265-S4104809886357711891.cnf.xz
00d1fe07ab948b348bb3fb423b1ef40d /nfs/share/instances/gbd/cnf/00d1fe07ab948b348bb3fb423b1ef40d-lec_mult_KvW_12x11.sanitized.cnf.xz
00d239e486137a4f7264adb4fb57d5ae /nfs/share/instances/gbd/cnf/00d239e486137a4f7264adb4fb57d5ae-hwb-n24-01-S1048418025.shuffled-as.sat03-1617.cnf.xz
00d25e6106c5c09bb5d8d0f7eae7385a /nfs/share/instances/gbd/cnf/00d25e6106c5c09bb5d8d0f7eae7385a-54-106649.cnf.xz
00d3338cd6cdfa099ff29f036c77d93d /nfs/share/instances/gbd/cnf/00d3338cd6cdfa099ff29f036c77d93d-sha256__zeroOut_17__freeIn_21__seed_1.cnf.xz
00d41fe5805aef9e2e3b63e1d9497edf /nfs/share/instances/gbd/cnf/00d41fe5805aef9e2e3b63e1d9497edf-UNSAT_MS_opt_termes_p15.pddl_139.cnf.xz
00d46b1518fddf95bc8ba424e1b5b77d /nfs/share/instances/gbd/cnf/00d46b1518fddf95bc8ba424e1b5b77d-43-103175.cnf.xz
00d5f0932042a96518b03e6fd2feaf48 /nfs/share/instances/gbd/cnf/00d5f0932042a96518b03e6fd2feaf48-56-115042.cnf.xz
00d74259dcca2176f1cd561f52bc0326 /nfs/share/instances/gbd/cnf/00d74259dcca2176f1cd561f52bc0326-unif-k6-r43.37-v210-c9108-S5835296729793976499.cnf.xz
00df199d465391a52fc37b87f81a957f /nfs/share/instances/gbd/cnf/00df199d465391a52fc37b87f81a957f-x9-02052.sat.sanitized.cnf.xz
00e010712b854966aa56caf9c9dc4696 /nfs/share/instances/gbd/cnf/00e010712b854966aa56caf9c9dc4696-58-122927.cnf.xz
00e1e5a05ed04bcb437bd7fc57a88b7f /nfs/share/instances/gbd/cnf/00e1e5a05ed04bcb437bd7fc57a88b7f-unif-k5-r21.3-v100-c2130-S1225022879-08.UNSAT.shuffled.cnf.xz
00e289099ea9bcef6a056a8c8ba8a3c0 /nfs/share/instances/gbd/cnf/00e289099ea9bcef6a056a8c8ba8a3c0-ndist.b.21497.cnf.xz
00e32767bee1894beb0b71867f279d36 /nfs/share/instances/gbd/cnf/00e32767bee1894beb0b71867f279d36-48-136923.cnf.xz
00e45ab8a1baf16155af6e59c3df5dbb /nfs/share/instances/gbd/cnf/00e45ab8a1baf16155af6e59c3df5dbb-x9-11092.sat.sanitized.cnf.xz
00e5aac4701e62ae50c9f1504057fce8 /nfs/share/instances/gbd/cnf/00e5aac4701e62ae50c9f1504057fce8-bench_10701.smt2.cnf.xz
00e974264f8f9048b68c983f36643115 /nfs/share/instances/gbd/cnf/00e974264f8f9048b68c983f36643115-47-108545.cnf.xz
00ec2992d59f85705eb8e1f4f1e01b3d /nfs/share/instances/gbd/cnf/00ec2992d59f85705eb8e1f4f1e01b3d-sgen4-sat-280-8.cnf.xz
00ecd19c442956ff9a22584fd9bf439e /nfs/share/instances/gbd/cnf/00ecd19c442956ff9a22584fd9bf439e-unif-k3-r4.267-v5200-c22188-S8832663068472759902.cnf.xz
00ee79ac35e86f955a633d339777cfd5 /nfs/share/instances/gbd/cnf/00ee79ac35e86f955a633d339777cfd5-bench_1794.smt2.cnf.xz
00f122e0bb11a9bf197002715699e204 /nfs/share/instances/gbd/cnf/00f122e0bb11a9bf197002715699e204-edn_20259_14.cnf_0.55000000.unsat.cnf.xz
00f2eb377986e7decbc863931680a3b2 /nfs/share/instances/gbd/cnf/00f2eb377986e7decbc863931680a3b2-rand_net70-40-10.shuffled.cnf.xz
00f4aca773e5675f35263dcd46b15bde /nfs/share/instances/gbd/cnf/00f4aca773e5675f35263dcd46b15bde-vmpc_28.shuffled-as.sat05-1957.cnf.xz
00f88a15e12e7b364077c33125a35547 /nfs/share/instances/gbd/cnf/00f88a15e12e7b364077c33125a35547-fla-350-6.cnf.xz
00f969737ba4338bd233cd3ed249bd55 /nfs/share/instances/gbd/cnf/00f969737ba4338bd233cd3ed249bd55-3col20_5_6.shuffled.cnf.xz
00fefbd32304db604a87910d187e8365 /nfs/share/instances/gbd/cnf/00fefbd32304db604a87910d187e8365-rsdecoder-problem.dimacs_37.filtered.cnf.xz
0101d013a916d903e8e618d7db1edbb3 /nfs/share/instances/gbd/cnf/0101d013a916d903e8e618d7db1edbb3-phnf-size10-exclusive-equilarge_l3.used-as.sat04-895.sat05-4189.reshuffled-07.cnf.xz
01077fa04638a98befd66bff16f4accd /nfs/share/instances/gbd/cnf/01077fa04638a98befd66bff16f4accd-41-126739.cnf.xz
01079ada0aa5a4f3bf4bb131b807eb38 /nfs/share/instances/gbd/cnf/01079ada0aa5a4f3bf4bb131b807eb38-53-105823.cnf.xz
0107da33f8475f96dcaa3bd57e3cfb0f /nfs/share/instances/gbd/cnf/0107da33f8475f96dcaa3bd57e3cfb0f-45-131201.cnf.xz
0107f34364dfff8ab062193b2c71b4de /nfs/share/instances/gbd/cnf/0107f34364dfff8ab062193b2c71b4de-sp4-33-bin-nons-flat-noid.cnf.xz
01092687660de604975b7e75932607b7 /nfs/share/instances/gbd/cnf/01092687660de604975b7e75932607b7-fdmus_b17_434.cnf.xz
010a035bfd273b17438896d04f47b4be /nfs/share/instances/gbd/cnf/010a035bfd273b17438896d04f47b4be-narai-vpn-10s.cnf.xz
010c2e0ca6399116d206100ca14aa880 /nfs/share/instances/gbd/cnf/010c2e0ca6399116d206100ca14aa880-x9-12073.sat.sanitized.cnf.xz
010c9d7a6e9e6cac63f110915d9dd56e /nfs/share/instances/gbd/cnf/010c9d7a6e9e6cac63f110915d9dd56e-3col60_5_9.shuffled.cnf.xz
010eb724ccc815100d40bcc948f9c598 /nfs/share/instances/gbd/cnf/010eb724ccc815100d40bcc948f9c598-gencnf-k9-r357-v46-c16422-01-S647636672.shuffled-as.sat03-1808.cnf.xz
01135f7a79d555bd0406f00fac22cbe2 /nfs/share/instances/gbd/cnf/01135f7a79d555bd0406f00fac22cbe2-SC21_Timetable_C_140_E_29_Cl_10_S_15.cnf.xz
01136f74588604a67b5e5950a2525129 /nfs/share/instances/gbd/cnf/01136f74588604a67b5e5950a2525129-50-118842.cnf.xz
0113bc2aba73927ba3828baab15fb8c6 /nfs/share/instances/gbd/cnf/0113bc2aba73927ba3828baab15fb8c6-45-113925.cnf.xz
0114ad337fee86dfb02871d8a971b130 /nfs/share/instances/gbd/cnf/0114ad337fee86dfb02871d8a971b130-44-136586.cnf.xz
0119a8fe54c110d927344cd950a43671 /nfs/share/instances/gbd/cnf/0119a8fe54c110d927344cd950a43671-48-136458.cnf.xz
01209700b6b45ca5fda7fbcb17765db1 /nfs/share/instances/gbd/cnf/01209700b6b45ca5fda7fbcb17765db1-slp-synthesis-aes-top27.cnf.xz
0121f7a2adac25bb3f01fb841fdce55f /nfs/share/instances/gbd/cnf/0121f7a2adac25bb3f01fb841fdce55f-unif-c3150-v700-s1612398163.cnf.xz
01225987412b6f8423cc68be93385f6e /nfs/share/instances/gbd/cnf/01225987412b6f8423cc68be93385f6e-eqspwtrc16bparrc16.cnf.xz
01243b47967a3d012ea22e993355c833 /nfs/share/instances/gbd/cnf/01243b47967a3d012ea22e993355c833-f8bidw.cnf.xz
012a40c3c94a3f1701efa5e73611529c /nfs/share/instances/gbd/cnf/012a40c3c94a3f1701efa5e73611529c-unif-c3500-v700-s994205410.cnf.xz
012e56e8b23c29cb222b64bdeb523409 /nfs/share/instances/gbd/cnf/012e56e8b23c29cb222b64bdeb523409-fdmus_b22_630.cnf.xz
01363e6edd7b668dcd8706534c4e1f4f /nfs/share/instances/gbd/cnf/01363e6edd7b668dcd8706534c4e1f4f-48-132354.cnf.xz
0136adb99bdca756b28f8aca2bf8a1b3 /nfs/share/instances/gbd/cnf/0136adb99bdca756b28f8aca2bf8a1b3-bench_10094.smt2.cnf.xz
013a51ccada51812061ed2d6504e23a5 /nfs/share/instances/gbd/cnf/013a51ccada51812061ed2d6504e23a5-gensys-icl003.shuffled-as.sat05-3824.cnf.xz
013eb6c4963e5a4724c4b34599f0bb64 /nfs/share/instances/gbd/cnf/013eb6c4963e5a4724c4b34599f0bb64-58-128914.cnf.xz
013ed5a359706d5bc4ce7e2dac38bad8 /nfs/share/instances/gbd/cnf/013ed5a359706d5bc4ce7e2dac38bad8-45-118599.cnf.xz
0141b82b3d2a411d8c2168119e2d7452 /nfs/share/instances/gbd/cnf/0141b82b3d2a411d8c2168119e2d7452-rope_0012.shuffled.cnf.xz
014a36afe8dfc0c7cd6098f66fb8756a /nfs/share/instances/gbd/cnf/014a36afe8dfc0c7cd6098f66fb8756a-unif-k7-r85-v240-c20400-S787287513-16.cnf.xz
014eb73b695be1a41c61e15ca919f0f8 /nfs/share/instances/gbd/cnf/014eb73b695be1a41c61e15ca919f0f8-53-132450.cnf.xz
0151782431fa0ec1f855523721c52682 /nfs/share/instances/gbd/cnf/0151782431fa0ec1f855523721c52682-58-122783.cnf.xz
0151bedac526ee195bc52e4134cd80e7 /nfs/share/instances/gbd/cnf/0151bedac526ee195bc52e4134cd80e7-ssAES_4-4-8_round_8-10_faultAt_8_fault_injections_2_seed_1579630418.cnf.xz
0151ced92d88d7b46424ccf1d26d7716 /nfs/share/instances/gbd/cnf/0151ced92d88d7b46424ccf1d26d7716-48-132658.cnf.xz
0152ba35c2942027426ebe4a074f5fdf /nfs/share/instances/gbd/cnf/0152ba35c2942027426ebe4a074f5fdf-58-123284.cnf.xz
0152d286cde406747d179c36a95c2fdc /nfs/share/instances/gbd/cnf/0152d286cde406747d179c36a95c2fdc-shift1add.10000.cnf.xz
0154182ac2508df34a7bf7120a368e70 /nfs/share/instances/gbd/cnf/0154182ac2508df34a7bf7120a368e70-47-132161.cnf.xz
015a78f0b46546a98970be8f3101443c /nfs/share/instances/gbd/cnf/015a78f0b46546a98970be8f3101443c-unif-k4-r9.121-v8800-c80265-S8877237995837260201.cnf.xz
015a8c86d53869abb26f9dbe4a5f1e54 /nfs/share/instances/gbd/cnf/015a8c86d53869abb26f9dbe4a5f1e54-unif-k7-r87.232-v120-c10468-S8772423351461556100.cnf.xz
01653db16d6cedc27f5314d680efc055 /nfs/share/instances/gbd/cnf/01653db16d6cedc27f5314d680efc055-fla-komb-220-5.cnf.xz
01657386753a1369dd286a3fee9062e4 /nfs/share/instances/gbd/cnf/01657386753a1369dd286a3fee9062e4-SGI_30_70_28_60_1-log.shuffled-as.sat03-176.cnf.xz
01665130994f549bc94ea4b1e91111cd /nfs/share/instances/gbd/cnf/01665130994f549bc94ea4b1e91111cd-45-127683.cnf.xz
0167ead7da1e981805564ca981f64bea /nfs/share/instances/gbd/cnf/0167ead7da1e981805564ca981f64bea-aim-200-6_0-yes1-4.cnf.mis-135.debugged.cnf.xz
016ad2dcc5ac2bb3eb555f2a8a6e412b /nfs/share/instances/gbd/cnf/016ad2dcc5ac2bb3eb555f2a8a6e412b-TableModel_output_5_3_7.bul_.dimacs.cnf.xz
016c52d4105ea384ade3644ab71415c4 /nfs/share/instances/gbd/cnf/016c52d4105ea384ade3644ab71415c4-x9-03042.sat.sanitized.cnf.xz
016fa607917cff1ece5bd5c624a49491 /nfs/share/instances/gbd/cnf/016fa607917cff1ece5bd5c624a49491-bench_7620.smt2.cnf.xz
0174593b6652936010405e3f4b6799c1 /nfs/share/instances/gbd/cnf/0174593b6652936010405e3f4b6799c1-58-115687.cnf.xz
0176764afff2ea9f16a90fec9a516ed2 /nfs/share/instances/gbd/cnf/0176764afff2ea9f16a90fec9a516ed2-newpol31-4.cnf.xz
0177419016ca9d3abad0c15998bdf72f /nfs/share/instances/gbd/cnf/0177419016ca9d3abad0c15998bdf72f-58-113941.cnf.xz
01796eb1fc5b82e2d36e60dacb631250 /nfs/share/instances/gbd/cnf/01796eb1fc5b82e2d36e60dacb631250-59-118978.cnf.xz
017ba03ed108f492c9293c7c95e5cae9 /nfs/share/instances/gbd/cnf/017ba03ed108f492c9293c7c95e5cae9-multiplier_14bits__miter_14.cnf.xz
017bba0f995e6d9921253e5a59521435 /nfs/share/instances/gbd/cnf/017bba0f995e6d9921253e5a59521435-9symml_gr_2pin_w6.shuffled.cnf.xz
017d217fc0568c83c47f2c35bb685481 /nfs/share/instances/gbd/cnf/017d217fc0568c83c47f2c35bb685481-47-123642.cnf.xz
017fe0fa773f3213acb3fc70d12a0d5f /nfs/share/instances/gbd/cnf/017fe0fa773f3213acb3fc70d12a0d5f-bench_16162.smt2.cnf.xz
01813075a2ddb68ae1fc655ca003437e /nfs/share/instances/gbd/cnf/01813075a2ddb68ae1fc655ca003437e-sha256__zeroOut_12__freeIn_16__seed_1.cnf.xz
01843a0195183ca14246a88bf7bad482 /nfs/share/instances/gbd/cnf/01843a0195183ca14246a88bf7bad482-smulo016.cnf.xz
0184fc46a3e15163bf4f114a2689fe5c /nfs/share/instances/gbd/cnf/0184fc46a3e15163bf4f114a2689fe5c-hyp_cec_multi_7.cnf.xz
018b45eea6e1db3dc076ce5650c1b33a /nfs/share/instances/gbd/cnf/018b45eea6e1db3dc076ce5650c1b33a-54-123602.cnf.xz
018baa8023b064875f9459bb4b164239 /nfs/share/instances/gbd/cnf/018baa8023b064875f9459bb4b164239-46-138524.cnf.xz
018e0d55855905e9914c4c1af52eea55 /nfs/share/instances/gbd/cnf/018e0d55855905e9914c4c1af52eea55-fla-komb-520-3.cnf.xz
019044d2c20a2f868da3325a8392ae49 /nfs/share/instances/gbd/cnf/019044d2c20a2f868da3325a8392ae49-59-135472.cnf.xz
0191a0bf3412ed407ba669f8d69081ee /nfs/share/instances/gbd/cnf/0191a0bf3412ed407ba669f8d69081ee-mrpp_6x6#18_20.cnf.xz
019312023ae44dd892cd3f62550aea6e /nfs/share/instances/gbd/cnf/019312023ae44dd892cd3f62550aea6e-unif-k5-r21.117-v300-c6335-S391260049426063227.cnf.xz
01933666e24a4fcb6240ce46b6160380 /nfs/share/instances/gbd/cnf/01933666e24a4fcb6240ce46b6160380-unif-k4-r9.931-v800-c7945-S6410029877538796012.cnf.xz
0193bb2b5b7c07ad179001c34a885f6c /nfs/share/instances/gbd/cnf/0193bb2b5b7c07ad179001c34a885f6c-bench_3075.smt2.cnf.xz
01943b1d6f8e65a44e99f97da3236241 /nfs/share/instances/gbd/cnf/01943b1d6f8e65a44e99f97da3236241-5pipe_5_ooo.cnf.xz
0194a15658e15953f779d436681f1199 /nfs/share/instances/gbd/cnf/0194a15658e15953f779d436681f1199-unif-k3-r4.2-v10000-c42000-S971732863-03.cnf.xz
01950351dd73990085d75e125b1551de /nfs/share/instances/gbd/cnf/01950351dd73990085d75e125b1551de-43-134983.cnf.xz
0195cb8a6b36b6e6fe6b23365828e198 /nfs/share/instances/gbd/cnf/0195cb8a6b36b6e6fe6b23365828e198-unif-k3-r4.261-v650-c2769-S1172355929-14.SAT.shuffled.cnf.xz
01966a0fc52b2200a13f5f835275a919 /nfs/share/instances/gbd/cnf/01966a0fc52b2200a13f5f835275a919-SGI_30_70_27_50_3-dir.shuffled-as.sat03-169.cnf.xz
01979ca4966cc363ec3caeebd8d3fc31 /nfs/share/instances/gbd/cnf/01979ca4966cc363ec3caeebd8d3fc31-connm-ue-csp-sat-n600-d0.04-s1979668539.used-as.sat04-981.cnf.xz
019dc69c96737c3d62696c9acf3edf1b /nfs/share/instances/gbd/cnf/019dc69c96737c3d62696c9acf3edf1b-T107.2.0.cnf.xz
01a160920ac2891c97339805cb3093b1 /nfs/share/instances/gbd/cnf/01a160920ac2891c97339805cb3093b1-55-134244.cnf.xz
01a2e098e96522a52a76c783a5b0b587 /nfs/share/instances/gbd/cnf/01a2e098e96522a52a76c783a5b0b587-58-104701.cnf.xz
01a74343f618546e9ad2a60849140317 /nfs/share/instances/gbd/cnf/01a74343f618546e9ad2a60849140317-crafted_n12_d6_c3_num26.cnf.xz
01a7a38902771cf5e7f37b7e0275b0fb /nfs/share/instances/gbd/cnf/01a7a38902771cf5e7f37b7e0275b0fb-54-132004.cnf.xz
01a82297e8d8f68eeeb26329d1bf26c2 /nfs/share/instances/gbd/cnf/01a82297e8d8f68eeeb26329d1bf26c2-unif-k3-r4.2-v10000-c42000-S2108163340-010.cnf.xz
01af042093bf36119811b6e658e7a231 /nfs/share/instances/gbd/cnf/01af042093bf36119811b6e658e7a231-ecgrid6x155_shuffled.cnf.xz
01b105afb0dcb7a28cfe775c98b6ee00 /nfs/share/instances/gbd/cnf/01b105afb0dcb7a28cfe775c98b6ee00-fdmus_b20_94.cnf.xz
01b4cb9b343aef8334f5d22e4d8f0380 /nfs/share/instances/gbd/cnf/01b4cb9b343aef8334f5d22e4d8f0380-46-129990.cnf.xz
01bc467c0134087a88cb308e5fb259ec /nfs/share/instances/gbd/cnf/01bc467c0134087a88cb308e5fb259ec-fdmus_b17_868.cnf.xz
01bc4d75a43a8293132d0be627341207 /nfs/share/instances/gbd/cnf/01bc4d75a43a8293132d0be627341207-E04F19.cnf.xz
01bd0865ab694bc71d80b7d285d5777d /nfs/share/instances/gbd/cnf/01bd0865ab694bc71d80b7d285d5777d-shuffling-2-s1480152728-of-bench-sat04-434.used-as.sat04-711.cnf.xz
01c09bcfbd1f9c2cf781d37abdfc7473 /nfs/share/instances/gbd/cnf/01c09bcfbd1f9c2cf781d37abdfc7473-60-119091.cnf.xz
01c48559d4870a5f3216291060fbeb39 /nfs/share/instances/gbd/cnf/01c48559d4870a5f3216291060fbeb39-unif2p-p0.8-v2035-c6328-S262114230-17-UNSAT.cnf.xz
01c64036a1e08f96e79e92d72cb8626c /nfs/share/instances/gbd/cnf/01c64036a1e08f96e79e92d72cb8626c-fdmus_b20_360.cnf.xz
01cced75cb378574bc849f76e909c94f /nfs/share/instances/gbd/cnf/01cced75cb378574bc849f76e909c94f-56-110984.cnf.xz
01cf0326d2ab46b71fe4e2eac97b2b18 /nfs/share/instances/gbd/cnf/01cf0326d2ab46b71fe4e2eac97b2b18-MVD_ADS_S8_9_9.cnf.xz
01d037bf22a943430790eedd667f415e /nfs/share/instances/gbd/cnf/01d037bf22a943430790eedd667f415e-60-128351.cnf.xz
01d12e6a44b845def1455663b490d7cc /nfs/share/instances/gbd/cnf/01d12e6a44b845def1455663b490d7cc-unif-k5-r21.3-v120-c2556-S1503318847-091.cnf.xz
01d142c43f3ce9a8c5ef7a1ecdbb6cba /nfs/share/instances/gbd/cnf/01d142c43f3ce9a8c5ef7a1ecdbb6cba-urquhart3_25bis.shuffled.cnf.xz
01d494c2afa4960a236bf8412e2bd08a /nfs/share/instances/gbd/cnf/01d494c2afa4960a236bf8412e2bd08a-manol-pipe-c10id_s.cnf.xz
01d55a3ba267f6b2a2911c9239f2bd31 /nfs/share/instances/gbd/cnf/01d55a3ba267f6b2a2911c9239f2bd31-bench_8567.smt2.cnf.xz
01d7029fd605b0f8aa31ce2260b9f874 /nfs/share/instances/gbd/cnf/01d7029fd605b0f8aa31ce2260b9f874-bench_14278.smt2.cnf.xz
01da0d23a7273b00c0252c1ca964444f /nfs/share/instances/gbd/cnf/01da0d23a7273b00c0252c1ca964444f-unif-k5-r21.3-v120-c2556-S1963731659-060.cnf.xz
01db0170c4c634550cc710a645093cfb /nfs/share/instances/gbd/cnf/01db0170c4c634550cc710a645093cfb-unif-k7-r87.79-v106-c9306-S474537854752200584.cnf.xz
01dd5feb463fa80f73809718f6ff735b /nfs/share/instances/gbd/cnf/01dd5feb463fa80f73809718f6ff735b-10pipe_q0_k.cnf.xz
01df60e0a1690421fa6d8e73358af751 /nfs/share/instances/gbd/cnf/01df60e0a1690421fa6d8e73358af751-bench_1173.smt2.cnf.xz
01e407c1be777e7a6bff6f69c871191e /nfs/share/instances/gbd/cnf/01e407c1be777e7a6bff6f69c871191e-fdmus_b22_656.cnf.xz
01e457295031b531787c8f092a9487f1 /nfs/share/instances/gbd/cnf/01e457295031b531787c8f092a9487f1-45-132805.cnf.xz
01e460fb1710367a663ab3f7274270db /nfs/share/instances/gbd/cnf/01e460fb1710367a663ab3f7274270db-45-117366.cnf.xz
01e6b02d61a5105f4cc4d1275e4ee626 /nfs/share/instances/gbd/cnf/01e6b02d61a5105f4cc4d1275e4ee626-unif-k5-r21.117-v200-c4223-S4002140054644802477.cnf.xz
01e7e51d745a9ffd5d8c0d4be157a6ea /nfs/share/instances/gbd/cnf/01e7e51d745a9ffd5d8c0d4be157a6ea-unif-k3-r4.2-v19000-c79800-S1330787624-15.cnf.xz
01efd93e498fa0aa8b15a225c0222824 /nfs/share/instances/gbd/cnf/01efd93e498fa0aa8b15a225c0222824-fdmus_b14_165.cnf.xz
01f6f378126fba702bfdca976b9ae406 /nfs/share/instances/gbd/cnf/01f6f378126fba702bfdca976b9ae406-46-127469.cnf.xz
01fb606163f23f52d676aa4f46b4381a /nfs/share/instances/gbd/cnf/01fb606163f23f52d676aa4f46b4381a-unif-k4-r9.931-v1700-c16883-S9029530188338078272.cnf.xz
02009b14e291072e12a5b27dffdf5a7b /nfs/share/instances/gbd/cnf/02009b14e291072e12a5b27dffdf5a7b-9dlx_vliw_at_b_iq8_I3_C24.cnf.xz
0202cc5d16223bceb61e66cc4d7168f7 /nfs/share/instances/gbd/cnf/0202cc5d16223bceb61e66cc4d7168f7-58-105948.cnf.xz
0202d973562cc1efd380b93faf711df3 /nfs/share/instances/gbd/cnf/0202d973562cc1efd380b93faf711df3-48-114143.cnf.xz
02039a75cd47093fce9f1af3ab61a5e8 /nfs/share/instances/gbd/cnf/02039a75cd47093fce9f1af3ab61a5e8-42-113961.cnf.xz
0205c97b33f228ca830b36156eae9bc9 /nfs/share/instances/gbd/cnf/0205c97b33f228ca830b36156eae9bc9-okgen-c1890-v450-s1673494695-1673494695.shuffled-as.sat03-1699.cnf.xz
0205e0724a8a912dde9ad7dfba2aee0b /nfs/share/instances/gbd/cnf/0205e0724a8a912dde9ad7dfba2aee0b-003-23-80.cnf.xz
02066c116dbacc40ec5cca2067db26c0 /nfs/share/instances/gbd/cnf/02066c116dbacc40ec5cca2067db26c0-mrpp_4x4#12_12.cnf.xz
020bb8e3ad83c3e377648b6103c6fb4a /nfs/share/instances/gbd/cnf/020bb8e3ad83c3e377648b6103c6fb4a-53-90970.cnf.xz
020c63aa1ae5c6fe7aeb8e2fbef99a3c /nfs/share/instances/gbd/cnf/020c63aa1ae5c6fe7aeb8e2fbef99a3c-b2005-p3-14x14c17h9-Ser4-0.cnf.xz
021331d523ad3092616ff99cf0c6c355 /nfs/share/instances/gbd/cnf/021331d523ad3092616ff99cf0c6c355-arcfour_initialPermutation_6_14.cnf.xz
021686368317a35103f1f671f783d958 /nfs/share/instances/gbd/cnf/021686368317a35103f1f671f783d958-velev-npe-1.0-9dlx-b71.cnf.xz
0216f9d35f2b695b904fffb312e3e611 /nfs/share/instances/gbd/cnf/0216f9d35f2b695b904fffb312e3e611-cms-scheel-md5-families-r24-c11-p1-4-6-9-10-11-13-15-17-18-19.cnf.xz
02189c82c0395b9968ecb32895bc73c2 /nfs/share/instances/gbd/cnf/02189c82c0395b9968ecb32895bc73c2-unif-k7-r86.395-v150-c12959-S7127314808333622769.cnf.xz
02197ec055ea06c347bf1c6ceb6facf7 /nfs/share/instances/gbd/cnf/02197ec055ea06c347bf1c6ceb6facf7-slp-synthesis-aes-bottom24.cnf.xz
02223564bd2f5c20768e63cf28c785e3 /nfs/share/instances/gbd/cnf/02223564bd2f5c20768e63cf28c785e3-mp1-squ_ali_s10x10_c39_abio_SAT.cnf.xz
02257f12aa71e6622d2bf4d0f7111ebf /nfs/share/instances/gbd/cnf/02257f12aa71e6622d2bf4d0f7111ebf-sgen1-unsat-139-100.cnf.mis-105.debugged.cnf.xz
0225fa9581c622e5abbc8497a97edf4e /nfs/share/instances/gbd/cnf/0225fa9581c622e5abbc8497a97edf4e-fla-qhid-360-4.cnf.xz
0227c865edaeda75e13eea36d57b7eed /nfs/share/instances/gbd/cnf/0227c865edaeda75e13eea36d57b7eed-sdiv40prop.cnf.xz
022b841952d37f0d6a0d050c9b4b0071 /nfs/share/instances/gbd/cnf/022b841952d37f0d6a0d050c9b4b0071-goldb-heqc-i8mul.cnf.xz
022d902dc901cc9dbcb9e9af8b6728e2 /nfs/share/instances/gbd/cnf/022d902dc901cc9dbcb9e9af8b6728e2-56-123511.cnf.xz
022d99ed11a6bbad03a8d07be558411b /nfs/share/instances/gbd/cnf/022d99ed11a6bbad03a8d07be558411b-55-112996.cnf.xz
022dc7e9935f3570c088db58bd84b2c6 /nfs/share/instances/gbd/cnf/022dc7e9935f3570c088db58bd84b2c6-mrpp_6x6#12_8.cnf.xz
022e05157f3057a9888a85eb94a26d3a /nfs/share/instances/gbd/cnf/022e05157f3057a9888a85eb94a26d3a-unif-k3-r4.25-v450-c1912-S216896591-15.SAT.shuffled.cnf.xz
022fd6b1d5a66e11de5fdb58d51db99c /nfs/share/instances/gbd/cnf/022fd6b1d5a66e11de5fdb58d51db99c-unif-k3-r4.261-v600-c2556-S1121556476-05.UNSAT.shuffled.cnf.xz
0230774d18baa0fb8e3267dcac0014f3 /nfs/share/instances/gbd/cnf/0230774d18baa0fb8e3267dcac0014f3-49-126600.cnf.xz
0232a4f59601e7a78fa29e06d5091764 /nfs/share/instances/gbd/cnf/0232a4f59601e7a78fa29e06d5091764-59-133416.cnf.xz
02393be00525d205cbe0b6ca8ed22f48 /nfs/share/instances/gbd/cnf/02393be00525d205cbe0b6ca8ed22f48-OKgenerator_s0=32s1=14n=8000l=3cp=33600-Dnr0=0nr1=5-o.shuffled-as.sat05-1694.cnf.xz
023e522c9160d4d1584c5ce1a6ce48d1 /nfs/share/instances/gbd/cnf/023e522c9160d4d1584c5ce1a6ce48d1-5cnf_4100_4100_50f5.shuffled.cnf.xz
02404a08ea36dd43362bbddc578c839d /nfs/share/instances/gbd/cnf/02404a08ea36dd43362bbddc578c839d-ctl_4201_555_unsat.cnf.xz
0240f5bddc39ad2f0a786c811fc434a8 /nfs/share/instances/gbd/cnf/0240f5bddc39ad2f0a786c811fc434a8-SC21_Timetable_C_542_E_71_Cl_36_S_35.cnf.xz
0241f35c5752768d2b0580533d143a14 /nfs/share/instances/gbd/cnf/0241f35c5752768d2b0580533d143a14-53-131587.cnf.xz
0246c609c3a0f893028313b2291dac7c /nfs/share/instances/gbd/cnf/0246c609c3a0f893028313b2291dac7c-47-133761.cnf.xz
024750eb1d45dbe3c081ff3372fff5be /nfs/share/instances/gbd/cnf/024750eb1d45dbe3c081ff3372fff5be-49-23534.cnf.xz
024af9416f8c1dad1b4f974757e38d51 /nfs/share/instances/gbd/cnf/024af9416f8c1dad1b4f974757e38d51-8-5-6.cnf.xz
024bff5f92c610e530b3756f2ccb037d /nfs/share/instances/gbd/cnf/024bff5f92c610e530b3756f2ccb037d-45-101800.cnf.xz
024d71cebfe2f5c3b574e2482b2c7b66 /nfs/share/instances/gbd/cnf/024d71cebfe2f5c3b574e2482b2c7b66-unif-k3-r4.2-v4000-c16800-S1946534526-16.cnf.xz
024ea469a7c368eadf441544cae9f90c /nfs/share/instances/gbd/cnf/024ea469a7c368eadf441544cae9f90c-60-124891.cnf.xz
02505bcdae17368b0b44efe673160eda /nfs/share/instances/gbd/cnf/02505bcdae17368b0b44efe673160eda-bench_5114.smt2.cnf.xz
0257941d88a81ef2839a94587d03e87f /nfs/share/instances/gbd/cnf/0257941d88a81ef2839a94587d03e87f-59-74078.cnf.xz
025890af6c6f91ea4e405dbccab6be90 /nfs/share/instances/gbd/cnf/025890af6c6f91ea4e405dbccab6be90-b2005-p2-12x12c10h7-Ser7-0.cnf.xz
025b05bcc900fa8e2675ba23c6e6d454 /nfs/share/instances/gbd/cnf/025b05bcc900fa8e2675ba23c6e6d454-okgen-c1300-v650-s1509540531-1509540531.cnf.xz
025b4355cf82995a0c901b109bb2be55 /nfs/share/instances/gbd/cnf/025b4355cf82995a0c901b109bb2be55-bench_5103.smt2.cnf.xz
025fe6b9b2e74c53011badb9f2c79976 /nfs/share/instances/gbd/cnf/025fe6b9b2e74c53011badb9f2c79976-47-120087.cnf.xz
02609dfe236c0c2beeac79e61cbe6151 /nfs/share/instances/gbd/cnf/02609dfe236c0c2beeac79e61cbe6151-12pipe_12_ooo_q0_T0.cnf.xz
0261b44c278c36459061c368aa00575a /nfs/share/instances/gbd/cnf/0261b44c278c36459061c368aa00575a-EDP3-12000.cnf.xz
02627689047d06fbb642eef14768d751 /nfs/share/instances/gbd/cnf/02627689047d06fbb642eef14768d751-ps_200_300_70.cnf.xz
0262e0507796703aeed95b8eb6346828 /nfs/share/instances/gbd/cnf/0262e0507796703aeed95b8eb6346828-md4__zeroOut_19__freeIn_23__seed_0.cnf.xz
0265448c232e3a25aa5bcd29b1b14567 /nfs/share/instances/gbd/cnf/0265448c232e3a25aa5bcd29b1b14567-x9-10051.sat.sanitized.cnf.xz
026697efcbda72c2263c11b12cd22677 /nfs/share/instances/gbd/cnf/026697efcbda72c2263c11b12cd22677-fpu3-problem.dimacs_18.filtered.cnf.xz
026c28cff76457b2fa8eba99520a0f9a /nfs/share/instances/gbd/cnf/026c28cff76457b2fa8eba99520a0f9a-unif2p-p0.9-v1170-c4235-S1138392605-05-UNKNOWN.cnf.xz
026d5d5889dc62956ad30fa3a6ed61e4 /nfs/share/instances/gbd/cnf/026d5d5889dc62956ad30fa3a6ed61e4-56-108570.cnf.xz
0272edf70e38a36b32b924ceb16c7156 /nfs/share/instances/gbd/cnf/0272edf70e38a36b32b924ceb16c7156-49-120481.cnf.xz
027330866147a897c5c9b5d4d47d28cb /nfs/share/instances/gbd/cnf/027330866147a897c5c9b5d4d47d28cb-44-123759.cnf.xz
0275407378707ad9eed2f8b30386a789 /nfs/share/instances/gbd/cnf/0275407378707ad9eed2f8b30386a789-bench_5463.smt2.cnf.xz
027761d107a7927810afd569bfd81a4e /nfs/share/instances/gbd/cnf/027761d107a7927810afd569bfd81a4e-okgen-c2925-v450-s267765658-267765658.cnf.xz
0278eee117c3821771e2d18d710a89ad /nfs/share/instances/gbd/cnf/0278eee117c3821771e2d18d710a89ad-equilarge_l5.sat05-522.reshuffled-07.cnf.xz
027b35979bc619b89cad395d958b3270 /nfs/share/instances/gbd/cnf/027b35979bc619b89cad395d958b3270-43-100044.cnf.xz
027dd75e80e8fd4374ed8eec187f956a /nfs/share/instances/gbd/cnf/027dd75e80e8fd4374ed8eec187f956a-bench_138.smt2.cnf.xz
0286e90d6f0176c6f49ca4b6d0c08dff /nfs/share/instances/gbd/cnf/0286e90d6f0176c6f49ca4b6d0c08dff-46-128169.cnf.xz
028d0cc7af63e9bba5795f20e24db4f6 /nfs/share/instances/gbd/cnf/028d0cc7af63e9bba5795f20e24db4f6-pyhala-braun-sat-35-4-04.shuffled.cnf.xz
028d1cef617dc62904ce9a7718081d4b /nfs/share/instances/gbd/cnf/028d1cef617dc62904ce9a7718081d4b-bench_16585.smt2.cnf.xz
0291268a34c2d681dbed04f2c169fa9f /nfs/share/instances/gbd/cnf/0291268a34c2d681dbed04f2c169fa9f-UNSAT_MS_sat_nurikabe_p16.pddl_85.cnf.xz
0294158664d9ada36bd23fbb652cb823 /nfs/share/instances/gbd/cnf/0294158664d9ada36bd23fbb652cb823-smtlib-qfbv-aigs-countbits128-tseitin.cnf.xz
029769d31380aed4e9915d27c73d18d6 /nfs/share/instances/gbd/cnf/029769d31380aed4e9915d27c73d18d6-bench_7933.smt2.cnf.xz
0297c2a35f116ffd5382aea5b421e6df /nfs/share/instances/gbd/cnf/0297c2a35f116ffd5382aea5b421e6df-Urquhart-s3-b3.shuffled-as.sat03-1556.cnf.xz
0299da6b2088736e46a6ebf067804596 /nfs/share/instances/gbd/cnf/0299da6b2088736e46a6ebf067804596-unif-k3-r4.25-v560-c2380-S1876865608-086.cnf.xz
029a78f54a28bab5de0ac9ea07823e74 /nfs/share/instances/gbd/cnf/029a78f54a28bab5de0ac9ea07823e74-43-134139.cnf.xz
029cf5345cbde37e75d11fe7c9f07ded /nfs/share/instances/gbd/cnf/029cf5345cbde37e75d11fe7c9f07ded-53-125875.cnf.xz
029ef821bff942b1be483e35b4256d79 /nfs/share/instances/gbd/cnf/029ef821bff942b1be483e35b4256d79-unif-k7-r61.0-v50000-c3050000-S6737058358718563174.cnf.xz
029f943a34e4b12fa59c6a3664e481bb /nfs/share/instances/gbd/cnf/029f943a34e4b12fa59c6a3664e481bb-41-118297.cnf.xz
02a5d44d0559dc046e591dd8c10f2c10 /nfs/share/instances/gbd/cnf/02a5d44d0559dc046e591dd8c10f2c10-rphp_p100_r100.cnf.xz
02aa8df7d5f231c1fa8c138bf71881b8 /nfs/share/instances/gbd/cnf/02aa8df7d5f231c1fa8c138bf71881b8-fla-qhid-420-3.cnf.xz
02aab5b634bc3b1de8567a15f468dd53 /nfs/share/instances/gbd/cnf/02aab5b634bc3b1de8567a15f468dd53-50-105833.cnf.xz
02abb73bd8e7095a9f18f82d8239eb97 /nfs/share/instances/gbd/cnf/02abb73bd8e7095a9f18f82d8239eb97-unif-k3-r4.267-v11600-c49497-S369478984820784143.cnf.xz
02ad1665470545464a4d28a0d4b94570 /nfs/share/instances/gbd/cnf/02ad1665470545464a4d28a0d4b94570-bench_10614.smt2.cnf.xz
02ad294c09a41578dac649a64b6aadd6 /nfs/share/instances/gbd/cnf/02ad294c09a41578dac649a64b6aadd6-unif-k3-r4.26-v400-c1704-S1409021001-079.UNKNOWN.cnf.xz
02ae49a7f45355f52f90208a8ba5164d /nfs/share/instances/gbd/cnf/02ae49a7f45355f52f90208a8ba5164d-53-120210.cnf.xz
02ae8832f0c2821eef1e72d3df540a22 /nfs/share/instances/gbd/cnf/02ae8832f0c2821eef1e72d3df540a22-48-121115.cnf.xz
02b0ba33fc854c843c151f951be44010 /nfs/share/instances/gbd/cnf/02b0ba33fc854c843c151f951be44010-bench_11194.smt2.cnf.xz
02b385a378c232c0671c7ccae533ddfb /nfs/share/instances/gbd/cnf/02b385a378c232c0671c7ccae533ddfb-bench_17739.smt2.cnf.xz
02b3ef3c69fd77ed8ef830f4256b0022 /nfs/share/instances/gbd/cnf/02b3ef3c69fd77ed8ef830f4256b0022-41-114703.cnf.xz
02b60dfe8004125530bfd1b4d055dc6b /nfs/share/instances/gbd/cnf/02b60dfe8004125530bfd1b4d055dc6b-43-122695.cnf.xz
02b69d0e5c2b68d5c3d650164b6c277d /nfs/share/instances/gbd/cnf/02b69d0e5c2b68d5c3d650164b6c277d-Q3inK08.cnf.xz
02bc149bbe801807912f651c7bad3e74 /nfs/share/instances/gbd/cnf/02bc149bbe801807912f651c7bad3e74-dead-dnd008.shuffled-as.sat05-3114.cnf.xz
02c18b0862662b066404f55c815e459b /nfs/share/instances/gbd/cnf/02c18b0862662b066404f55c815e459b-49-120249.cnf.xz
02c1c6307289afd9f6ac81979b251df2 /nfs/share/instances/gbd/cnf/02c1c6307289afd9f6ac81979b251df2-sha256__zeroOut_04__freeIn_08__seed_1.cnf.xz
02c1d1c6fb0c6558032f7b5f115702cf /nfs/share/instances/gbd/cnf/02c1d1c6fb0c6558032f7b5f115702cf-60-135765.cnf.xz
02c23ebafea72bcb7135ab806aa3e1a6 /nfs/share/instances/gbd/cnf/02c23ebafea72bcb7135ab806aa3e1a6-power2sum.8684.smt2.cnf.xz
02c3dfc0e9c16c69a66b5b7412e512ef /nfs/share/instances/gbd/cnf/02c3dfc0e9c16c69a66b5b7412e512ef-bench_16473.smt2.cnf.xz
02c3f1d24074cba45a64d0b4b5aa0238 /nfs/share/instances/gbd/cnf/02c3f1d24074cba45a64d0b4b5aa0238-g2-hwmcc15deep-bobpcihm-k32.cnf.xz
02c6fe8483e4f4474b7ac9731772535d /nfs/share/instances/gbd/cnf/02c6fe8483e4f4474b7ac9731772535d-ncc_none_7047_6_3_3_0_0_420.cnf.xz
02cba4bd89eb7ecbf0f063c4c4fef7d6 /nfs/share/instances/gbd/cnf/02cba4bd89eb7ecbf0f063c4c4fef7d6-unif-k5-r21.3-v130-c2769-S1032474357-17.SAT.shuffled.cnf.xz
02ce47de081045ece3d651b805235346 /nfs/share/instances/gbd/cnf/02ce47de081045ece3d651b805235346-unif-k3-r4.267-v2000-c8534-S8225079748202723969.cnf.xz
02cf287a41c2cc7a79c682495df002d4 /nfs/share/instances/gbd/cnf/02cf287a41c2cc7a79c682495df002d4-45-119646.cnf.xz
02cf500db31aa951989bf4947d9165e5 /nfs/share/instances/gbd/cnf/02cf500db31aa951989bf4947d9165e5-bench_2694.smt2.cnf.xz
02cfa5a71b5c89a1b10b5f5a5221ed05 /nfs/share/instances/gbd/cnf/02cfa5a71b5c89a1b10b5f5a5221ed05-clauses-8.cnf.xz
02cff9bea08ed95b701d23e743e2ce13 /nfs/share/instances/gbd/cnf/02cff9bea08ed95b701d23e743e2ce13-unif-k4-r9.931-v185-c1837-S4628723751657252146.cnf.xz
02d15c71f00ba4808c8efff0ed6d71ce /nfs/share/instances/gbd/cnf/02d15c71f00ba4808c8efff0ed6d71ce-bench_10058.smt2.cnf.xz
02d4f72ae5dd9be8edcd3bff7e63f8ad /nfs/share/instances/gbd/cnf/02d4f72ae5dd9be8edcd3bff7e63f8ad-bench_2875.smt2.cnf.xz
02d8847ee38504792705d794eb93e9a7 /nfs/share/instances/gbd/cnf/02d8847ee38504792705d794eb93e9a7-traffic_b_unsat.cnf.xz
02d8ce98d8be14b6cb115dd4752d7c09 /nfs/share/instances/gbd/cnf/02d8ce98d8be14b6cb115dd4752d7c09-unif-k7-r85-v140-c11900-S870840347-014.cnf.xz
02da8e9305ee7b4ad33c348f46afebea /nfs/share/instances/gbd/cnf/02da8e9305ee7b4ad33c348f46afebea-x9-03055.sat.sanitized.cnf.xz
02de69784e1bd36ed3ac1a0a7371fad0 /nfs/share/instances/gbd/cnf/02de69784e1bd36ed3ac1a0a7371fad0-56-124441.cnf.xz
02e336c79a69ddf2e868232321abd154 /nfs/share/instances/gbd/cnf/02e336c79a69ddf2e868232321abd154-48-111574.cnf.xz
02e4f23ed59566d343b605dc2cc30a01 /nfs/share/instances/gbd/cnf/02e4f23ed59566d343b605dc2cc30a01-REGRandom-K4-L3-Seed40.sanitized.cnf.xz
02e781d6f1761a8135a599de8c34bc88 /nfs/share/instances/gbd/cnf/02e781d6f1761a8135a599de8c34bc88-fdmus_b22_176.cnf.xz
02ee4550987a8545d00d0ad14d4b215c /nfs/share/instances/gbd/cnf/02ee4550987a8545d00d0ad14d4b215c-manthey_DimacsSorter_28_0.cnf.xz
02eef920cd1aab9ef3492fe27bf515c4 /nfs/share/instances/gbd/cnf/02eef920cd1aab9ef3492fe27bf515c4-php-025-024.shuffled-as.sat05-1191.cnf.xz
02eff2cc9db1e6abe53e55e9e3f5277f /nfs/share/instances/gbd/cnf/02eff2cc9db1e6abe53e55e9e3f5277f-unif-k3-r4.26-v6200-c26412-S3357862223654450007.cnf.xz
02f019f0a4040c0f9b52cd910997a362 /nfs/share/instances/gbd/cnf/02f019f0a4040c0f9b52cd910997a362-bench_17307.smt2.cnf.xz
02f2343e32f9070f149708d77556b4aa /nfs/share/instances/gbd/cnf/02f2343e32f9070f149708d77556b4aa-Kakuro-easy-117-ext.xml.hg_5.cnf.xz
02f3a178829aa3838b2ad9a14f986913 /nfs/share/instances/gbd/cnf/02f3a178829aa3838b2ad9a14f986913-sha1__zeroOut_16__freeIn_20__seed_2.cnf.xz
02f3e7cd5ffb56be6f619896a40fd628 /nfs/share/instances/gbd/cnf/02f3e7cd5ffb56be6f619896a40fd628-unif-k3-r4.267-v6000-c25602-S2702893370182692242.cnf.xz
02f6ca52f1ada872d82035088701b66a /nfs/share/instances/gbd/cnf/02f6ca52f1ada872d82035088701b66a-linked_list_swap_contents_safety_unwind69.cnf.xz
02fe323166b147f507e045f04062854d /nfs/share/instances/gbd/cnf/02fe323166b147f507e045f04062854d-52-128677.cnf.xz
02ff9a8d99be52af14523c433e6caff4 /nfs/share/instances/gbd/cnf/02ff9a8d99be52af14523c433e6caff4-unif-k4-r9.931-v1350-c13407-S5137793542187515315.cnf.xz
0300d80a6c897c389a07ee4bcf3e926c /nfs/share/instances/gbd/cnf/0300d80a6c897c389a07ee4bcf3e926c-gencnf-k7-r88.7-v110-c9757-10-S1990889202.used-as.sat04-250.cnf.xz
03041657b7177746724b819433c83b20 /nfs/share/instances/gbd/cnf/03041657b7177746724b819433c83b20-blocks-4-ipc5-h21-unknown.cnf.xz
03083b81684212efcf3f415df0127130 /nfs/share/instances/gbd/cnf/03083b81684212efcf3f415df0127130-SAT_dat.k100-sc2012.cnf.xz
0309535f129965796de4193e1605bfa9 /nfs/share/instances/gbd/cnf/0309535f129965796de4193e1605bfa9-bench_13495.smt2.cnf.xz
0309ea422084568c2b4df13b32094380 /nfs/share/instances/gbd/cnf/0309ea422084568c2b4df13b32094380-rbsat-v945c61409gyes1.cnf.xz
030ae49b1ccd2bdce8a35ae95997bdca /nfs/share/instances/gbd/cnf/030ae49b1ccd2bdce8a35ae95997bdca-42-137659.cnf.xz
030f36e3ef0e56533706d6c1b4fd31e1 /nfs/share/instances/gbd/cnf/030f36e3ef0e56533706d6c1b4fd31e1-bench_8513.smt2.cnf.xz
0313ef9736992ac0bef42713aedf8a1f /nfs/share/instances/gbd/cnf/0313ef9736992ac0bef42713aedf8a1f-unif-k7-r85-v240-c20400-S788797920-13.cnf.xz
0316093cadcfd18a4e30b7974e62fecd /nfs/share/instances/gbd/cnf/0316093cadcfd18a4e30b7974e62fecd-unif-k7-r66.0-v50000-c3300000-S6452105525405296639.cnf.xz
031757c0a6797eddf3e84bcefbbdb753 /nfs/share/instances/gbd/cnf/031757c0a6797eddf3e84bcefbbdb753-b2005-p2-14x14c17h9-Ser4-0.cnf.xz
031a9d2143b30c6682f1f8fe23526804 /nfs/share/instances/gbd/cnf/031a9d2143b30c6682f1f8fe23526804-60-88383.cnf.xz
031c116d206f65d7c267d30108cd00a0 /nfs/share/instances/gbd/cnf/031c116d206f65d7c267d30108cd00a0-56-134443.cnf.xz
031c99d72be38eedacc8b402784e9821 /nfs/share/instances/gbd/cnf/031c99d72be38eedacc8b402784e9821-partial-10-17-u.cnf.xz
031daf860acbce867db7559c74bb1c60 /nfs/share/instances/gbd/cnf/031daf860acbce867db7559c74bb1c60-sgen4-sat-310-8.cnf.xz
031f2533749fafff58983d342f8c7ee3 /nfs/share/instances/gbd/cnf/031f2533749fafff58983d342f8c7ee3-55-115014.cnf.xz
0320af21bba8b8cd940a95277377803d /nfs/share/instances/gbd/cnf/0320af21bba8b8cd940a95277377803d-okgen-c1200-v300-s509783707-509783707.cnf.xz
032117a0ac42531420174f9b1234b6de /nfs/share/instances/gbd/cnf/032117a0ac42531420174f9b1234b6de-45-96373.cnf.xz
0321654854668173ef9983b879622722 /nfs/share/instances/gbd/cnf/0321654854668173ef9983b879622722-51-115848.cnf.xz
032172c44f98289cf10e06ffeaf7745b /nfs/share/instances/gbd/cnf/032172c44f98289cf10e06ffeaf7745b-bench_12334.smt2.cnf.xz
0325f5bdfff16d1756f786bfdccd2d26 /nfs/share/instances/gbd/cnf/0325f5bdfff16d1756f786bfdccd2d26-puzzle41_unsat.cnf.xz
0327aa4bd6b07b94d14e53efc57d0d00 /nfs/share/instances/gbd/cnf/0327aa4bd6b07b94d14e53efc57d0d00-44-113801.cnf.xz
032941f5f28c9ac53fa1c80d35f3206f /nfs/share/instances/gbd/cnf/032941f5f28c9ac53fa1c80d35f3206f-GP_216_290_40.cnf.xz
03332c1d032fcd09f91254199387215a /nfs/share/instances/gbd/cnf/03332c1d032fcd09f91254199387215a-bench_12179.smt2.cnf.xz
033560dbd1b4d3545b4b40ef90aaaa29 /nfs/share/instances/gbd/cnf/033560dbd1b4d3545b4b40ef90aaaa29-total-5-15-u.cnf.xz
0336f81b60baac5b8f481dd3c32861a5 /nfs/share/instances/gbd/cnf/0336f81b60baac5b8f481dd3c32861a5-mod4block_2vars_10gates_u2_autoenc-sc2009.cnf.xz
033743e540b7f6e2114a3e6981558795 /nfs/share/instances/gbd/cnf/033743e540b7f6e2114a3e6981558795-li-test4-97.shuffled-as.sat03-375.cnf.xz
03385e315b37cbb189ab45f90acf5af0 /nfs/share/instances/gbd/cnf/03385e315b37cbb189ab45f90acf5af0-unif-k7-r89-v65-c5785-S1387394500-16.UNSAT.shuffled.cnf.xz
033b0be3724bb9a94ffbce3d0901db59 /nfs/share/instances/gbd/cnf/033b0be3724bb9a94ffbce3d0901db59-x9-07008.sat.sanitized.cnf.xz
033bdaf71d51a1645014a54ea614312f /nfs/share/instances/gbd/cnf/033bdaf71d51a1645014a54ea614312f-s15850-bug-fourvec-gate-0.dimacs.seq.filtered.cnf.xz
033d611722714d5206cc0184479e92e2 /nfs/share/instances/gbd/cnf/033d611722714d5206cc0184479e92e2-urqh2x5.shuffled-as.sat03-1473.cnf.xz
033f38da07bdbbad4763eaf1fe97ce37 /nfs/share/instances/gbd/cnf/033f38da07bdbbad4763eaf1fe97ce37-AProVE07-27.cnf.xz
034619cf0ad20017ed9dd5f88caacae6 /nfs/share/instances/gbd/cnf/034619cf0ad20017ed9dd5f88caacae6-unif-k3-r4.2-v18000-c75600-S420719158-080.cnf.xz
0346be00d2d7d3393d134d8be1138c45 /nfs/share/instances/gbd/cnf/0346be00d2d7d3393d134d8be1138c45-unif-k5-r21.117-v450-c9503-S1476844462704965621.cnf.xz
03475e329b9fbc8246a09a4f888f9023 /nfs/share/instances/gbd/cnf/03475e329b9fbc8246a09a4f888f9023-unif-k5-r19.6-v250000-c4900000-S1619500311433205587.cnf.xz
0350d0a0f0922b1184d3183ae3d58f4b /nfs/share/instances/gbd/cnf/0350d0a0f0922b1184d3183ae3d58f4b-50-120034.cnf.xz
0358188e041daccdd2fad07e1188f28c /nfs/share/instances/gbd/cnf/0358188e041daccdd2fad07e1188f28c-unif-k7-r87.79-v160-c14046-S4995813892174227007.cnf.xz
0359596347daa117da50950748bc06d1 /nfs/share/instances/gbd/cnf/0359596347daa117da50950748bc06d1-j3037_9_rggt_bm1.cnf.xz
035c200bbf0a783e4ec9656cfa9b2f68 /nfs/share/instances/gbd/cnf/035c200bbf0a783e4ec9656cfa9b2f68-vmpc_34.shuffled-as.sat05-1958-sc2005.cnf.xz
035c23ef8339c6d16ecd45601af8a589 /nfs/share/instances/gbd/cnf/035c23ef8339c6d16ecd45601af8a589-bench_3557.smt2.cnf.xz
036126151ea302c37e340f6552777678 /nfs/share/instances/gbd/cnf/036126151ea302c37e340f6552777678-56-131796.cnf.xz
03645a35cda06bab02dd280017fa8c3f /nfs/share/instances/gbd/cnf/03645a35cda06bab02dd280017fa8c3f-unif-c1350-v300-s53580470.cnf.xz
0365db8065a89550e1ba73d86ec48cc2 /nfs/share/instances/gbd/cnf/0365db8065a89550e1ba73d86ec48cc2-4col240_9_9.shuffled.cnf.xz
0369497a41c3914b796cb81e64dd2e55 /nfs/share/instances/gbd/cnf/0369497a41c3914b796cb81e64dd2e55-abw-X-can__715.mtx-w100.cnf.xz
0369d8788498fe92e8337f326a929367 /nfs/share/instances/gbd/cnf/0369d8788498fe92e8337f326a929367-okgen-c1720-v400-s1439218648-1439218648.cnf.xz
036b541db9d0839b0591d408ff4f77ae /nfs/share/instances/gbd/cnf/036b541db9d0839b0591d408ff4f77ae-aes_decry_2_rounds.debugged.cnf.xz
036bb9f40335cf9c6bb167e8c3703926 /nfs/share/instances/gbd/cnf/036bb9f40335cf9c6bb167e8c3703926-gencnf-k7-r88.7-v97-c8603-03-S1950555695.shuffled-as.sat03-1790.cnf.xz
036bbc647cdc27d4ca455cd3cf311262 /nfs/share/instances/gbd/cnf/036bbc647cdc27d4ca455cd3cf311262-45-104555.cnf.xz
037030471a83c04cf17c7cdbc8236e83 /nfs/share/instances/gbd/cnf/037030471a83c04cf17c7cdbc8236e83-OKgenerator_s0=32s1=31n=160l=7cp=13600-Dnr0=0nr1=1-o.shuffled-as.sat05-1607.cnf.xz
0379936c75c225f1a9a113762b019da6 /nfs/share/instances/gbd/cnf/0379936c75c225f1a9a113762b019da6-AProVE09-17.cnf.xz
037a2d470c1c9727d55d5d947dd8394c /nfs/share/instances/gbd/cnf/037a2d470c1c9727d55d5d947dd8394c-41-118071.cnf.xz
037a652d6e4bea27881073be25176934 /nfs/share/instances/gbd/cnf/037a652d6e4bea27881073be25176934-pyhala-braun-sat-35-4-03.shuffled.cnf.xz
037c423f56548082b1935e88c48ffdda /nfs/share/instances/gbd/cnf/037c423f56548082b1935e88c48ffdda-3col120_5_2.shuffled.cnf.xz
037cdc23d5ce303ee466680f4fdfe1fc /nfs/share/instances/gbd/cnf/037cdc23d5ce303ee466680f4fdfe1fc-57-127226.cnf.xz
037d21e060a2e3eab8b080aa84ceee75 /nfs/share/instances/gbd/cnf/037d21e060a2e3eab8b080aa84ceee75-mm-1x10-10-10-sb.1.shuffled-as.sat03-1489.cnf.xz
0380d80ca292251e5afcf16c65707eb5 /nfs/share/instances/gbd/cnf/0380d80ca292251e5afcf16c65707eb5-55-91443.cnf.xz
0381d8662f1fbc50581c54921a178b0a /nfs/share/instances/gbd/cnf/0381d8662f1fbc50581c54921a178b0a-fdmus_b15_337.cnf.xz
03873e44115e30db6c3ccc2941c14101 /nfs/share/instances/gbd/cnf/03873e44115e30db6c3ccc2941c14101-44-107977.cnf.xz
0389d1800e05f1ef2e60e640b86279d9 /nfs/share/instances/gbd/cnf/0389d1800e05f1ef2e60e640b86279d9-45-115206.cnf.xz
038b307ca27d32bbf2535bc7fbae82b3 /nfs/share/instances/gbd/cnf/038b307ca27d32bbf2535bc7fbae82b3-unif-k3-r4.26-v450-c1917-S1910317962-059.UNKNOWN.cnf.xz
0391a7be47a1d4f1bf2180cffea667b1 /nfs/share/instances/gbd/cnf/0391a7be47a1d4f1bf2180cffea667b1-unif-k5-r21.3-v100-c2130-S2051088205-036.UNKNOWN.cnf.xz
039378621dce8907fe5286ce965cce5c /nfs/share/instances/gbd/cnf/039378621dce8907fe5286ce965cce5c-stone-width3chain-nmarkers-14_shuffled.cnf.xz
0393ff33cb3cade4b83e0b5bd60996a4 /nfs/share/instances/gbd/cnf/0393ff33cb3cade4b83e0b5bd60996a4-55-101400.cnf.xz
03942ae21753e7dead072ab1f6c1c3b1 /nfs/share/instances/gbd/cnf/03942ae21753e7dead072ab1f6c1c3b1-fdmus_b22_502.cnf.xz
03980ada4055f6198fcd7ee52bb220f1 /nfs/share/instances/gbd/cnf/03980ada4055f6198fcd7ee52bb220f1-SAT_MS_opt_termes_p18.pddl_76.cnf.xz
0398e6b20de133ba8b49c74b67dad7b7 /nfs/share/instances/gbd/cnf/0398e6b20de133ba8b49c74b67dad7b7-6s133-sc2014.cnf.xz
039b45f4a3979c9176b115bb8e88342f /nfs/share/instances/gbd/cnf/039b45f4a3979c9176b115bb8e88342f-genurq8Sat.shuffled-as.sat03-1514.cnf.xz
039c2bf64eab47d423b7740f3863bc49 /nfs/share/instances/gbd/cnf/039c2bf64eab47d423b7740f3863bc49-55-66682.cnf.xz
039d09672019a346c710ba7d49c4f91b /nfs/share/instances/gbd/cnf/039d09672019a346c710ba7d49c4f91b-bench_14734.smt2.cnf.xz
039f5e361b0d24319e37e08dbc07e50d /nfs/share/instances/gbd/cnf/039f5e361b0d24319e37e08dbc07e50d-bench_14466.smt2.cnf.xz
03a1a18521814692f56a8ecbea0031d4 /nfs/share/instances/gbd/cnf/03a1a18521814692f56a8ecbea0031d4-ablmulub2x32o-sc2016.cnf.xz
03a1ada3e778fcec8a7ee0c9e685d4be /nfs/share/instances/gbd/cnf/03a1ada3e778fcec8a7ee0c9e685d4be-connm-ue-csp-sat-n1200-d-0.02-s1528687777.used-as.sat04-953.cnf.xz
03a43a7ea55217f53542ed3f029963af /nfs/share/instances/gbd/cnf/03a43a7ea55217f53542ed3f029963af-satch2ways16w.cnf.xz
03a4cfbba1ef7eafe2b4f01e444c411f /nfs/share/instances/gbd/cnf/03a4cfbba1ef7eafe2b4f01e444c411f-52-121592.cnf.xz
03a6f26e998c764c46c97dd9778036a1 /nfs/share/instances/gbd/cnf/03a6f26e998c764c46c97dd9778036a1-bench_11820.smt2.cnf.xz
03ae7447931228f49a3eec4f2f8fe9a9 /nfs/share/instances/gbd/cnf/03ae7447931228f49a3eec4f2f8fe9a9-46-138339.cnf.xz
03b08ff6f932aa7c6597059061c5fc6c /nfs/share/instances/gbd/cnf/03b08ff6f932aa7c6597059061c5fc6c-60-124247.cnf.xz
03b0e7b608a5f1052c1cdb58ffc69262 /nfs/share/instances/gbd/cnf/03b0e7b608a5f1052c1cdb58ffc69262-VS3-benchmark-S2.smt2.cnf.xz
03b297cfd24f7fffb743780ef9578886 /nfs/share/instances/gbd/cnf/03b297cfd24f7fffb743780ef9578886-48-119936.cnf.xz
03b75ba4f3a1bdcc58c89e6846eecaab /nfs/share/instances/gbd/cnf/03b75ba4f3a1bdcc58c89e6846eecaab-x2_128.shuffled-as.sat03-1598.cnf.xz
03ba29d5cb38d345357a74a7b5ccd759 /nfs/share/instances/gbd/cnf/03ba29d5cb38d345357a74a7b5ccd759-20-100-lambda100-49_sat.cnf.xz
03bb7baaa45980753a0e7050ae44755d /nfs/share/instances/gbd/cnf/03bb7baaa45980753a0e7050ae44755d-atco_enc3_opt1_03_53.cnf.xz
03c41956324a467d4f265ee58af51f25 /nfs/share/instances/gbd/cnf/03c41956324a467d4f265ee58af51f25-46-108515.cnf.xz
03c44a93577c98119dc498053888937a /nfs/share/instances/gbd/cnf/03c44a93577c98119dc498053888937a-ctl_4291_567_1_unsat_pre.cnf.xz
03c5fef8cb8957ecf687548c8d504d10 /nfs/share/instances/gbd/cnf/03c5fef8cb8957ecf687548c8d504d10-SGI_30_80_21_90_2-log.shuffled-as.sat03-198.cnf.xz
03c6170c9b8917706b0ad0a28400d195 /nfs/share/instances/gbd/cnf/03c6170c9b8917706b0ad0a28400d195-bench_12734.smt2.cnf.xz
03c7c131fc68f902620c24f5f28cd179 /nfs/share/instances/gbd/cnf/03c7c131fc68f902620c24f5f28cd179-hidden-k3-s0-r4-n500-03-S1575402861.shuffled-as.sat03-947.cnf.xz
03c8a9ffce923a8cb3452f18d371eacf /nfs/share/instances/gbd/cnf/03c8a9ffce923a8cb3452f18d371eacf-rook-55-0-1.cnf.xz
03cb9868146a1c420ba8e3b1b08865b8 /nfs/share/instances/gbd/cnf/03cb9868146a1c420ba8e3b1b08865b8-3col300_5_2.shuffled.cnf.xz
03cd587fe1f5eb6c6c10ede767571241 /nfs/share/instances/gbd/cnf/03cd587fe1f5eb6c6c10ede767571241-56-115132.cnf.xz
03cf322e6530ef37b455bafbf451bd77 /nfs/share/instances/gbd/cnf/03cf322e6530ef37b455bafbf451bd77-52-136597.cnf.xz
03d1940f76051f548ee86eb71a38ff14 /nfs/share/instances/gbd/cnf/03d1940f76051f548ee86eb71a38ff14-51-85848.cnf.xz
03d1d6df36fdec5be7b60e6f0cd382f7 /nfs/share/instances/gbd/cnf/03d1d6df36fdec5be7b60e6f0cd382f7-3col280_5_8.shuffled.cnf.xz
03d74bc7a2c848e5f834eb31bc6c839e /nfs/share/instances/gbd/cnf/03d74bc7a2c848e5f834eb31bc6c839e-45-109231.cnf.xz
03d8064f3be30daecf2ffe4c54361e61 /nfs/share/instances/gbd/cnf/03d8064f3be30daecf2ffe4c54361e61-edges-025-4-7932777-1-00.cnf.xz
03d93f5c0378205e17260e16e463ac67 /nfs/share/instances/gbd/cnf/03d93f5c0378205e17260e16e463ac67-TimetableCNFEncoding_5_UNKNOWN-sc2018.cnf.xz
03d9b7f7c619fdf000a1ba5eab146379 /nfs/share/instances/gbd/cnf/03d9b7f7c619fdf000a1ba5eab146379-unif-k5-r20.275-v1280-c25952-S2572867284453527358.cnf.xz
03de316ba1e90305471a3b8620cb9cd7 /nfs/share/instances/gbd/cnf/03de316ba1e90305471a3b8620cb9cd7-satsgi-n23himBHm26-p0-q248.cnf.xz
03deea471ff6f90e6b7519407f8b2056 /nfs/share/instances/gbd/cnf/03deea471ff6f90e6b7519407f8b2056-unif-k3-r4.267-v2000-c8534-S6517632358926225970.cnf.xz
03e1a95e608657462464d0a748428d34 /nfs/share/instances/gbd/cnf/03e1a95e608657462464d0a748428d34-43-100732.cnf.xz
03e399326b5d3dc202cdc3a9fb1b71f0 /nfs/share/instances/gbd/cnf/03e399326b5d3dc202cdc3a9fb1b71f0-bench_317.smt2.cnf.xz
03e3afdc2972da43f4549ba405ff2da4 /nfs/share/instances/gbd/cnf/03e3afdc2972da43f4549ba405ff2da4-OKgenerator_s0=32s1=19n=200l=7cp=17000-Dnr0=0nr1=6-o.shuffled-as.sat05-1625.cnf.xz
03e7f2c151ed62ad925ac241e4e1d792 /nfs/share/instances/gbd/cnf/03e7f2c151ed62ad925ac241e4e1d792-ps_200_318_70.cnf.xz
03e906525c3ec52373157721a7ebba48 /nfs/share/instances/gbd/cnf/03e906525c3ec52373157721a7ebba48-60-128746.cnf.xz
03e9d1abe418a1727bbf2ead77d69d02 /nfs/share/instances/gbd/cnf/03e9d1abe418a1727bbf2ead77d69d02-php15-mixed-15percent-blocked.cnf.xz
03f06674e02ef12873c8f4e542c5c805 /nfs/share/instances/gbd/cnf/03f06674e02ef12873c8f4e542c5c805-unif-k6-r43.37-v221-c9585-S8514517535383564143.cnf.xz
03f08e458eea1ef5ce14661c8a7bdc60 /nfs/share/instances/gbd/cnf/03f08e458eea1ef5ce14661c8a7bdc60-unif-k5-r20-v800-c16000-S409844453-15.cnf.xz
03f25e67e52baf9fb1e782026d46c8a8 /nfs/share/instances/gbd/cnf/03f25e67e52baf9fb1e782026d46c8a8-rope_0003.shuffled.cnf.xz
03f59ceb6fc1c1825ab604d526620a54 /nfs/share/instances/gbd/cnf/03f59ceb6fc1c1825ab604d526620a54-54-104847.cnf.xz
03f8fb3e8459ebb1e526bedde7a121a7 /nfs/share/instances/gbd/cnf/03f8fb3e8459ebb1e526bedde7a121a7-unif-k3-r4.267-v10600-c45230-S2625238104773554105.cnf.xz
03fb9af7b390fe9e0739150ca3410cf0 /nfs/share/instances/gbd/cnf/03fb9af7b390fe9e0739150ca3410cf0-4g_5color_166_100_02.cnf.xz
04017562bd59e5a511debb2fd6051f62 /nfs/share/instances/gbd/cnf/04017562bd59e5a511debb2fd6051f62-x9-08063.sat.sanitized.cnf.xz
0403cb413f30fe0fac6ae792a93364c9 /nfs/share/instances/gbd/cnf/0403cb413f30fe0fac6ae792a93364c9-unif-k7-r86.116-v160-c13779-S7006661258521488985.cnf.xz
04071576275e4113b60c21601b364345 /nfs/share/instances/gbd/cnf/04071576275e4113b60c21601b364345-marg2x5.shuffled-as.sat03-1443.cnf.xz
04091a59646a7e0f1c64c57c26d3d91e /nfs/share/instances/gbd/cnf/04091a59646a7e0f1c64c57c26d3d91e-barrel5.cnf.xz
040dbf7981a3ede37ecc00548fdede93 /nfs/share/instances/gbd/cnf/040dbf7981a3ede37ecc00548fdede93-41-106096.cnf.xz
040e4bdb9f4b0f58d3ec4d2f869363f4 /nfs/share/instances/gbd/cnf/040e4bdb9f4b0f58d3ec4d2f869363f4-sha1__zeroOut_09__freeIn_13__seed_1.cnf.xz
04121bd92efc49da7b54943da62c993f /nfs/share/instances/gbd/cnf/04121bd92efc49da7b54943da62c993f-42-133298.cnf.xz
04121f3fbe313b7046c9f54ac1e26c75 /nfs/share/instances/gbd/cnf/04121f3fbe313b7046c9f54ac1e26c75-mod3block_2vars_9gates_u2_autoenc.cnf.xz
0412f6f3174dfc4c27ad0b61280cd739 /nfs/share/instances/gbd/cnf/0412f6f3174dfc4c27ad0b61280cd739-SGI_30_40_30_20_2-dir.shuffled-as.sat05-442.cnf.xz
04157f716c1e9606c6a530657bf8f957 /nfs/share/instances/gbd/cnf/04157f716c1e9606c6a530657bf8f957-Kakuro-easy-125-ext.xml.hg_4.cnf.xz
0415acae197134f9d1cd7bea5ac3f2fd /nfs/share/instances/gbd/cnf/0415acae197134f9d1cd7bea5ac3f2fd-jgiraldezlevy.2200.9086.08.40.136.cnf.xz
04166b0a94fb2e4da58436ea480e2586 /nfs/share/instances/gbd/cnf/04166b0a94fb2e4da58436ea480e2586-unif-k7-r85.0-v200-c17000-S3213321906544472845.cnf.xz
041699620802b7ed905f93976ae60bef /nfs/share/instances/gbd/cnf/041699620802b7ed905f93976ae60bef-longmult9.cnf.xz
041a4e925fd664bf8e2e41b8eb9f2840 /nfs/share/instances/gbd/cnf/041a4e925fd664bf8e2e41b8eb9f2840-unif-k4-r9.931-v1650-c16386-S53884124957771982.cnf.xz
041aa7c18006a2f33e5c5ec83eb08505 /nfs/share/instances/gbd/cnf/041aa7c18006a2f33e5c5ec83eb08505-unif-k3-r4.2-v16000-c67200-S1726986756-053.cnf.xz
041afddade3479f2b9ebe3f5cf390c7e /nfs/share/instances/gbd/cnf/041afddade3479f2b9ebe3f5cf390c7e-57-106276.cnf.xz
041bf8c064b4f6f8fabcd2a9793b8c7b /nfs/share/instances/gbd/cnf/041bf8c064b4f6f8fabcd2a9793b8c7b-WS_400_24_70_10.apx_2_DS-ST.cnf.xz
041df0acc65530f7e1e628130c3d411d /nfs/share/instances/gbd/cnf/041df0acc65530f7e1e628130c3d411d-52-89557.cnf.xz
041dfae4c5f8679c1b54f1fb3b8cb0f5 /nfs/share/instances/gbd/cnf/041dfae4c5f8679c1b54f1fb3b8cb0f5-bench_186.smt2.cnf.xz
041e654adaeb51d241eafd1e29a5fbfb /nfs/share/instances/gbd/cnf/041e654adaeb51d241eafd1e29a5fbfb-brocard_problem.cnf.xz
041ef0a56340a623c38e6b9012933624 /nfs/share/instances/gbd/cnf/041ef0a56340a623c38e6b9012933624-shuffling-2-s554396412-of-bench-sat04-318.used-as.sat04-598.cnf.xz
041f5fd5d1c9ae9f0ba37a745b5dfd23 /nfs/share/instances/gbd/cnf/041f5fd5d1c9ae9f0ba37a745b5dfd23-bench_4972.smt2.cnf.xz
041f974b7b2e24ffbc50eda1bb04f917 /nfs/share/instances/gbd/cnf/041f974b7b2e24ffbc50eda1bb04f917-bench_16550.smt2.cnf.xz
0421d8c1dec913b76dc72d781a864a80 /nfs/share/instances/gbd/cnf/0421d8c1dec913b76dc72d781a864a80-dead-dnd006.shuffled-as.sat05-3112.cnf.xz
0422d43dc86ee9111d46c1a10992ea29 /nfs/share/instances/gbd/cnf/0422d43dc86ee9111d46c1a10992ea29-unif-k3-r4.267-v2000-c8534-S8847153303408088700.cnf.xz
04282eb8fedd703fb176b37c5d037a0c /nfs/share/instances/gbd/cnf/04282eb8fedd703fb176b37c5d037a0c-49-69428.cnf.xz
04283728b84c4b0ff6cb44ca4bc4ab65 /nfs/share/instances/gbd/cnf/04283728b84c4b0ff6cb44ca4bc4ab65-new-difficult-28-302-26-75.cnf.xz
042846b7b23a617ad1730e9eb2dbdceb /nfs/share/instances/gbd/cnf/042846b7b23a617ad1730e9eb2dbdceb-ctl_4291_567_9_unsat_pre.cnf.xz
04296c034b9b888599263926aab8ddc8 /nfs/share/instances/gbd/cnf/04296c034b9b888599263926aab8ddc8-fla-komb-520-2.cnf.xz
042b503bc444d79e1593cbdc73d18c96 /nfs/share/instances/gbd/cnf/042b503bc444d79e1593cbdc73d18c96-42-112322.cnf.xz
042cdc726a92bf0a2195b3b426f35bce /nfs/share/instances/gbd/cnf/042cdc726a92bf0a2195b3b426f35bce-reconf20_50_grid10_1_6141.cnf.xz
0430dd41069c93d385b767e768c1095f /nfs/share/instances/gbd/cnf/0430dd41069c93d385b767e768c1095f-unif-k5-r21.3-v90-c1917-S1329819842-01.UNSAT.shuffled.cnf.xz
04327b18171b43ff06586707499b97fc /nfs/share/instances/gbd/cnf/04327b18171b43ff06586707499b97fc-hypercube4.shuffled-as.sat03-1434.cnf.xz
0436f8cdece0f293915bbc6d711f6850 /nfs/share/instances/gbd/cnf/0436f8cdece0f293915bbc6d711f6850-48-121614.cnf.xz
043c40bb7bdb3a2eccb3eb0b79f47cab /nfs/share/instances/gbd/cnf/043c40bb7bdb3a2eccb3eb0b79f47cab-okgen-c1600-v400-s92024501-92024501.cnf.xz
043cdbde77d0a494be264ee322847809 /nfs/share/instances/gbd/cnf/043cdbde77d0a494be264ee322847809-49-135688.cnf.xz
043ddf84451e8b1a50f3f5662897e385 /nfs/share/instances/gbd/cnf/043ddf84451e8b1a50f3f5662897e385-okgen-c900-v450-s297055419-297055419.cnf.xz
043f806db615f7a138d4beffe3367c1a /nfs/share/instances/gbd/cnf/043f806db615f7a138d4beffe3367c1a-frb45-21-1.used-as.sat04-883.cnf.xz
04411a580ede5fd258d84ce872b5f53b /nfs/share/instances/gbd/cnf/04411a580ede5fd258d84ce872b5f53b-EDP3-50000.cnf.xz
0443c64d68e48da7bd100c03c82c0c4b /nfs/share/instances/gbd/cnf/0443c64d68e48da7bd100c03c82c0c4b-50-129545.cnf.xz
0445a4d6be24882bac0988a055e7f379 /nfs/share/instances/gbd/cnf/0445a4d6be24882bac0988a055e7f379-unsat-set-a-fclqcolor-20-13-14.sat05-1278.reshuffled-07-sc2007.cnf.xz
0445e60a23b32e2adc07e34ec3f5dbf4 /nfs/share/instances/gbd/cnf/0445e60a23b32e2adc07e34ec3f5dbf4-unif-r4.25-v500-c2125-07-S37132789.used-as.sat04-57.cnf.xz
0447371bb8a97e8fe5d3cee6de1db766 /nfs/share/instances/gbd/cnf/0447371bb8a97e8fe5d3cee6de1db766-UTI-20-10p0-sc2009.cnf.xz
0449da0fb33b7ed1f7b7f0e2924cfb14 /nfs/share/instances/gbd/cnf/0449da0fb33b7ed1f7b7f0e2924cfb14-abw-V-nos6.mtx-w235.cnf.xz
044a4186f6873d19008743aa0dfd004d /nfs/share/instances/gbd/cnf/044a4186f6873d19008743aa0dfd004d-56-137908.cnf.xz
044a95f1445afa3e02a258417ab90ab9 /nfs/share/instances/gbd/cnf/044a95f1445afa3e02a258417ab90ab9-unif-k5-r20-v1500-c30000-S1793954886-065-UNKNOWN.cnf.xz
044d27388c142e8e47812d9518e01b2f /nfs/share/instances/gbd/cnf/044d27388c142e8e47812d9518e01b2f-shuffling-2-s2123257475-of-bench-sat04-327.used-as.sat04-589.cnf.xz
044eced3d5aac22e0f34ad02071132f7 /nfs/share/instances/gbd/cnf/044eced3d5aac22e0f34ad02071132f7-Q32inK10.cnf.xz
045182d177d3f95d7cfef1205d609f37 /nfs/share/instances/gbd/cnf/045182d177d3f95d7cfef1205d609f37-bench_1608.smt2.cnf.xz
045490bc2ea6b39133e367e0d5985ec6 /nfs/share/instances/gbd/cnf/045490bc2ea6b39133e367e0d5985ec6-bench_1177.smt2.cnf.xz
04557a22f623dcbae86173fced057c99 /nfs/share/instances/gbd/cnf/04557a22f623dcbae86173fced057c99-baseballcover14with25.cnf.xz
045613366353b062992e68937ca53edf /nfs/share/instances/gbd/cnf/045613366353b062992e68937ca53edf-mrpp_6x6#14_12.cnf.xz
0458851a021830f297e5dc3418ece838 /nfs/share/instances/gbd/cnf/0458851a021830f297e5dc3418ece838-g2-T96.1.1.cnf.xz
045941155fcb708d6d80e421c87c2abf /nfs/share/instances/gbd/cnf/045941155fcb708d6d80e421c87c2abf-bench_17892.smt2.cnf.xz
0459bb2e18a01e6f3f305dc8be7040bc /nfs/share/instances/gbd/cnf/0459bb2e18a01e6f3f305dc8be7040bc-unif-k7-r85-v160-c13600-S2043900701-05.cnf.xz
045e3c00486daba698458469f773f700 /nfs/share/instances/gbd/cnf/045e3c00486daba698458469f773f700-55-125283.cnf.xz
045eeffb8750ff847de87bc37f922c02 /nfs/share/instances/gbd/cnf/045eeffb8750ff847de87bc37f922c02-sha256__zeroOut_13__freeIn_17__seed_2.cnf.xz
046027fd1061d32ad6cba9174f9f37c8 /nfs/share/instances/gbd/cnf/046027fd1061d32ad6cba9174f9f37c8-52-130527.cnf.xz
04619a36750d6e3e9f34e433e9a0cedc /nfs/share/instances/gbd/cnf/04619a36750d6e3e9f34e433e9a0cedc-DivU_591_10.cnf.sanitized.cnf.xz
0461c116d94becf63a1c41b320f6eea3 /nfs/share/instances/gbd/cnf/0461c116d94becf63a1c41b320f6eea3-unif-k6-r43.37-v81-c3513-S2165463424612289288.cnf.xz
0462a0427297f8979588174b502bd044 /nfs/share/instances/gbd/cnf/0462a0427297f8979588174b502bd044-mod2c-rand3bip-sat-230-1.shuffled-as.sat05-2503.cnf.xz
0463b72200ae80c02835c027d3606c4e /nfs/share/instances/gbd/cnf/0463b72200ae80c02835c027d3606c4e-battleship-13-25-sat.cnf.xz
0464c7eea603a1169b0d74903226ee9c /nfs/share/instances/gbd/cnf/0464c7eea603a1169b0d74903226ee9c-51-20020.cnf.xz
04674c7c9520c7edc0426b820f837726 /nfs/share/instances/gbd/cnf/04674c7c9520c7edc0426b820f837726-hwb-n30-01-S682466202.shuffled-as.sat03-1632.cnf.xz
0467f94ce29392897b1c964f6557ce46 /nfs/share/instances/gbd/cnf/0467f94ce29392897b1c964f6557ce46-fdmus_b22_627.cnf.xz
047566aaff65b42f2d1e89e0e1fc957f /nfs/share/instances/gbd/cnf/047566aaff65b42f2d1e89e0e1fc957f-fdmus_b22_375.cnf.xz
04782106e70a3e200feb487e5dfd826b /nfs/share/instances/gbd/cnf/04782106e70a3e200feb487e5dfd826b-unif-k6-r43.37-v270-c11710-S8899439977305235018.cnf.xz
0478f201a06ab2219542330f36a3698c /nfs/share/instances/gbd/cnf/0478f201a06ab2219542330f36a3698c-41-103062.cnf.xz
047a18e21c771877710468a88576cf29 /nfs/share/instances/gbd/cnf/047a18e21c771877710468a88576cf29-simon-mixed-s02bis-01.cnf.xz
047a24a20dcf32612975fff862a229dd /nfs/share/instances/gbd/cnf/047a24a20dcf32612975fff862a229dd-49-132820.cnf.xz
047c92e7c0a36a23d8107f4313517719 /nfs/share/instances/gbd/cnf/047c92e7c0a36a23d8107f4313517719-rubikcube701-sc2017.cnf.xz
047fbe00ecc60835f1ee9d458bbd7ee8 /nfs/share/instances/gbd/cnf/047fbe00ecc60835f1ee9d458bbd7ee8-SAT_H_instances_childsnack_p06.hddl_2.cnf.xz
0480133b8911f6e9c3b4bb2755327649 /nfs/share/instances/gbd/cnf/0480133b8911f6e9c3b4bb2755327649-unif-r4.5-v500-c2250-03-S1518674119.shuffled-as.sat03-1127.cnf.xz
048142b6048cb6c10415e08f68a2c3a3 /nfs/share/instances/gbd/cnf/048142b6048cb6c10415e08f68a2c3a3-GP_81_430_13.cnf.xz
04823801df6304e0fd0f36b9f956c2dc /nfs/share/instances/gbd/cnf/04823801df6304e0fd0f36b9f956c2dc-unif-k7-r87.79-v154-c13520-S6707779930891676684.cnf.xz
04842030167d0508d3e42d8f0dda29e0 /nfs/share/instances/gbd/cnf/04842030167d0508d3e42d8f0dda29e0-bench_3169.smt2.cnf.xz
0488830078c4a680d8014bbff36deeb1 /nfs/share/instances/gbd/cnf/0488830078c4a680d8014bbff36deeb1-45-91862.cnf.xz
04897f61ac34d82804d57aa07322a400 /nfs/share/instances/gbd/cnf/04897f61ac34d82804d57aa07322a400-52-137968.cnf.xz
04898b587aa76d7625bdfe23fd8a1a0a /nfs/share/instances/gbd/cnf/04898b587aa76d7625bdfe23fd8a1a0a-bench_10000.smt2.cnf.xz
048a70da40ea4908c783b8314be2da97 /nfs/share/instances/gbd/cnf/048a70da40ea4908c783b8314be2da97-aes_32_2_keyfind_1.cnf.xz
048ddbb09453a83d40fa85110d0958f3 /nfs/share/instances/gbd/cnf/048ddbb09453a83d40fa85110d0958f3-okgen-c1912-v450-s1189481636-1189481636.cnf.xz
048e257d6d04d3d17f6547ca07fedd76 /nfs/share/instances/gbd/cnf/048e257d6d04d3d17f6547ca07fedd76-unif-c2800-v700-s1462454127.cnf.xz
049072033960eab882a3b0933d414f36 /nfs/share/instances/gbd/cnf/049072033960eab882a3b0933d414f36-rbcl_xits_08_UNSAT.cnf.xz
04909da47036ae2ccf4fd8d025b83344 /nfs/share/instances/gbd/cnf/04909da47036ae2ccf4fd8d025b83344-glassy-v450-s325799114.cnf.xz
0491901f00c8663e5b49a0dbbf96412f /nfs/share/instances/gbd/cnf/0491901f00c8663e5b49a0dbbf96412f-rbsat-v945c61409g4.cnf.xz
04929ae99a2b834405a1db90e2747245 /nfs/share/instances/gbd/cnf/04929ae99a2b834405a1db90e2747245-x9-04045.sat.sanitized.cnf.xz
04935c7718d4ada8516e0d99c46df41b /nfs/share/instances/gbd/cnf/04935c7718d4ada8516e0d99c46df41b-g2-newton.8.3.i.smt2-cvc4.cnf.xz
0494c37fc0ae2de1550eea216cfc1752 /nfs/share/instances/gbd/cnf/0494c37fc0ae2de1550eea216cfc1752-59-121619.cnf.xz
04956720311452f8ad4bc3d771fdfbc0 /nfs/share/instances/gbd/cnf/04956720311452f8ad4bc3d771fdfbc0-manol-pipe-c6nidw.cnf.xz
049775f8bfc13fefc68f086cd3667df4 /nfs/share/instances/gbd/cnf/049775f8bfc13fefc68f086cd3667df4-44-89079.cnf.xz
0498569a656eb22b361a106e0cecff9b /nfs/share/instances/gbd/cnf/0498569a656eb22b361a106e0cecff9b-58-115310.cnf.xz
04992f0208bb60792163c32fbc207165 /nfs/share/instances/gbd/cnf/04992f0208bb60792163c32fbc207165-x9-06012.sat.sanitized.cnf.xz
049a5615101bbe36f025a7b87d3c7360 /nfs/share/instances/gbd/cnf/049a5615101bbe36f025a7b87d3c7360-46-107987.cnf.xz
049ddd5ace159bd3d3363c9c36217d6d /nfs/share/instances/gbd/cnf/049ddd5ace159bd3d3363c9c36217d6d-52-126461.cnf.xz
049df9eac33b5770ea20ec1f022f0173 /nfs/share/instances/gbd/cnf/049df9eac33b5770ea20ec1f022f0173-OKgenerator_s0=32s1=29n=500l=5cp=10000-Dnr0=0nr1=6-o.shuffled-as.sat05-1539.cnf.xz
04a05b619dfddaebbe864e7b94e108c1 /nfs/share/instances/gbd/cnf/04a05b619dfddaebbe864e7b94e108c1-okgen-c1890-v450-s1447162195-1447162195.cnf.xz
04a0b133fe5760af8a58451053673fc9 /nfs/share/instances/gbd/cnf/04a0b133fe5760af8a58451053673fc9-x9-06092.sat.sanitized.cnf.xz
04a3e6aed6697c05b23934f51e9d5321 /nfs/share/instances/gbd/cnf/04a3e6aed6697c05b23934f51e9d5321-fdmus_b21_413.cnf.xz
04a7b805cf12ae898f723b735fa959df /nfs/share/instances/gbd/cnf/04a7b805cf12ae898f723b735fa959df-satch2ways10u.cnf.xz
04a97eb41fd59e3495641ea2442177c9 /nfs/share/instances/gbd/cnf/04a97eb41fd59e3495641ea2442177c9-E07F15.cnf.xz
04aa3db794a4a1129b037aac393e0bb5 /nfs/share/instances/gbd/cnf/04aa3db794a4a1129b037aac393e0bb5-5cnf_4100_4100_50f1.shuffled.cnf.xz
04aac627660a42b5661595b06de9685f /nfs/share/instances/gbd/cnf/04aac627660a42b5661595b06de9685f-x9-12038.sat.sanitized.cnf.xz
04afde06992c1171bbcac67b3b58c53c /nfs/share/instances/gbd/cnf/04afde06992c1171bbcac67b3b58c53c-58-120285.cnf.xz
04b111df3a3747388e923ae5252c9f4d /nfs/share/instances/gbd/cnf/04b111df3a3747388e923ae5252c9f4d-25_0.cnf.xz
04b1f0add9aaef195413ca4c03ea58ba /nfs/share/instances/gbd/cnf/04b1f0add9aaef195413ca4c03ea58ba-46-98049.cnf.xz
04b21b20b0f2aca4b886eb7832b6b0e8 /nfs/share/instances/gbd/cnf/04b21b20b0f2aca4b886eb7832b6b0e8-5col180_15_3.shuffled.cnf.xz
04b2a7f442ed1b15439d0678ce902d6f /nfs/share/instances/gbd/cnf/04b2a7f442ed1b15439d0678ce902d6f-f2clk_40.shuffled.cnf.xz
04b4dfec9afb6529764a94d1cea16abb /nfs/share/instances/gbd/cnf/04b4dfec9afb6529764a94d1cea16abb-ca004.shuffled.cnf.xz
04b58fb62b01369ce326152f7c7416e9 /nfs/share/instances/gbd/cnf/04b58fb62b01369ce326152f7c7416e9-57-132304.cnf.xz
04b88891edf088b990a3b3b81763efdd /nfs/share/instances/gbd/cnf/04b88891edf088b990a3b3b81763efdd-43-115479.cnf.xz
04b9913aca917f957c43cd4d07e5785d /nfs/share/instances/gbd/cnf/04b9913aca917f957c43cd4d07e5785d-bench_2589.smt2.cnf.xz
04c03de21b275b4e5e9f5882bf2c5ec1 /nfs/share/instances/gbd/cnf/04c03de21b275b4e5e9f5882bf2c5ec1-unif-k4-r9.526-v4800-c45725-S7954665678349027228.cnf.xz
04c045b6ea95a35e248f3c5fa17e4c56 /nfs/share/instances/gbd/cnf/04c045b6ea95a35e248f3c5fa17e4c56-Urquhart-s3-b6.shuffled-as.sat03-1558.cnf.xz
04d00ada667e60a3153fb811809d7e34 /nfs/share/instances/gbd/cnf/04d00ada667e60a3153fb811809d7e34-49-118946.cnf.xz
04d0ae28e10d4a35ebab62f42f0200e8 /nfs/share/instances/gbd/cnf/04d0ae28e10d4a35ebab62f42f0200e8-168.smt2.cnf.xz
04d1b01eb1d69df1e9951f5243295833 /nfs/share/instances/gbd/cnf/04d1b01eb1d69df1e9951f5243295833-unif-k7-r85-v220-c18700-S41627158-13.cnf.xz
04d22a87377168b4bae34b530adee132 /nfs/share/instances/gbd/cnf/04d22a87377168b4bae34b530adee132-57-108842.cnf.xz
04d28cb98f3362dfcd4ab74d4bb82de3 /nfs/share/instances/gbd/cnf/04d28cb98f3362dfcd4ab74d4bb82de3-ex065_24.cnf.xz
04d2cca932a87b98ebfc7bbd0fe6ed5d /nfs/share/instances/gbd/cnf/04d2cca932a87b98ebfc7bbd0fe6ed5d-safe009_pso.oepc_true-unreach-call.i-cbmc-u2.cnf.xz
04d964003e9d42e6f2483e64564c1f54 /nfs/share/instances/gbd/cnf/04d964003e9d42e6f2483e64564c1f54-55-111983.cnf.xz
04d9e4c3ab38c5caa1983ac2c1263bc1 /nfs/share/instances/gbd/cnf/04d9e4c3ab38c5caa1983ac2c1263bc1-unif-k7-r70.0-v50000-c3500000-S187829520812454032.cnf.xz
04dbb417a7eeebd7ffe3199b414f4242 /nfs/share/instances/gbd/cnf/04dbb417a7eeebd7ffe3199b414f4242-Break_triple_20_90.xml.cnf.xz
04dcc4912a16549fc97d918545b68af5 /nfs/share/instances/gbd/cnf/04dcc4912a16549fc97d918545b68af5-x9-03082.sat.sanitized.cnf.xz
04dd37bd8e319df958e1e091ec60de5b /nfs/share/instances/gbd/cnf/04dd37bd8e319df958e1e091ec60de5b-gensys-icl003.shuffled-as.sat05-2715.cnf.xz
04ded94454830d4ea960327e8b91f5a3 /nfs/share/instances/gbd/cnf/04ded94454830d4ea960327e8b91f5a3-mdp-28-14-sat.cnf.xz
04dee0e90b8ce346e65a60c81f6687df /nfs/share/instances/gbd/cnf/04dee0e90b8ce346e65a60c81f6687df-54-113292.cnf.xz
04e219c640ed59dc68ea2d50493de5b5 /nfs/share/instances/gbd/cnf/04e219c640ed59dc68ea2d50493de5b5-mp1-Nb5T15.cnf.xz
04e47e6635908600ef3938b32644825a /nfs/share/instances/gbd/cnf/04e47e6635908600ef3938b32644825a-3col20_5_7.shuffled.cnf.xz
04e50bc7a121716e396dc538ab24490e /nfs/share/instances/gbd/cnf/04e50bc7a121716e396dc538ab24490e-5col120_15_5.shuffled.cnf.xz
04e54fdde41e2e623789c3f7df6d274d /nfs/share/instances/gbd/cnf/04e54fdde41e2e623789c3f7df6d274d-unif-k5-r21.3-v75-c1597-S295912653-089.UNKNOWN.cnf.xz
04e6e374423615babd4062f67a532c5e /nfs/share/instances/gbd/cnf/04e6e374423615babd4062f67a532c5e-56-115054.cnf.xz
04ed29d91e703f9ebfd81d2d4fa97103 /nfs/share/instances/gbd/cnf/04ed29d91e703f9ebfd81d2d4fa97103-50-130064.cnf.xz
04eeb39d680097817142fe4d52c0e422 /nfs/share/instances/gbd/cnf/04eeb39d680097817142fe4d52c0e422-stb_767_201.apx_2_DC-ST.cnf.xz
04ef162792ce0f1d675cf363db2fd99b /nfs/share/instances/gbd/cnf/04ef162792ce0f1d675cf363db2fd99b-VanDerWaerden_2-3-29_868.cnf.xz
04f0b56ff8811424c3f44cb7662b3faf /nfs/share/instances/gbd/cnf/04f0b56ff8811424c3f44cb7662b3faf-fla-komb-240-5.cnf.xz
04f1442bafdd6433d41588d2c2e72e0b /nfs/share/instances/gbd/cnf/04f1442bafdd6433d41588d2c2e72e0b-fla-barthel-460-3.cnf.xz
04f43bb4a4f2c193a18e7195a4fd8e41 /nfs/share/instances/gbd/cnf/04f43bb4a4f2c193a18e7195a4fd8e41-goldcrest-and-11.cnf.xz
04f542671e8167741228d22abd0303db /nfs/share/instances/gbd/cnf/04f542671e8167741228d22abd0303db-53-112431.cnf.xz
04f6dd1892f3382e8356d107ba156256 /nfs/share/instances/gbd/cnf/04f6dd1892f3382e8356d107ba156256-sp5-26-19-bin-stri-tree-noid.cnf.xz
04f7b0f8afc58d5b7be2c486c01e8164 /nfs/share/instances/gbd/cnf/04f7b0f8afc58d5b7be2c486c01e8164-unif-k7-r86.395-v150-c12959-S2296442078755672158.cnf.xz
04f7b83bdf8d56116cc9d7a659464c37 /nfs/share/instances/gbd/cnf/04f7b83bdf8d56116cc9d7a659464c37-fla-barthel-400-1.cnf.xz
04f829be98c8646b8a08aa9a7f20af10 /nfs/share/instances/gbd/cnf/04f829be98c8646b8a08aa9a7f20af10-bench_4136.smt2.cnf.xz
04f8b455b41f208ea19769f051ddcb1b /nfs/share/instances/gbd/cnf/04f8b455b41f208ea19769f051ddcb1b-equilarge_l2.shuffled-as.sat05-519.cnf.xz
04f9cf38c15c4f048fc25f03cb621536 /nfs/share/instances/gbd/cnf/04f9cf38c15c4f048fc25f03cb621536-45-129928.cnf.xz
04f9f1f61d99108b7ad0fa77d275dc4c /nfs/share/instances/gbd/cnf/04f9f1f61d99108b7ad0fa77d275dc4c-3col260_5_9.shuffled.cnf.xz
04fa0a71339fa76067a75ff448ef6f67 /nfs/share/instances/gbd/cnf/04fa0a71339fa76067a75ff448ef6f67-sat-strips-gripper-12t23.sat05-1144.reshuffled-07.cnf.xz
04fb14e644b1858851c739b1a2170334 /nfs/share/instances/gbd/cnf/04fb14e644b1858851c739b1a2170334-58-79407.cnf.xz
04fef94bab64c9e3cc8b2b696f38f7be /nfs/share/instances/gbd/cnf/04fef94bab64c9e3cc8b2b696f38f7be-7cnf30_80000_80000_6.shuffled.cnf.xz
050214ecbd9e96136fe1bc73447f1303 /nfs/share/instances/gbd/cnf/050214ecbd9e96136fe1bc73447f1303-easier-php-035-029.sat05-1179.reshuffled-07.cnf.xz
0502f436e37331d0b92274e0db73b134 /nfs/share/instances/gbd/cnf/0502f436e37331d0b92274e0db73b134-43-78431.cnf.xz
0504d4dc55e80f42ffa698a4ece021c0 /nfs/share/instances/gbd/cnf/0504d4dc55e80f42ffa698a4ece021c0-test_v5_r10_vr5_c1_s8690.smt2.cnf.xz
05065ca3c3a5b2b415d7e9afd0bd2c16 /nfs/share/instances/gbd/cnf/05065ca3c3a5b2b415d7e9afd0bd2c16-46-88192.cnf.xz
050688d137e1f4d563f7bd5d84d7e344 /nfs/share/instances/gbd/cnf/050688d137e1f4d563f7bd5d84d7e344-REGRandom-K3-L1-Seed20.cnf.xz
0506afbcee2355dd568a2923e4461649 /nfs/share/instances/gbd/cnf/0506afbcee2355dd568a2923e4461649-ac97_ctrl-debug.dimacs.cnf.xz
0506d033a4ca469af10d95dbf36a86e9 /nfs/share/instances/gbd/cnf/0506d033a4ca469af10d95dbf36a86e9-em_7_4_9_cmp.cnf.xz
05070c567100ecb6cdbc2ffe0fae57e2 /nfs/share/instances/gbd/cnf/05070c567100ecb6cdbc2ffe0fae57e2-unif-k5-r20.997-v440-c9239-S1286797345410084328.cnf.xz
0513c7d43a5874fa6a17a184091b3d68 /nfs/share/instances/gbd/cnf/0513c7d43a5874fa6a17a184091b3d68-bench_17658.smt2.cnf.xz
0515200de14d9d8eb513e88e3d28ad7c /nfs/share/instances/gbd/cnf/0515200de14d9d8eb513e88e3d28ad7c-baseballcover4with200.cnf.xz
0515bc0e0f1028fd4d086139035f5f38 /nfs/share/instances/gbd/cnf/0515bc0e0f1028fd4d086139035f5f38-unif-k7-r85-v240-c20400-S52275463-03.cnf.xz
0518b5dc204f26b356671785e02852e1 /nfs/share/instances/gbd/cnf/0518b5dc204f26b356671785e02852e1-glassy-v699-s1315920810.cnf.xz
0518c5a3eb17ee72f00424e63bd7940b /nfs/share/instances/gbd/cnf/0518c5a3eb17ee72f00424e63bd7940b-53-133678.cnf.xz
051b63ae234e63226a7984d76f9dc331 /nfs/share/instances/gbd/cnf/051b63ae234e63226a7984d76f9dc331-unif-k5-r21.117-v90-c1901-S7373155193805786945.cnf.xz
051c7db6f9d6daa9238ad64ddae6cea0 /nfs/share/instances/gbd/cnf/051c7db6f9d6daa9238ad64ddae6cea0-60-107966.cnf.xz
051cb2ec3e94e7f2a72232530f847408 /nfs/share/instances/gbd/cnf/051cb2ec3e94e7f2a72232530f847408-56-126618.cnf.xz
0520814ad7ca7c063109ee7a28e89de8 /nfs/share/instances/gbd/cnf/0520814ad7ca7c063109ee7a28e89de8-bench_17349.smt2.cnf.xz
0521cd68355dd16e8f7940f43003d904 /nfs/share/instances/gbd/cnf/0521cd68355dd16e8f7940f43003d904-crafted_n10_d6_c4_num10.cnf.xz
0524e21cb713c3ba78906a6716409c80 /nfs/share/instances/gbd/cnf/0524e21cb713c3ba78906a6716409c80-42-122417.cnf.xz
0525891c206c0382ffc813834bdd526c /nfs/share/instances/gbd/cnf/0525891c206c0382ffc813834bdd526c-DivU_545_9.cnf.sanitized.cnf.xz
0529f3356671518a0fc851f09b693b51 /nfs/share/instances/gbd/cnf/0529f3356671518a0fc851f09b693b51-unif-k3-r3.96-v1000000-c3960000-S6642130359873877999.cnf.xz
052e03355eef1d923d532699e04f0eb2 /nfs/share/instances/gbd/cnf/052e03355eef1d923d532699e04f0eb2-57-127408.cnf.xz
0533a1506eb61460bee3917f61ca4c49 /nfs/share/instances/gbd/cnf/0533a1506eb61460bee3917f61ca4c49-SGI_30_80_29_60_7-dir.shuffled-as.sat03-217.cnf.xz
0534387f90398a24495d4b7b05f9b342 /nfs/share/instances/gbd/cnf/0534387f90398a24495d4b7b05f9b342-dated-5-13-u.cnf.xz
05373ec86c44b2afb60fb93316b30001 /nfs/share/instances/gbd/cnf/05373ec86c44b2afb60fb93316b30001-43-116107.cnf.xz
053c477a86dac016582436e67ecf0bc3 /nfs/share/instances/gbd/cnf/053c477a86dac016582436e67ecf0bc3-46-112906.cnf.xz
053e06424279f5cfec8bb14dfa9af23c /nfs/share/instances/gbd/cnf/053e06424279f5cfec8bb14dfa9af23c-oisc-subrv-and-nested-15.cnf.xz
0541dc77ecea9c210d3c4231d97c02de /nfs/share/instances/gbd/cnf/0541dc77ecea9c210d3c4231d97c02de-45-119279.cnf.xz
05423f54e9e0bf97ce3fca2abe2ba3e6 /nfs/share/instances/gbd/cnf/05423f54e9e0bf97ce3fca2abe2ba3e6-55-101347.cnf.xz
05469ff4aedf9286f024177d0d09fbd5 /nfs/share/instances/gbd/cnf/05469ff4aedf9286f024177d0d09fbd5-bench_10466.smt2.cnf.xz
054c1e5254cdc36bb85e06e53cafe8eb /nfs/share/instances/gbd/cnf/054c1e5254cdc36bb85e06e53cafe8eb-fdmus_b17_1410.cnf.xz
054c7052d5110e9731a9d0bf34d651ec /nfs/share/instances/gbd/cnf/054c7052d5110e9731a9d0bf34d651ec-49-84536.cnf.xz
05513edb5e778987bd727804ed4fa01e /nfs/share/instances/gbd/cnf/05513edb5e778987bd727804ed4fa01e-unif-k7-r89-v60-c5340-S1831136826-075.UNKNOWN.cnf.xz
0553f2a01f0838c1f3347f622cc3c30c /nfs/share/instances/gbd/cnf/0553f2a01f0838c1f3347f622cc3c30c-47-49226.cnf.xz
0554c1dc9f40db098fb58d3086515b6b /nfs/share/instances/gbd/cnf/0554c1dc9f40db098fb58d3086515b6b-abw-P-can__445.mtx-w110.cnf.xz
0556cacde8ebb77956342a6e81309553 /nfs/share/instances/gbd/cnf/0556cacde8ebb77956342a6e81309553-44-130360.cnf.xz
0557d21452d411c00f766973a59837a5 /nfs/share/instances/gbd/cnf/0557d21452d411c00f766973a59837a5-balancedhidden-k3-n648-pos5-neg5-01-S1715560656.shuffled-as.sat03-900.cnf.xz
055836a43eb318de92f09c555ba4f3b5 /nfs/share/instances/gbd/cnf/055836a43eb318de92f09c555ba4f3b5-3col160_5_6.shuffled.cnf.xz
055db8f900741c7b8d7b731e99662588 /nfs/share/instances/gbd/cnf/055db8f900741c7b8d7b731e99662588-rnd-v25-e13-k3.cnf.xz
055f942145df4b6c9fd0d10a3f1da98e /nfs/share/instances/gbd/cnf/055f942145df4b6c9fd0d10a3f1da98e-atco_enc1_opt1_15_240.cnf.xz
0561461e2c7ff1d87aec1e5c709caa1a /nfs/share/instances/gbd/cnf/0561461e2c7ff1d87aec1e5c709caa1a-1-TC-256-K-61.sanitized.cnf.xz
056263f3ef83f1b0c0fd48cab346e8e4 /nfs/share/instances/gbd/cnf/056263f3ef83f1b0c0fd48cab346e8e4-47-97773.cnf.xz
05650550f21d60a3989cae43fb5ebd93 /nfs/share/instances/gbd/cnf/05650550f21d60a3989cae43fb5ebd93-ssAES_4-4-8_round_8-10_faultAt_8_fault_injections_2_seed_388173632.cnf.xz
05670a916f890c9c4345ff4fd19561bf /nfs/share/instances/gbd/cnf/05670a916f890c9c4345ff4fd19561bf-48-108108.cnf.xz
0567f2309e01e99021245fd34a97417d /nfs/share/instances/gbd/cnf/0567f2309e01e99021245fd34a97417d-bench_10589.smt2.cnf.xz
05680de3febd39916e496dd772cb8c19 /nfs/share/instances/gbd/cnf/05680de3febd39916e496dd772cb8c19-minor032.cnf.xz
0568bb0b42891e57247ed4b436dff85d /nfs/share/instances/gbd/cnf/0568bb0b42891e57247ed4b436dff85d-bench_425.smt2.cnf.xz
0568ff4af327110a55355527e3c454e2 /nfs/share/instances/gbd/cnf/0568ff4af327110a55355527e3c454e2-41-131904.cnf.xz
0569ecb5da00dd3ffc8cdfab85a4956c /nfs/share/instances/gbd/cnf/0569ecb5da00dd3ffc8cdfab85a4956c-bench_1584.smt2.cnf.xz
056acec954f198b911fd8c6894a6fad4 /nfs/share/instances/gbd/cnf/056acec954f198b911fd8c6894a6fad4-48-121230.cnf.xz
0574a9f4769dfe44ea0680aa8d935f13 /nfs/share/instances/gbd/cnf/0574a9f4769dfe44ea0680aa8d935f13-44-115474.cnf.xz
0575710ecfdc61ede3807eb1c6a1b01f /nfs/share/instances/gbd/cnf/0575710ecfdc61ede3807eb1c6a1b01f-59-85413.cnf.xz
0578dbb863e1dccfd5d352c1b8ba198c /nfs/share/instances/gbd/cnf/0578dbb863e1dccfd5d352c1b8ba198c-58-134458.cnf.xz
0579fb9d75e018b9366db9150db7453a /nfs/share/instances/gbd/cnf/0579fb9d75e018b9366db9150db7453a-41-126723.cnf.xz
057ee74505bbc50bfb10d6814c5a3c4d /nfs/share/instances/gbd/cnf/057ee74505bbc50bfb10d6814c5a3c4d-bench_2425.smt2.cnf.xz
057f143aae50b8abc3e083b7609353be /nfs/share/instances/gbd/cnf/057f143aae50b8abc3e083b7609353be-g2-T133.2.1.cnf.xz
058129d7cf63b8a0a10e932a0728ac36 /nfs/share/instances/gbd/cnf/058129d7cf63b8a0a10e932a0728ac36-54-111963.cnf.xz
05817b4e1add561af0e1165e01fb48cc /nfs/share/instances/gbd/cnf/05817b4e1add561af0e1165e01fb48cc-q_query_3_l45_lambda.cnf.xz
05833c2c6953b76638748b3b5152b17f /nfs/share/instances/gbd/cnf/05833c2c6953b76638748b3b5152b17f-57-120887.cnf.xz
058414cd650e2309e2d3df6b3ac80f37 /nfs/share/instances/gbd/cnf/058414cd650e2309e2d3df6b3ac80f37-45-132862.cnf.xz
05860ef5bb55efbd4bb5ec8b0de13d03 /nfs/share/instances/gbd/cnf/05860ef5bb55efbd4bb5ec8b0de13d03-hgen7-n250-03-S1200457785.shuffled-as.sat03-852.cnf.xz
0586b0f2c13948bfd51b3694c5e9c676 /nfs/share/instances/gbd/cnf/0586b0f2c13948bfd51b3694c5e9c676-x9-09026.sat.sanitized.cnf.xz
05879c0b6a41bf08f08ea2f58a931146 /nfs/share/instances/gbd/cnf/05879c0b6a41bf08f08ea2f58a931146-c9n_s.cnf.xz
0587f345cca3ef8340e8e71829dce130 /nfs/share/instances/gbd/cnf/0587f345cca3ef8340e8e71829dce130-VanDerWaerden_2-3-12_135.cnf.xz
0587fa4c5dc214a7470cfab3712f4699 /nfs/share/instances/gbd/cnf/0587fa4c5dc214a7470cfab3712f4699-fdmus_b17_425.cnf.xz
058b69e7c7923e2c71070c9f934f2c2e /nfs/share/instances/gbd/cnf/058b69e7c7923e2c71070c9f934f2c2e-5_140_sd_schur.cnf.gz.CP3-cnfmiter.cnf.xz
058cac57444038ce7e8f6fd286ff7424 /nfs/share/instances/gbd/cnf/058cac57444038ce7e8f6fd286ff7424-rphp4_130_shuffled.cnf.xz
058d2ff55a09eac11780d6a368b48a80 /nfs/share/instances/gbd/cnf/058d2ff55a09eac11780d6a368b48a80-fdmus_b22_624.cnf.xz
0593e6814f02ec9749e87bdc6aff8275 /nfs/share/instances/gbd/cnf/0593e6814f02ec9749e87bdc6aff8275-mrpp_6x6#14_10.cnf.xz
05997924d9bb4497f0f8a027caad6bbd /nfs/share/instances/gbd/cnf/05997924d9bb4497f0f8a027caad6bbd-56-110748.cnf.xz
0599c0cc9fb43d1eb90c5590d4ecbf39 /nfs/share/instances/gbd/cnf/0599c0cc9fb43d1eb90c5590d4ecbf39-fdmus_b17_1046.cnf.xz
059aae70d73e0101c492106c4d214774 /nfs/share/instances/gbd/cnf/059aae70d73e0101c492106c4d214774-50-117078.cnf.xz
059d90867f6ed5c4e69ab0094601bb37 /nfs/share/instances/gbd/cnf/059d90867f6ed5c4e69ab0094601bb37-floodit_7_n70_k10_m229.cnf.xz
059f3479ab76bc97c3db74efc8558482 /nfs/share/instances/gbd/cnf/059f3479ab76bc97c3db74efc8558482-fla-qhid-220-2.cnf.xz
05a14c9084e09730c52b65732fe19d90 /nfs/share/instances/gbd/cnf/05a14c9084e09730c52b65732fe19d90-unif-k7-r89-v50-c4450-S1374457799-001.UNKNOWN.cnf.xz
05a42b5c95a497c9b80116f537c48e32 /nfs/share/instances/gbd/cnf/05a42b5c95a497c9b80116f537c48e32-bench_8135.smt2.cnf.xz
05a5c4f83946f8390e561e006f39f0e9 /nfs/share/instances/gbd/cnf/05a5c4f83946f8390e561e006f39f0e9-59-112643.cnf.xz
05aaff6058ca0088f54881003c1eb57b /nfs/share/instances/gbd/cnf/05aaff6058ca0088f54881003c1eb57b-glassyb-v348-s406890181.cnf.xz
05b04d362b374569a4eb63c4e4e132b7 /nfs/share/instances/gbd/cnf/05b04d362b374569a4eb63c4e4e132b7-mp1-9_3.cnf.xz
05b095301362cf626067acd18590ea03 /nfs/share/instances/gbd/cnf/05b095301362cf626067acd18590ea03-42-113382.cnf.xz
05b20aaa3665b3688fe91e63b1d416b1 /nfs/share/instances/gbd/cnf/05b20aaa3665b3688fe91e63b1d416b1-54-128224.cnf.xz
05b26080370a69270bfd81327e616cee /nfs/share/instances/gbd/cnf/05b26080370a69270bfd81327e616cee-144.smt2.cnf.xz
05b373515e803818e8991e855a1d500d /nfs/share/instances/gbd/cnf/05b373515e803818e8991e855a1d500d-53-132568.cnf.xz
05bddbf878fc3fd6becc0b13ae747bdb /nfs/share/instances/gbd/cnf/05bddbf878fc3fd6becc0b13ae747bdb-51-136016.cnf.xz
05bea7b46a68c2bc7761ff2424c5e58f /nfs/share/instances/gbd/cnf/05bea7b46a68c2bc7761ff2424c5e58f-54-118441.cnf.xz
05c042ebd6f763d072a86cac025584f0 /nfs/share/instances/gbd/cnf/05c042ebd6f763d072a86cac025584f0-bench_2081.smt2.cnf.xz
05c46c3abf7acb1337d74ce98da20ec3 /nfs/share/instances/gbd/cnf/05c46c3abf7acb1337d74ce98da20ec3-unif-k7-r86.674-v140-c12134-S943451038130836608.cnf.xz
05c52a5f9133f5afca84767f2eff98fa /nfs/share/instances/gbd/cnf/05c52a5f9133f5afca84767f2eff98fa-g2-T103.2.1.cnf.xz
05c5ed370ea11a2c19c111f4a5979921 /nfs/share/instances/gbd/cnf/05c5ed370ea11a2c19c111f4a5979921-fla-450-2.cnf.xz
05c5ff612371a5773e857212174f625b /nfs/share/instances/gbd/cnf/05c5ff612371a5773e857212174f625b-ezfact64_9.shuffled-as.sat03-1525.cnf.xz
05c75485e42f747b9dba8da1aa1133ea /nfs/share/instances/gbd/cnf/05c75485e42f747b9dba8da1aa1133ea-54-127486.cnf.xz
05c7d8c4a5be0da9995e180fe65f0d9e /nfs/share/instances/gbd/cnf/05c7d8c4a5be0da9995e180fe65f0d9e-unif-k3-r4.2-v2000-c8400-S1337875718-086.cnf.xz
05c8e94aaee86390eaf6e68dd3ec3570 /nfs/share/instances/gbd/cnf/05c8e94aaee86390eaf6e68dd3ec3570-noL-11-2.sanitized.cnf.xz
05cc4564c3160e7da7be1142f0448771 /nfs/share/instances/gbd/cnf/05cc4564c3160e7da7be1142f0448771-unif-k3-r4.267-v8000-c34136-S8324805458183996333.cnf.xz
05cca3e64d2d7766f5eb8eaff105eb40 /nfs/share/instances/gbd/cnf/05cca3e64d2d7766f5eb8eaff105eb40-48-99593.cnf.xz
05cf9b400cec8d7e6a606b8a2087ea3e /nfs/share/instances/gbd/cnf/05cf9b400cec8d7e6a606b8a2087ea3e-41-119925.cnf.xz
05cfa69444404b03cce3310bfd633119 /nfs/share/instances/gbd/cnf/05cfa69444404b03cce3310bfd633119-54-132214.cnf.xz
05d14498d98fd6ea69d30136eb95dcb3 /nfs/share/instances/gbd/cnf/05d14498d98fd6ea69d30136eb95dcb3-unif-k3-r4.2-v18000-c75600-S1332146811-066.cnf.xz
05d1a5e83b3a86de7598a1e089a86b21 /nfs/share/instances/gbd/cnf/05d1a5e83b3a86de7598a1e089a86b21-52-139149.cnf.xz
05d1e403eb79a9a1b4fd0182be89299b /nfs/share/instances/gbd/cnf/05d1e403eb79a9a1b4fd0182be89299b-57-126829.cnf.xz
05d545d220f72a6d28004dd5b092594d /nfs/share/instances/gbd/cnf/05d545d220f72a6d28004dd5b092594d-unif-c1800-v400-s1198360523.cnf.xz
05d6efa039dad1b207f1649aa4449fd2 /nfs/share/instances/gbd/cnf/05d6efa039dad1b207f1649aa4449fd2-46-104984.cnf.xz
05ddfe38031a7974a3d0510018ab253c /nfs/share/instances/gbd/cnf/05ddfe38031a7974a3d0510018ab253c-60-88509.cnf.xz
05df4430054ceba4fa065806e8c65041 /nfs/share/instances/gbd/cnf/05df4430054ceba4fa065806e8c65041-SGI_30_80_23_90_10-log.shuffled-as.sat03-202.cnf.xz
05e291c40b85447a181d7de47ae1a2bf /nfs/share/instances/gbd/cnf/05e291c40b85447a181d7de47ae1a2bf-51-134837.cnf.xz
05e5b5a37a0d7cb5e96c82b84bbdca66 /nfs/share/instances/gbd/cnf/05e5b5a37a0d7cb5e96c82b84bbdca66-Mycielski-11-hints-3.cnf.xz
05e877d2709b8c20b3485e6b68c98bc0 /nfs/share/instances/gbd/cnf/05e877d2709b8c20b3485e6b68c98bc0-57-107474.cnf.xz
05eb87eb6fecb7a8a3bdc25154412c1d /nfs/share/instances/gbd/cnf/05eb87eb6fecb7a8a3bdc25154412c1d-VanDerWaerden_pd_2-3-24_592.cnf.xz
05ed64e4e6229f446082752936768489 /nfs/share/instances/gbd/cnf/05ed64e4e6229f446082752936768489-stb_495_168.apx_2_DC-AD.cnf.xz
05ed840c0a907e88e475c931f40fab83 /nfs/share/instances/gbd/cnf/05ed840c0a907e88e475c931f40fab83-bqwh.50.750.shuffled-as.sat05-434.cnf.xz
05eee75ab69270c322b9ef6bc1ee8604 /nfs/share/instances/gbd/cnf/05eee75ab69270c322b9ef6bc1ee8604-slp-synthesis-aes-bottom22.cnf.xz
05f3a48298721d68cded8618b432e7c3 /nfs/share/instances/gbd/cnf/05f3a48298721d68cded8618b432e7c3-s85-100.cnf.xz
05f5567936f582edc0d3ea9903f540bc /nfs/share/instances/gbd/cnf/05f5567936f582edc0d3ea9903f540bc-sgen1-sat-230-100.cnf.xz
05f6dbdbe30aaec98ca5fc1ce5a662b1 /nfs/share/instances/gbd/cnf/05f6dbdbe30aaec98ca5fc1ce5a662b1-bench_6870.smt2.cnf.xz
05f7448ef6a998da4d58a15cebe0b6ba /nfs/share/instances/gbd/cnf/05f7448ef6a998da4d58a15cebe0b6ba-41-105304.cnf.xz
05f8ffcc6372f5475a0b7c61b46c162e /nfs/share/instances/gbd/cnf/05f8ffcc6372f5475a0b7c61b46c162e-unif-k7-r86.116-v160-c13779-S8500400032903634702.cnf.xz
05fa3b96505ec198385ce8bbb02d27df /nfs/share/instances/gbd/cnf/05fa3b96505ec198385ce8bbb02d27df-bench_1384.smt2.cnf.xz
05fa862fc7acabb822b6f2afb5fb6973 /nfs/share/instances/gbd/cnf/05fa862fc7acabb822b6f2afb5fb6973-60-106238.cnf.xz
05fb1e489956554f9115344bce4e71c7 /nfs/share/instances/gbd/cnf/05fb1e489956554f9115344bce4e71c7-partial-10-11-u-sc2007.cnf.xz
05fbbab9f0baf819ed9593cca8587629 /nfs/share/instances/gbd/cnf/05fbbab9f0baf819ed9593cca8587629-satsgi-n24himBHm28-p0-q282.cnf.xz
05ff725eef6dbf5b1bff07bedd89d6c0 /nfs/share/instances/gbd/cnf/05ff725eef6dbf5b1bff07bedd89d6c0-slp-synthesis-aes-bottom32.cnf.xz
05ffa991da7ff48826faa3607de22e60 /nfs/share/instances/gbd/cnf/05ffa991da7ff48826faa3607de22e60-60-120032.cnf.xz
0601e6379f576d6ad6eaddcb5798c13c /nfs/share/instances/gbd/cnf/0601e6379f576d6ad6eaddcb5798c13c-60-125637.cnf.xz
06049cbbea67b138b7900b6c7c5730de /nfs/share/instances/gbd/cnf/06049cbbea67b138b7900b6c7c5730de-48-106649.cnf.xz
060ad8240dd120ae1017c31c17fa88e9 /nfs/share/instances/gbd/cnf/060ad8240dd120ae1017c31c17fa88e9-sha1__zeroOut_06__freeIn_10__seed_2.cnf.xz
060b7ed7ef9e59576b9ee62c998a5103 /nfs/share/instances/gbd/cnf/060b7ed7ef9e59576b9ee62c998a5103-bvslt_13916.cnf.xz
060eaa97b6072e7d3ef9087d2421ddeb /nfs/share/instances/gbd/cnf/060eaa97b6072e7d3ef9087d2421ddeb-unif-k6-r43.37-v130-c5638-S3107119572988961067.cnf.xz
0611c9a290bc9dc289bc097c9662913c /nfs/share/instances/gbd/cnf/0611c9a290bc9dc289bc097c9662913c-60-138098.cnf.xz
0612deb9e6268ddf1381d042ab2e52ce /nfs/share/instances/gbd/cnf/0612deb9e6268ddf1381d042ab2e52ce-bench_17580.smt2.cnf.xz
0614e1ae5100ee0aca4ea24424479fa3 /nfs/share/instances/gbd/cnf/0614e1ae5100ee0aca4ea24424479fa3-hwb-n32-01-S1491788039.shuffled-as.sat03-1637.cnf.xz
06166a0dd78f45c213add974a6711dfe /nfs/share/instances/gbd/cnf/06166a0dd78f45c213add974a6711dfe-barman-pfile10-038.sas.cr.25.cnf.xz
0616ca6b1e0ae639d12e19ed310963a9 /nfs/share/instances/gbd/cnf/0616ca6b1e0ae639d12e19ed310963a9-satcoin-genesis-SAT-4.cnf.xz
06172049e6804cbfb07f993023f2684f /nfs/share/instances/gbd/cnf/06172049e6804cbfb07f993023f2684f-VanDerWaerden_pd_2-3-29_809.cnf.xz
06221f824342f77b3d6cce7f05d70fe2 /nfs/share/instances/gbd/cnf/06221f824342f77b3d6cce7f05d70fe2-unif-k3-r4.267-v5200-c22188-S8678759431095479164.cnf.xz
062b340de8f5fdb7ad62c3ec8a7d50ac /nfs/share/instances/gbd/cnf/062b340de8f5fdb7ad62c3ec8a7d50ac-unif-k5-r20.756-v720-c14944-S6578007171384556056.cnf.xz
062c3f614211a999d533cf5ba9108e5e /nfs/share/instances/gbd/cnf/062c3f614211a999d533cf5ba9108e5e-unif-k6-r43.37-v165-c7156-S2801141672963831506.cnf.xz
062e0ba3b2995f2a089b92e5bf004931 /nfs/share/instances/gbd/cnf/062e0ba3b2995f2a089b92e5bf004931-x9-11011.sat.sanitized.cnf.xz
062ecaf3e25632b7b6a20134f11c27e4 /nfs/share/instances/gbd/cnf/062ecaf3e25632b7b6a20134f11c27e4-51-114562.cnf.xz
062f58e44eb73f9274b57af5092cad90 /nfs/share/instances/gbd/cnf/062f58e44eb73f9274b57af5092cad90-rook-51-0-0.cnf.xz
0631fa9d32573af7de0062dd3ad42d2a /nfs/share/instances/gbd/cnf/0631fa9d32573af7de0062dd3ad42d2a-unif-k7-r67.0-v50000-c3350000-S432818847650308572.cnf.xz
06326dd7bab63b892d2c147d5928468c /nfs/share/instances/gbd/cnf/06326dd7bab63b892d2c147d5928468c-smtlib-qfbv-aigs-bin_libsmbsharemodes_vc6201-tseitin.cnf.xz
063486c4a139ae7a3874a5bac3459217 /nfs/share/instances/gbd/cnf/063486c4a139ae7a3874a5bac3459217-md4__zeroOut_03__freeIn_07__seed_1.cnf.xz
06385be5ecfc7df22b2c956093cef85f /nfs/share/instances/gbd/cnf/06385be5ecfc7df22b2c956093cef85f-depots3_v01a.renamed-as.sat05-3950.cnf.xz
063beadfa9d6dbd569d12aacbcb300c5 /nfs/share/instances/gbd/cnf/063beadfa9d6dbd569d12aacbcb300c5-unif-k5-r20-v700-c14000-S1281410666-045.cnf.xz
06441d7b824ead0325b07d7d7e943ddb /nfs/share/instances/gbd/cnf/06441d7b824ead0325b07d7d7e943ddb-45-106676.cnf.xz
064850977be6689e4aa2165adbd8e866 /nfs/share/instances/gbd/cnf/064850977be6689e4aa2165adbd8e866-55-106214.cnf.xz
064ba3c61c5f105104edec8305853711 /nfs/share/instances/gbd/cnf/064ba3c61c5f105104edec8305853711-puzzle35_sat.cnf.xz
064bf6dbb752a83b4d3602779a4f5795 /nfs/share/instances/gbd/cnf/064bf6dbb752a83b4d3602779a4f5795-bench_5191.smt2.cnf.xz
064cf5ae720265bdb95f553557e41f18 /nfs/share/instances/gbd/cnf/064cf5ae720265bdb95f553557e41f18-41-86250.cnf.xz
064fe286277f695f42b556ef991036ff /nfs/share/instances/gbd/cnf/064fe286277f695f42b556ef991036ff-sin_depth_miter_2.cnf.xz
065036e33ca5a147c353956348fc8cc5 /nfs/share/instances/gbd/cnf/065036e33ca5a147c353956348fc8cc5-51-105906.cnf.xz
06536364700e9f2297d14f2aa5a425bd /nfs/share/instances/gbd/cnf/06536364700e9f2297d14f2aa5a425bd-unif-r4.5-v900-c4050-08-S254206340.used-as.sat04-148.cnf.xz
065775fe69392642261b1436fbd6bab4 /nfs/share/instances/gbd/cnf/065775fe69392642261b1436fbd6bab4-unif-k7-r89-v80-c7120-S1980280938-088.UNKNOWN.cnf.xz
0657d7556552d692a009861a8df0187d /nfs/share/instances/gbd/cnf/0657d7556552d692a009861a8df0187d-47-137424.cnf.xz
065882225b28a15ec62af09030001ee5 /nfs/share/instances/gbd/cnf/065882225b28a15ec62af09030001ee5-manol-pipe-f6i.cnf.xz
065b141f5b24a1ea858f9e63bf13d0cf /nfs/share/instances/gbd/cnf/065b141f5b24a1ea858f9e63bf13d0cf-47-121128.cnf.xz
0662b68319b8438792d39a221786680b /nfs/share/instances/gbd/cnf/0662b68319b8438792d39a221786680b-bench_16635.smt2.cnf.xz
0662df257be6c6d0691729cb23a17386 /nfs/share/instances/gbd/cnf/0662df257be6c6d0691729cb23a17386-7cnf30_80000_80000_4.shuffled.cnf.xz
066813ab5f3b7b1cc6d2847c37f5fae7 /nfs/share/instances/gbd/cnf/066813ab5f3b7b1cc6d2847c37f5fae7-ezfact32_10.shuffled.cnf.xz
0668d86f91d0e8aeea2e3fe722047363 /nfs/share/instances/gbd/cnf/0668d86f91d0e8aeea2e3fe722047363-60-93490.cnf.xz
066ade1d9e5bede84a078012ee14fdc5 /nfs/share/instances/gbd/cnf/066ade1d9e5bede84a078012ee14fdc5-45-131035.cnf.xz
066cc2796adfff0382fed7ae88d5b41d /nfs/share/instances/gbd/cnf/066cc2796adfff0382fed7ae88d5b41d-44-120140.cnf.xz
066d6a47dfd9648d913ba8dbce722d75 /nfs/share/instances/gbd/cnf/066d6a47dfd9648d913ba8dbce722d75-slp-synthesis-aes-bottom16.cnf.xz
066f7dc6f15dfe89172f4b32e50ac826 /nfs/share/instances/gbd/cnf/066f7dc6f15dfe89172f4b32e50ac826-hidden-k3-s2-r4-n700-02-S664369081.shuffled-as.sat03-1046.cnf.xz
0671f3013bf168f4660edfb4b40fbfa5 /nfs/share/instances/gbd/cnf/0671f3013bf168f4660edfb4b40fbfa5-bench_1815.smt2.cnf.xz
0674a404bfea717643b7bf30d9f5eefc /nfs/share/instances/gbd/cnf/0674a404bfea717643b7bf30d9f5eefc-x9-11023.sat.sanitized.cnf.xz
06767f7b8e23fd24f6df74fefef9c48c /nfs/share/instances/gbd/cnf/06767f7b8e23fd24f6df74fefef9c48c-unif2p-p0.9-v990-c3583-S1435246639-05-UNSAT.cnf.xz
067dc6945c4aec1c2bc1fdc2e5819124 /nfs/share/instances/gbd/cnf/067dc6945c4aec1c2bc1fdc2e5819124-3col20_5_8.shuffled.cnf.xz
0680b380fc7a80df4c5a33ed23e11ddc /nfs/share/instances/gbd/cnf/0680b380fc7a80df4c5a33ed23e11ddc-sudoku-N30-21.cnf.xz
06810c46387bda32e8a1486bac64a7af /nfs/share/instances/gbd/cnf/06810c46387bda32e8a1486bac64a7af-bench_15492.smt2.cnf.xz
0684c9b8439112b0e3202dc1f13bae65 /nfs/share/instances/gbd/cnf/0684c9b8439112b0e3202dc1f13bae65-unif-k5-r21.3-v90-c1917-S785082413-028.cnf.xz
068594cad63ad63966d00272acbe72f7 /nfs/share/instances/gbd/cnf/068594cad63ad63966d00272acbe72f7-55-133860.cnf.xz
06872e73223dc74c76b06f37a185dc22 /nfs/share/instances/gbd/cnf/06872e73223dc74c76b06f37a185dc22-VanDerWaerden_2-3-16_238.cnf.xz
068ab49cd35aa24078cd23170599484c /nfs/share/instances/gbd/cnf/068ab49cd35aa24078cd23170599484c-unif-k5-r17.4-v250000-c4350000-S5797512427540361148.cnf.xz
068c64314f0f8405bc28bb4c52647145 /nfs/share/instances/gbd/cnf/068c64314f0f8405bc28bb4c52647145-sokoban-p20.sas.cr.27.cnf.xz
068f2d23820541fe4eaebfb072bd6cbb /nfs/share/instances/gbd/cnf/068f2d23820541fe4eaebfb072bd6cbb-58-127368.cnf.xz
0696cb4f18fd63cc94f319fab92119e5 /nfs/share/instances/gbd/cnf/0696cb4f18fd63cc94f319fab92119e5-60-108495.cnf.xz
0697524f77ccd503f7e5fe15f23a1268 /nfs/share/instances/gbd/cnf/0697524f77ccd503f7e5fe15f23a1268-crafted_n12_d6_c4_num27.cnf.xz
069978487284dbdafb1bb8860adf19f0 /nfs/share/instances/gbd/cnf/069978487284dbdafb1bb8860adf19f0-46-117679.cnf.xz
069c9e38f21a431a293c2c158e43f1f1 /nfs/share/instances/gbd/cnf/069c9e38f21a431a293c2c158e43f1f1-46-33217.cnf.xz
069f7d519e820f6b879f880703907bb3 /nfs/share/instances/gbd/cnf/069f7d519e820f6b879f880703907bb3-SGI_30_60_28_40_2-dir.shuffled-as.sat03-124-sc2002.cnf.xz
06a36581f14e399a76a5110449ebe739 /nfs/share/instances/gbd/cnf/06a36581f14e399a76a5110449ebe739-driverlog2_v01a.renamed-as.sat05-3961.cnf.xz
06a572c0ad87e4465dc82c3d94efa599 /nfs/share/instances/gbd/cnf/06a572c0ad87e4465dc82c3d94efa599-bench_17455.smt2.cnf.xz
06a91842354cefee9d432cfd3ed50100 /nfs/share/instances/gbd/cnf/06a91842354cefee9d432cfd3ed50100-53-133670.cnf.xz
06a9fbce25234a6938bcab419bcb54e3 /nfs/share/instances/gbd/cnf/06a9fbce25234a6938bcab419bcb54e3-bench_9656.smt2.cnf.xz
06aac1637bcefa8de3a9901f3c030d9f /nfs/share/instances/gbd/cnf/06aac1637bcefa8de3a9901f3c030d9f-unif-k7-r70.0-v50000-c3500000-S1943310965622091429.cnf.xz
06ab2f3544c15dad7b9e4bfbce9982cf /nfs/share/instances/gbd/cnf/06ab2f3544c15dad7b9e4bfbce9982cf-unif-k5-r21.3-v130-c2769-S1284937235-05.SAT.shuffled.cnf.xz
06ac25321a9e8a0e2653ae9fc72ff939 /nfs/share/instances/gbd/cnf/06ac25321a9e8a0e2653ae9fc72ff939-48-134487.cnf.xz
06ac45adf49f5e65a05904420e22def6 /nfs/share/instances/gbd/cnf/06ac45adf49f5e65a05904420e22def6-bench_1224.smt2.cnf.xz
06af18723348ccdd9b0fc20bfda1d7ff /nfs/share/instances/gbd/cnf/06af18723348ccdd9b0fc20bfda1d7ff-bench_2050.smt2.cnf.xz
06afd800584013b69acf3ceb8a92dd39 /nfs/share/instances/gbd/cnf/06afd800584013b69acf3ceb8a92dd39-unif-k3-r4.2-v50000-c210000-S964643921-035-UNKNOWN.cnf.xz
06b138e8a6da806e88ac7da2919cef30 /nfs/share/instances/gbd/cnf/06b138e8a6da806e88ac7da2919cef30-grs-192-32.cnf.xz
06b234d992399a10a26d5be67230a20c /nfs/share/instances/gbd/cnf/06b234d992399a10a26d5be67230a20c-bench_2844.smt2.cnf.xz
06b238df161c9e24a31890a08bca22df /nfs/share/instances/gbd/cnf/06b238df161c9e24a31890a08bca22df-C208_FA_UT_3255.cnf.xz
06b27debc937e605bb3198297d4ccaf1 /nfs/share/instances/gbd/cnf/06b27debc937e605bb3198297d4ccaf1-manol-pipe-g10idw.cnf.xz
06b3fbd3e0d8f0679e979e88d852089a /nfs/share/instances/gbd/cnf/06b3fbd3e0d8f0679e979e88d852089a-52-1837.cnf.xz
06b4ea25b64b0ea42d68fb06534a7e7b /nfs/share/instances/gbd/cnf/06b4ea25b64b0ea42d68fb06534a7e7b-bv-term-small-rw_479.smt2.cnf.xz
06b6606fd021e9b4412bfc2fc42d7b0a /nfs/share/instances/gbd/cnf/06b6606fd021e9b4412bfc2fc42d7b0a-unif-k3-r4.267-v7200-c30722-S6702139083167994208.cnf.xz
06b6aecc3400ca0449c6b34efa6b2910 /nfs/share/instances/gbd/cnf/06b6aecc3400ca0449c6b34efa6b2910-gencnf-k6-r44.3-v108-c4784-03-S1945307870.used-as.sat04-213.cnf.xz
06b6d7b1e7f26c4290413956ada422a2 /nfs/share/instances/gbd/cnf/06b6d7b1e7f26c4290413956ada422a2-bench_5558.smt2.cnf.xz
06bb08c9c8624d8f6d795d1127eebffe /nfs/share/instances/gbd/cnf/06bb08c9c8624d8f6d795d1127eebffe-58-115996.cnf.xz
06bfd83d0fba6a831d1f6db32b587d2b /nfs/share/instances/gbd/cnf/06bfd83d0fba6a831d1f6db32b587d2b-fla-qhid-440-4.cnf.xz
06c4a06f6c791ebcbd2e90f94d898cee /nfs/share/instances/gbd/cnf/06c4a06f6c791ebcbd2e90f94d898cee-44-124545.cnf.xz
06c6e5b5ec743e16bc55089bf42546ad /nfs/share/instances/gbd/cnf/06c6e5b5ec743e16bc55089bf42546ad-48-134916.cnf.xz
06c775a3db8f039e5684629a63398552 /nfs/share/instances/gbd/cnf/06c775a3db8f039e5684629a63398552-bench_8007.smt2.cnf.xz
06c9e7d682595a3ea26501bd57bc36a7 /nfs/share/instances/gbd/cnf/06c9e7d682595a3ea26501bd57bc36a7-unif-k5-r21.3-v150-c3195-S788239782-034.UNKNOWN.cnf.xz
06cf898b21f50c827248a0f09c1d9b20 /nfs/share/instances/gbd/cnf/06cf898b21f50c827248a0f09c1d9b20-bench_4022.smt2.cnf.xz
06d2543c151c2478fde159c6dc0424ac /nfs/share/instances/gbd/cnf/06d2543c151c2478fde159c6dc0424ac-udiv45prop.cnf.xz
06d38596ee5a5fd90877de6c04ede06b /nfs/share/instances/gbd/cnf/06d38596ee5a5fd90877de6c04ede06b-44-80012.cnf.xz
06d65173e592488f8199e9388d4d261c /nfs/share/instances/gbd/cnf/06d65173e592488f8199e9388d4d261c-unif-k4-r9.1-v500000-c4550000-S806157651348955680.cnf.xz
06d6f4f8c3ac52d034143eca8d62d1e7 /nfs/share/instances/gbd/cnf/06d6f4f8c3ac52d034143eca8d62d1e7-bench_2210.smt2.cnf.xz
06d7ddacd91c84d9c6be5ace491b410a /nfs/share/instances/gbd/cnf/06d7ddacd91c84d9c6be5ace491b410a-unif-c2940-v700-s1981315329.cnf.xz
06d96f79264e9991a5a0a417c401657a /nfs/share/instances/gbd/cnf/06d96f79264e9991a5a0a417c401657a-g2-mult1.c.50.smt2-cvc4.cnf.xz
06dd675f4930318f9a4e68c5737059f7 /nfs/share/instances/gbd/cnf/06dd675f4930318f9a4e68c5737059f7-bench_13822.smt2.cnf.xz
06df09f5ff0b34724a6f43c12560c0b1 /nfs/share/instances/gbd/cnf/06df09f5ff0b34724a6f43c12560c0b1-42-132828.cnf.xz
06df75fc09ba7eb9f0ffb8d45aa8edfb /nfs/share/instances/gbd/cnf/06df75fc09ba7eb9f0ffb8d45aa8edfb-57-113232.cnf.xz
06e03d438c75d06f8df09f2999509749 /nfs/share/instances/gbd/cnf/06e03d438c75d06f8df09f2999509749-x9-10065.sat.sanitized.cnf.xz
06e13d42320e5c9d06d63abce2e978fe /nfs/share/instances/gbd/cnf/06e13d42320e5c9d06d63abce2e978fe-unif-k5-r21.3-v110-c2343-S1492329924-074.cnf.xz
06e46ab0acac57a61638cbb741949a98 /nfs/share/instances/gbd/cnf/06e46ab0acac57a61638cbb741949a98-complete-500-0.1-1-9876543215001.cnf.xz
06e5233a7d177a4f94b8a05eadb45368 /nfs/share/instances/gbd/cnf/06e5233a7d177a4f94b8a05eadb45368-52-126710.cnf.xz
06e91448c6aacd9086890ea46b4659b0 /nfs/share/instances/gbd/cnf/06e91448c6aacd9086890ea46b4659b0-lec_mult_DvK_10x10.sanitized.cnf.xz
06e928088bd822602edb83e41ce8dadb /nfs/share/instances/gbd/cnf/06e928088bd822602edb83e41ce8dadb-satcoin-genesis-SAT-10.cnf.xz
06e997650b24ac5b5f87c1c64f4a5dcb /nfs/share/instances/gbd/cnf/06e997650b24ac5b5f87c1c64f4a5dcb-edn_9789_8.cnf_0.51000000.unsat.cnf.xz
06eca5bfcdc4fbde5715c34c87f9ab75 /nfs/share/instances/gbd/cnf/06eca5bfcdc4fbde5715c34c87f9ab75-fdmus_b20_162.cnf.xz
06f2da87052cef073227b497fcfcec79 /nfs/share/instances/gbd/cnf/06f2da87052cef073227b497fcfcec79-fla-komb-280-3.cnf.xz
06f4af23f9bd78087cf965f58487ae6b /nfs/share/instances/gbd/cnf/06f4af23f9bd78087cf965f58487ae6b-bench_10982.smt2.cnf.xz
06f538d7af257560476f9100e36d4445 /nfs/share/instances/gbd/cnf/06f538d7af257560476f9100e36d4445-gcdmax16bits_22.cnf.xz
06f692ab71fb031118f4c946556eca52 /nfs/share/instances/gbd/cnf/06f692ab71fb031118f4c946556eca52-abw-K-dwt__234.mtx-w47.cnf.xz
06fef0b1347542d174e91d14db9e104a /nfs/share/instances/gbd/cnf/06fef0b1347542d174e91d14db9e104a-rpoc_xits_15_SAT.cnf.xz
0700de953ca94b49501cb311542ee5fb /nfs/share/instances/gbd/cnf/0700de953ca94b49501cb311542ee5fb-abw-N-bcsstk07.mtx-w34.cnf.xz
0701a1e3481e99b590185bd6a3f8631c /nfs/share/instances/gbd/cnf/0701a1e3481e99b590185bd6a3f8631c-bench_5700.smt2.cnf.xz
0701a5b57f9b37c5fcb77463c8582693 /nfs/share/instances/gbd/cnf/0701a5b57f9b37c5fcb77463c8582693-T84.2.0.cnf.xz
07022ad84cf8decdf213d2fd2c59fbae /nfs/share/instances/gbd/cnf/07022ad84cf8decdf213d2fd2c59fbae-46-96615.cnf.xz
07037b045d5d9dd7d777fa8a3b0366a3 /nfs/share/instances/gbd/cnf/07037b045d5d9dd7d777fa8a3b0366a3-unif-k5-r20-v700-c14000-S1192890414-033.cnf.xz
0703f9c5516bcc84a0c03e872066523f /nfs/share/instances/gbd/cnf/0703f9c5516bcc84a0c03e872066523f-42-25625.cnf.xz
0704b6d19c7f53060c2e6b918b955226 /nfs/share/instances/gbd/cnf/0704b6d19c7f53060c2e6b918b955226-56-121317.cnf.xz
0705e4046a68c2cca4aefb38db7e9c40 /nfs/share/instances/gbd/cnf/0705e4046a68c2cca4aefb38db7e9c40-edn_20403_16.cnf_0.29000000.unsat.cnf.xz
070679b773977c574b9c7b14c7bd923f /nfs/share/instances/gbd/cnf/070679b773977c574b9c7b14c7bd923f-50-114810.cnf.xz
070837da5e4923b6a5f8c0ba0e6ce0e2 /nfs/share/instances/gbd/cnf/070837da5e4923b6a5f8c0ba0e6ce0e2-41-100899.cnf.xz
0708595c44d0a967151517a03927d87d /nfs/share/instances/gbd/cnf/0708595c44d0a967151517a03927d87d-s2n:s2n_stuffer_read_base64.dimacs.cnf.xz
0709175593f5f943e5a793e15ae08395 /nfs/share/instances/gbd/cnf/0709175593f5f943e5a793e15ae08395-55-129307.cnf.xz
070e8e1dc84ee670df55e253450b47a4 /nfs/share/instances/gbd/cnf/070e8e1dc84ee670df55e253450b47a4-bench_4080.smt2.cnf.xz
070fde310eca4ddf6967896052efcb30 /nfs/share/instances/gbd/cnf/070fde310eca4ddf6967896052efcb30-at-least-two-smtlib-qfbv-aigs-ext_con_032_008_0256-tseitin.cnf.xz
0712c7bb6ba573f67604efbf64f37656 /nfs/share/instances/gbd/cnf/0712c7bb6ba573f67604efbf64f37656-x9-12028.sat.sanitized.cnf.xz
071e54205d91b7c174af2ca7f686f09b /nfs/share/instances/gbd/cnf/071e54205d91b7c174af2ca7f686f09b-55-106094.cnf.xz
072199fed1704b4d1e60b996931c3d6b /nfs/share/instances/gbd/cnf/072199fed1704b4d1e60b996931c3d6b-49-95959.cnf.xz
072785fd927ff0fd180ce8b9cc00078f /nfs/share/instances/gbd/cnf/072785fd927ff0fd180ce8b9cc00078f-20180321_140826713_p_cnf_320_1120.cnf.xz
07284bf15be6d7faa78d4deb46c6b275 /nfs/share/instances/gbd/cnf/07284bf15be6d7faa78d4deb46c6b275-55-123069.cnf.xz
072af700ad0e8957ebbaf2993d850923 /nfs/share/instances/gbd/cnf/072af700ad0e8957ebbaf2993d850923-55-112740.cnf.xz
072cef48d683bfde42340d0ba84c5b1a /nfs/share/instances/gbd/cnf/072cef48d683bfde42340d0ba84c5b1a-hgen1-v650-s159479219.cnf.xz
0733ae02d303c907fa2887f9fbb4ff55 /nfs/share/instances/gbd/cnf/0733ae02d303c907fa2887f9fbb4ff55-okgen-c3900-v600-s2103762530-2103762530.cnf.xz
0737a716930b33a5979d86c1eebd835b /nfs/share/instances/gbd/cnf/0737a716930b33a5979d86c1eebd835b-60-124223.cnf.xz
0739014c268a5a12568d0e641f88ad3c /nfs/share/instances/gbd/cnf/0739014c268a5a12568d0e641f88ad3c-41-112685.cnf.xz
0739de5c877d844ce28f81e00916a884 /nfs/share/instances/gbd/cnf/0739de5c877d844ce28f81e00916a884-53-108870.cnf.xz
073a405fde5b5c7434281729f24d8728 /nfs/share/instances/gbd/cnf/073a405fde5b5c7434281729f24d8728-50-102269.cnf.xz
073c28dfd3204f4c51e03c297ac841c1 /nfs/share/instances/gbd/cnf/073c28dfd3204f4c51e03c297ac841c1-mod2c-rand3bip-unsat-120-3.shuffled-as.sat05-2340.cnf.xz
0742147dd68e5410c79a8506a7f54a1d /nfs/share/instances/gbd/cnf/0742147dd68e5410c79a8506a7f54a1d-59-113180.cnf.xz
07434c4f17715737ade130bc6c57cf9d /nfs/share/instances/gbd/cnf/07434c4f17715737ade130bc6c57cf9d-unif-k4-r9.931-v178-c1768-S829121629825456986.cnf.xz
074394da9029d9c82840091246607065 /nfs/share/instances/gbd/cnf/074394da9029d9c82840091246607065-47-122323.cnf.xz
0746ab2982f4d8c28f10df0900857dd5 /nfs/share/instances/gbd/cnf/0746ab2982f4d8c28f10df0900857dd5-sha1__zeroOut_14__freeIn_18__seed_2.cnf.xz
074dc4fde5af08b45569f981209e8b76 /nfs/share/instances/gbd/cnf/074dc4fde5af08b45569f981209e8b76-x9-04052.sat.sanitized.cnf.xz
074ff9642153695f0fe804049c743f69 /nfs/share/instances/gbd/cnf/074ff9642153695f0fe804049c743f69-58-107586.cnf.xz
0754e62937ec75e569b8b4122ad77d7d /nfs/share/instances/gbd/cnf/0754e62937ec75e569b8b4122ad77d7d-47-132624.cnf.xz
075c4fe7ae4cef57f1a4c00e58142e23 /nfs/share/instances/gbd/cnf/075c4fe7ae4cef57f1a4c00e58142e23-x1.1_64.shuffled-as.sat03-1585.cnf.xz
075ca0a158690a55b7254d9aaee2e103 /nfs/share/instances/gbd/cnf/075ca0a158690a55b7254d9aaee2e103-asconhashv12_opt64_H4_M2-LOD9_m0_2_U19.c.cnf.xz
075e1eef00500b25ceb5ea4823ccf1b0 /nfs/share/instances/gbd/cnf/075e1eef00500b25ceb5ea4823ccf1b0-3col140_5_1.shuffled.cnf.xz
076305ce31dd18724a3de91045800acc /nfs/share/instances/gbd/cnf/076305ce31dd18724a3de91045800acc-26_stack_cas_longest_true-unreach-call.i-cbmc-u2-sc2016.cnf.xz
07638411f023fe6a4334c53384415f11 /nfs/share/instances/gbd/cnf/07638411f023fe6a4334c53384415f11-unif-k3-r4.267-v10000-c42670-S6678138187305010036.cnf.xz
07682e22f82f9257d44b45777ac06168 /nfs/share/instances/gbd/cnf/07682e22f82f9257d44b45777ac06168-lksat-n900-m3357-k3-l5-s241765501.used-as.sat04-936.cnf.xz
076955ba5ecdc2feb4587a8abdbe334b /nfs/share/instances/gbd/cnf/076955ba5ecdc2feb4587a8abdbe334b-41-109881.cnf.xz
076ab0a078db7377f3e7cfd6c2aab988 /nfs/share/instances/gbd/cnf/076ab0a078db7377f3e7cfd6c2aab988-42-125241.cnf.xz
076d4d6f83306ee69c35e3c99e30d8f8 /nfs/share/instances/gbd/cnf/076d4d6f83306ee69c35e3c99e30d8f8-x2_16.shuffled.cnf.xz
076d84ee418eb4192d427e34d8829b93 /nfs/share/instances/gbd/cnf/076d84ee418eb4192d427e34d8829b93-bench_688.smt2.cnf.xz
076fba8945d3a54a06f326474477077d /nfs/share/instances/gbd/cnf/076fba8945d3a54a06f326474477077d-mrpp_6x6#12_9.cnf.xz
077942bcf7e284fd504ab832e1fa92b3 /nfs/share/instances/gbd/cnf/077942bcf7e284fd504ab832e1fa92b3-bench_11602.smt2.cnf.xz
0779cddacfa34241cdf579cb2370ab8e /nfs/share/instances/gbd/cnf/0779cddacfa34241cdf579cb2370ab8e-instance_n8_i9_pp_ci_ce.cnf.xz
0779ed19ae69bf464cce003d1a573246 /nfs/share/instances/gbd/cnf/0779ed19ae69bf464cce003d1a573246-008.cnf.xz
077a1a0ffd35b0166ac094b64b7de50e /nfs/share/instances/gbd/cnf/077a1a0ffd35b0166ac094b64b7de50e-unif-k5-r17.6-v250000-c4400000-S6187989636849774117.cnf.xz
077a92393c59108b44554b67217c8d7a /nfs/share/instances/gbd/cnf/077a92393c59108b44554b67217c8d7a-41-118818.cnf.xz
07851afab30a10e44c8c3a2ae7806177 /nfs/share/instances/gbd/cnf/07851afab30a10e44c8c3a2ae7806177-connm-ue-csp-sat-n1200-d0.00-s1415961664.shuffled-as.sat05-529.cnf.xz
0785d79729317f6ff8323ee9b0cf27b5 /nfs/share/instances/gbd/cnf/0785d79729317f6ff8323ee9b0cf27b5-289-unsat-21x33.cnf.xz
07896fe3639c24cd24bb032ae19199cc /nfs/share/instances/gbd/cnf/07896fe3639c24cd24bb032ae19199cc-60-128255.cnf.xz
078f045706cfda160cbe9d1f042df57a /nfs/share/instances/gbd/cnf/078f045706cfda160cbe9d1f042df57a-50-109094.cnf.xz
079052907b863d58dae49e3bf9a89ef3 /nfs/share/instances/gbd/cnf/079052907b863d58dae49e3bf9a89ef3-43-116400.cnf.xz
0793e9607e3293c505b0fa62cbb4258d /nfs/share/instances/gbd/cnf/0793e9607e3293c505b0fa62cbb4258d-unif-r5.5-v700-c3850-01-S2070935521.shuffled-as.sat03-1165.cnf.xz
0798737b490f0acf01738b9a45f0f2ab /nfs/share/instances/gbd/cnf/0798737b490f0acf01738b9a45f0f2ab-52-138394.cnf.xz
07989235cf5ccffe2feed68ae979364a /nfs/share/instances/gbd/cnf/07989235cf5ccffe2feed68ae979364a-51-94309.cnf.xz
079b400eede86df1f1ffd6a3c303278b /nfs/share/instances/gbd/cnf/079b400eede86df1f1ffd6a3c303278b-hypercube5.shuffled-as.sat03-1435.cnf.xz
079b877e6d9da81bd36fc7bf8a812aa2 /nfs/share/instances/gbd/cnf/079b877e6d9da81bd36fc7bf8a812aa2-7cnf20_90000_90000_10.shuffled.cnf.xz
079eca299ac6b96fc9c52995fcbf24a1 /nfs/share/instances/gbd/cnf/079eca299ac6b96fc9c52995fcbf24a1-52-136603.cnf.xz
079fec8d04a6ee936227ea90ea0903bf /nfs/share/instances/gbd/cnf/079fec8d04a6ee936227ea90ea0903bf-tseitingrid6x175_shuffled.cnf.xz
07a160f359fe4e472773551d69816e83 /nfs/share/instances/gbd/cnf/07a160f359fe4e472773551d69816e83-toughsat_22bits_1.cnf.xz
07a27fe792de37e758e3351f270324c2 /nfs/share/instances/gbd/cnf/07a27fe792de37e758e3351f270324c2-45-114230.cnf.xz
07a39b7677af6e435341c115ad5772ce /nfs/share/instances/gbd/cnf/07a39b7677af6e435341c115ad5772ce-53-123224.cnf.xz
07aa35ddde44c01733038e5013b5a6ef /nfs/share/instances/gbd/cnf/07aa35ddde44c01733038e5013b5a6ef-intel047_Iter77.cnf.xz
07ab9b6d4190543591cbb0824588d392 /nfs/share/instances/gbd/cnf/07ab9b6d4190543591cbb0824588d392-ITC2021_Test3.xml.cnf.xz
07ac31424ed38f27d6b93195358e3968 /nfs/share/instances/gbd/cnf/07ac31424ed38f27d6b93195358e3968-bench_10100.smt2.cnf.xz
07aeafc4ee93bb832fa134d4f5971cf6 /nfs/share/instances/gbd/cnf/07aeafc4ee93bb832fa134d4f5971cf6-bench_1616.smt2.cnf.xz
07b22dd6ccdd07fa12548656c4ea97a6 /nfs/share/instances/gbd/cnf/07b22dd6ccdd07fa12548656c4ea97a6-unif2p-p0.9-v630-c2280-S1804595013-08-SAT.cnf.xz
07b46ab6d0c938fee77651dc4b63e1d6 /nfs/share/instances/gbd/cnf/07b46ab6d0c938fee77651dc4b63e1d6-48-121408.cnf.xz
07b476c83150d3cb7e08f5d045e255ab /nfs/share/instances/gbd/cnf/07b476c83150d3cb7e08f5d045e255ab-marg5x5.shuffled-as.sat03-1455.cnf.xz
07b48aebb6cc968704afb001b7a50d8d /nfs/share/instances/gbd/cnf/07b48aebb6cc968704afb001b7a50d8d-157.smt2.cnf.xz
07b55eb389b521faf2ea347a14b68938 /nfs/share/instances/gbd/cnf/07b55eb389b521faf2ea347a14b68938-50-121447.cnf.xz
07b6f34060b07d837482bfc3f238b252 /nfs/share/instances/gbd/cnf/07b6f34060b07d837482bfc3f238b252-hgen2-v350-s1198920705.cnf.xz
07b7859003d84402cbb1ebdc37655d55 /nfs/share/instances/gbd/cnf/07b7859003d84402cbb1ebdc37655d55-6s186_Iter20.cnf.xz
07b8a0ca2372125b645a2fa257367ea9 /nfs/share/instances/gbd/cnf/07b8a0ca2372125b645a2fa257367ea9-fdmus_b17_1416.cnf.xz
07b9e86b020a209bd76474c4db8ab14d /nfs/share/instances/gbd/cnf/07b9e86b020a209bd76474c4db8ab14d-unif-k6-r43.37-v150-c6506-S2217571361402028131.cnf.xz
07b9f32381ed1420def289ad69994262 /nfs/share/instances/gbd/cnf/07b9f32381ed1420def289ad69994262-x9-07047.sat.sanitized.cnf.xz
07ba380599457b2942af3b7cbb304c7b /nfs/share/instances/gbd/cnf/07ba380599457b2942af3b7cbb304c7b-bench_2980.smt2.cnf.xz
07bbbb292324c8d8baeb232e144349fa /nfs/share/instances/gbd/cnf/07bbbb292324c8d8baeb232e144349fa-rand_net40-60-1.shuffled.cnf.xz
07c0800f4df07db586a51cd724332a65 /nfs/share/instances/gbd/cnf/07c0800f4df07db586a51cd724332a65-60-119606.cnf.xz
07c3cce524e2b85d8315ac4397ef08c4 /nfs/share/instances/gbd/cnf/07c3cce524e2b85d8315ac4397ef08c4-puzzle47_sat.cnf.xz
07c50b89d97a55b6e1629999a445a2ba /nfs/share/instances/gbd/cnf/07c50b89d97a55b6e1629999a445a2ba-ctl_4201_555_unsat_pre.cnf.xz
07c7baadfffe4f343b14dc65a7e62f75 /nfs/share/instances/gbd/cnf/07c7baadfffe4f343b14dc65a7e62f75-44-128812.cnf.xz
07cb45c60089b9008bf3118591a99bf9 /nfs/share/instances/gbd/cnf/07cb45c60089b9008bf3118591a99bf9-hidden-k3-s0-r5-n700-03-S1609878926.shuffled-as.sat05-487.cnf.xz
07cea7a64248a60d509368d09d3057c2 /nfs/share/instances/gbd/cnf/07cea7a64248a60d509368d09d3057c2-pj2013_k9.cnf.xz
07d0f56eb2e603bebdcad7b76235e225 /nfs/share/instances/gbd/cnf/07d0f56eb2e603bebdcad7b76235e225-91.smt2.cnf.xz
07d2092780df7b212645ddf99edf6e13 /nfs/share/instances/gbd/cnf/07d2092780df7b212645ddf99edf6e13-48-132467.cnf.xz
07d20a83feca9295e862a7d583da5971 /nfs/share/instances/gbd/cnf/07d20a83feca9295e862a7d583da5971-UTI-20-10t1.cnf.xz
07d3686b96c09ba65403b55f06c8d36b /nfs/share/instances/gbd/cnf/07d3686b96c09ba65403b55f06c8d36b-okgen-c2025-v450-s35766214-35766214.cnf.xz
07d4876685a00c116054d146cb363bb5 /nfs/share/instances/gbd/cnf/07d4876685a00c116054d146cb363bb5-x9-11026.sat.sanitized.cnf.xz
07d889e8690331078d965dd852626e84 /nfs/share/instances/gbd/cnf/07d889e8690331078d965dd852626e84-58-127580.cnf.xz
07d92f7130beefd10e6100908a6b0fa1 /nfs/share/instances/gbd/cnf/07d92f7130beefd10e6100908a6b0fa1-51-130161.cnf.xz
07d99afd1451385b8f59705370617b80 /nfs/share/instances/gbd/cnf/07d99afd1451385b8f59705370617b80-x9-03052.sat.sanitized.cnf.xz
07da51c683e5fa45251fef460cf66c60 /nfs/share/instances/gbd/cnf/07da51c683e5fa45251fef460cf66c60-unif-k3-r4.25-v450-c1912-S1115796430-03.UNSAT.shuffled.cnf.xz
07dab06913ef55d3a42e207a838c5c37 /nfs/share/instances/gbd/cnf/07dab06913ef55d3a42e207a838c5c37-45-131644.cnf.xz
07db5bda1aabc6bf013fd5c22501bda0 /nfs/share/instances/gbd/cnf/07db5bda1aabc6bf013fd5c22501bda0-unif-k5-r21.3-v100-c2130-S282405510-004.cnf.xz
07db9248a046677aa28dc35cb46a6ea1 /nfs/share/instances/gbd/cnf/07db9248a046677aa28dc35cb46a6ea1-fdmus_b15_305.cnf.xz
07dd1f9bb66d375229df9f9c45237864 /nfs/share/instances/gbd/cnf/07dd1f9bb66d375229df9f9c45237864-44-129166.cnf.xz
07dfdde9b1020080213803c0777a04bf /nfs/share/instances/gbd/cnf/07dfdde9b1020080213803c0777a04bf-55-133846.cnf.xz
07dfe40c43d9bd2f1c45bf06d490188b /nfs/share/instances/gbd/cnf/07dfe40c43d9bd2f1c45bf06d490188b-45-112903.cnf.xz
07dffb6f565305790eb6442b986f1c24 /nfs/share/instances/gbd/cnf/07dffb6f565305790eb6442b986f1c24-59-111953.cnf.xz
07e064dbe45135dd8b266eea0c0c9b6c /nfs/share/instances/gbd/cnf/07e064dbe45135dd8b266eea0c0c9b6c-x9-02040.sat.sanitized.cnf.xz
07e1e29969e7eddc13877d118187c68e /nfs/share/instances/gbd/cnf/07e1e29969e7eddc13877d118187c68e-unif-k3-r4.267-v11600-c49497-S1762043304096481101.cnf.xz
07e6413459f92b613498a719125b6239 /nfs/share/instances/gbd/cnf/07e6413459f92b613498a719125b6239-j3037_10_mdd_bm1.cnf.xz
07e851c74295f7ddf472820c0f0164e8 /nfs/share/instances/gbd/cnf/07e851c74295f7ddf472820c0f0164e8-x2_72.shuffled-as.sat03-1604.cnf.xz
07e94be3f47652c83090dbc7576c74d2 /nfs/share/instances/gbd/cnf/07e94be3f47652c83090dbc7576c74d2-md5__zeroOut_20__freeIn_24__seed_1.cnf.xz
07ea88806d406de24635fb1aa9e57389 /nfs/share/instances/gbd/cnf/07ea88806d406de24635fb1aa9e57389-unif-c4550-v700-s1378478026.cnf.xz
07eb075757e5ea1d04d3b7ce7b4d9724 /nfs/share/instances/gbd/cnf/07eb075757e5ea1d04d3b7ce7b4d9724-unif-k5-r20-v600-c12000-S883927618-10.cnf.xz
07ec99f550accd7c9f4cd1bccc8692a1 /nfs/share/instances/gbd/cnf/07ec99f550accd7c9f4cd1bccc8692a1-sha1__zeroOut_21__freeIn_25__seed_1.cnf.xz
07ed900724afdd89963eb73ca7b9634f /nfs/share/instances/gbd/cnf/07ed900724afdd89963eb73ca7b9634f-unif-k7-r66.0-v50000-c3300000-S2919446241863213144.cnf.xz
07ef18df9dba70fdd92316b51caf7634 /nfs/share/instances/gbd/cnf/07ef18df9dba70fdd92316b51caf7634-hidden-k3-s1-r5-n550-03-S420099363.shuffled-as.sat03-1012.cnf.xz
07f29d4de0b77c6ef5b0a4d1868bb017 /nfs/share/instances/gbd/cnf/07f29d4de0b77c6ef5b0a4d1868bb017-fdmus_b17_1421.cnf.xz
07f5f3ca046261c3819c5c888ac837e5 /nfs/share/instances/gbd/cnf/07f5f3ca046261c3819c5c888ac837e5-mod2c-rand3bip-unsat-105-3.shuffled-as.sat05-2325.cnf.xz
07fa3fcdf3bfea7d119e5b27c26bb189 /nfs/share/instances/gbd/cnf/07fa3fcdf3bfea7d119e5b27c26bb189-41-82333.cnf.xz
07fc0470c550aa7f7290a9442a3e2a83 /nfs/share/instances/gbd/cnf/07fc0470c550aa7f7290a9442a3e2a83-58-134466.cnf.xz
07fc8dc21a3cac260e41353969025eb5 /nfs/share/instances/gbd/cnf/07fc8dc21a3cac260e41353969025eb5-bench_1264.smt2.cnf.xz
0802ae5412e1596c92a036b52792eef7 /nfs/share/instances/gbd/cnf/0802ae5412e1596c92a036b52792eef7-ITC2021_Late_13.xml.cnf.xz
08032add3cca8760e3397cbeaf30fb84 /nfs/share/instances/gbd/cnf/08032add3cca8760e3397cbeaf30fb84-54-118853.cnf.xz
08063f5baf6655656a300c946aaaca60 /nfs/share/instances/gbd/cnf/08063f5baf6655656a300c946aaaca60-gt-ordering-unsat-gt-045.sat05-1310.reshuffled-07.cnf.xz
080896c437245ac25eb6d3ad6df12c4f /nfs/share/instances/gbd/cnf/080896c437245ac25eb6d3ad6df12c4f-bv-term-small-rw_1492.smt2.cnf.xz
08099b9ad4ef3dbaa6cb53d8f04a9a5e /nfs/share/instances/gbd/cnf/08099b9ad4ef3dbaa6cb53d8f04a9a5e-unif-k5-r20.155-v1420-c28620-S5169613467602269026.cnf.xz
080f5cf5606bfb7ebb93501b8e8a10fd /nfs/share/instances/gbd/cnf/080f5cf5606bfb7ebb93501b8e8a10fd-unif-k3-r4.26-v450-c1917-S116041094-082.UNKNOWN.cnf.xz
0810eb03d022334fdd1d5a6ad4969d47 /nfs/share/instances/gbd/cnf/0810eb03d022334fdd1d5a6ad4969d47-gss-18-s100.cnf.xz
0811f761eee5e4ef28196fd98884a67b /nfs/share/instances/gbd/cnf/0811f761eee5e4ef28196fd98884a67b-multiplier_13bits__miter_15.cnf.xz
081ed301081776dc61bdcab61b720bd1 /nfs/share/instances/gbd/cnf/081ed301081776dc61bdcab61b720bd1-satch2ways11.cnf.xz
081eeeb1adf1c1a6c008468703328211 /nfs/share/instances/gbd/cnf/081eeeb1adf1c1a6c008468703328211-60-128377.cnf.xz
081f111af59344b61346367a930e24f6 /nfs/share/instances/gbd/cnf/081f111af59344b61346367a930e24f6-Break_triple_04_06.xml.cnf.xz
081f1d6563c9f40da1854ee2848491df /nfs/share/instances/gbd/cnf/081f1d6563c9f40da1854ee2848491df-hgen2-v650-s1613554374.cnf.xz
0823bc5f954c6366702877556f0d3680 /nfs/share/instances/gbd/cnf/0823bc5f954c6366702877556f0d3680-linked_list_swap_contents_safety_unwind66.cnf.xz
0825876c0167b72f69077b744b5c167f /nfs/share/instances/gbd/cnf/0825876c0167b72f69077b744b5c167f-51-116078.cnf.xz
082c9fdbce838d9b18260fa5c4de2f5c /nfs/share/instances/gbd/cnf/082c9fdbce838d9b18260fa5c4de2f5c-56-138104.cnf.xz
082f609e8e33aabc115e355976bc02a8 /nfs/share/instances/gbd/cnf/082f609e8e33aabc115e355976bc02a8-49-114253.cnf.xz
08300e286c3380f7e7291ca6a534c97b /nfs/share/instances/gbd/cnf/08300e286c3380f7e7291ca6a534c97b-comb3.shuffled.cnf.xz
083030713683d8ab8e1d54372f241863 /nfs/share/instances/gbd/cnf/083030713683d8ab8e1d54372f241863-Kakuro-easy-089-ext.xml.hg_4.cnf.xz
083073b7820982b0bd5e9ff7de0b317d /nfs/share/instances/gbd/cnf/083073b7820982b0bd5e9ff7de0b317d-42-113042.cnf.xz
0831000a5a9727aa5fa3332df10cdb57 /nfs/share/instances/gbd/cnf/0831000a5a9727aa5fa3332df10cdb57-edn_20403_12.cnf_0.08000000.unsat.cnf.xz
0832446f790662899f2275ccef2e09fd /nfs/share/instances/gbd/cnf/0832446f790662899f2275ccef2e09fd-md5__zeroOut_19__freeIn_23__seed_2.cnf.xz
0833521b118f61bdf8198940a6fba69a /nfs/share/instances/gbd/cnf/0833521b118f61bdf8198940a6fba69a-x9-06000.sat.sanitized.cnf.xz
08365e3605c71b5363d5da9dbd92dc8d /nfs/share/instances/gbd/cnf/08365e3605c71b5363d5da9dbd92dc8d-46-107837.cnf.xz
0839f339c62831cc05032b3a63a98385 /nfs/share/instances/gbd/cnf/0839f339c62831cc05032b3a63a98385-unif-p12-k3-r4.267-v6000-c25602-S8152045982034422163.cnf.xz
083f5595bbec3402643615940b179ef2 /nfs/share/instances/gbd/cnf/083f5595bbec3402643615940b179ef2-54-138912.cnf.xz
083ff60b002cd12c03837d3f5122844f /nfs/share/instances/gbd/cnf/083ff60b002cd12c03837d3f5122844f-53-40800.cnf.xz
0842ae941be93eb229e7cdc000445ff6 /nfs/share/instances/gbd/cnf/0842ae941be93eb229e7cdc000445ff6-unif-k3-r4.223-v27200-c114866-S3408862422708133378.cnf.xz
0842eb01dc00232edc0b26ccb2f19f25 /nfs/share/instances/gbd/cnf/0842eb01dc00232edc0b26ccb2f19f25-6-4-6-sc2018.cnf.xz
0845065a19d24f0c11ecad0f117d89b1 /nfs/share/instances/gbd/cnf/0845065a19d24f0c11ecad0f117d89b1-unif-k3-r4.26-v600-c2556-S506401817-075.UNKNOWN.cnf.xz
08455b2e1e6fda910989f0481a20f1c3 /nfs/share/instances/gbd/cnf/08455b2e1e6fda910989f0481a20f1c3-hash_table_find_safety_size_13.cnf.xz
0845cac21beb56a1b208735eff6a31dd /nfs/share/instances/gbd/cnf/0845cac21beb56a1b208735eff6a31dd-42-124667.cnf.xz
08469bbccc41da0c124d69c61ce7dc58 /nfs/share/instances/gbd/cnf/08469bbccc41da0c124d69c61ce7dc58-barman-pfile07-027.sas.cr.37.cnf.xz
08491a497c1e003292d84347af51ad91 /nfs/share/instances/gbd/cnf/08491a497c1e003292d84347af51ad91-oisc-subrv-sll-nested-12.cnf.xz
084b88b00ad7460eca3e5fdb44cf5b42 /nfs/share/instances/gbd/cnf/084b88b00ad7460eca3e5fdb44cf5b42-unif-k6-r43.37-v68-c2949-S6642350490163433086.cnf.xz
084f6e6da7f9c5125d6f28a044b6225c /nfs/share/instances/gbd/cnf/084f6e6da7f9c5125d6f28a044b6225c-ccp-s8-facto3.cnf.xz
084f859b2fa74e16d609c654a6e5fb37 /nfs/share/instances/gbd/cnf/084f859b2fa74e16d609c654a6e5fb37-unif-k3-r4.25-v540-c2295-S1404929091-050.cnf.xz
0850db65220080c130d2f54005f9e2b3 /nfs/share/instances/gbd/cnf/0850db65220080c130d2f54005f9e2b3-dspam_dump_vc972.cnf.xz
08530caa5c9232f2ffc5163cf79b38e7 /nfs/share/instances/gbd/cnf/08530caa5c9232f2ffc5163cf79b38e7-satcoin-genesis-SAT-64.cnf.xz
0854ef1b4b1aab957712863ca3bb86ce /nfs/share/instances/gbd/cnf/0854ef1b4b1aab957712863ca3bb86ce-bench_9684.smt2.cnf.xz
0855033e761d91ae367e867c5a569f9e /nfs/share/instances/gbd/cnf/0855033e761d91ae367e867c5a569f9e-atco_enc1_opt2_10_15.cnf.xz
085792654d945c1de700245916f2c7f6 /nfs/share/instances/gbd/cnf/085792654d945c1de700245916f2c7f6-tseitingrid5x185_shuffled.cnf.xz
085b8ebc423dcbd70eceaa04229cf5cd /nfs/share/instances/gbd/cnf/085b8ebc423dcbd70eceaa04229cf5cd-summle_X111102_steps8_I1-2-2-4-4-8-25-100.cnf.xz
085ede801f42d9729807245a96cf71ab /nfs/share/instances/gbd/cnf/085ede801f42d9729807245a96cf71ab-51-15899.cnf.xz
0861f15a38e3614dcc2220a20ed1e96b /nfs/share/instances/gbd/cnf/0861f15a38e3614dcc2220a20ed1e96b-floodit_1_n42_k10.cnf.xz
086699aee5d37a1816b5afd81a1607dd /nfs/share/instances/gbd/cnf/086699aee5d37a1816b5afd81a1607dd-51-117190.cnf.xz
0872cb17a6fd5afd67a85a7ad72ebcd4 /nfs/share/instances/gbd/cnf/0872cb17a6fd5afd67a85a7ad72ebcd4-fdmus_b22_111.cnf.xz
08746660617e2a41bf03337d181e7719 /nfs/share/instances/gbd/cnf/08746660617e2a41bf03337d181e7719-bench_2054.smt2.cnf.xz
0876c518e5653369e20fb1ee0bb8db40 /nfs/share/instances/gbd/cnf/0876c518e5653369e20fb1ee0bb8db40-mp1-klieber2017s-0500-023-t12.cnf.xz
0877d9fd26eac8b48c93935689338acb /nfs/share/instances/gbd/cnf/0877d9fd26eac8b48c93935689338acb-unif-k7-r89-v60-c5340-S746386799-050.cnf.xz
087904d57553076d5b9a1607315314ac /nfs/share/instances/gbd/cnf/087904d57553076d5b9a1607315314ac-SAT_P_opt_snake_p01.pddl_24.cnf.xz
087b4eb050ff793dc58a3d8e67c78928 /nfs/share/instances/gbd/cnf/087b4eb050ff793dc58a3d8e67c78928-unif-k4-r9.425-v5800-c54665-S241219350872663448.cnf.xz
087c98d833ae9f5e94593f10f825143b /nfs/share/instances/gbd/cnf/087c98d833ae9f5e94593f10f825143b-51-76933.cnf.xz
087d747b5d4c1782d9bf4b8d12001441 /nfs/share/instances/gbd/cnf/087d747b5d4c1782d9bf4b8d12001441-50-118324.cnf.xz
088779a0af750f81050c3eff80b6a83e /nfs/share/instances/gbd/cnf/088779a0af750f81050c3eff80b6a83e-57-113095.cnf.xz
088b4f7d1968efe52c8609027b8ec908 /nfs/share/instances/gbd/cnf/088b4f7d1968efe52c8609027b8ec908-bench_3080.smt2.cnf.xz
088be8f2dd0eafbbf7c27171a83c325f /nfs/share/instances/gbd/cnf/088be8f2dd0eafbbf7c27171a83c325f-58-142205.cnf.xz
088c6214346611341f3b8386aad2a54d /nfs/share/instances/gbd/cnf/088c6214346611341f3b8386aad2a54d-42-133622.cnf.xz
088ffd086f2d5e55553d5e79aa30aaf5 /nfs/share/instances/gbd/cnf/088ffd086f2d5e55553d5e79aa30aaf5-4col280_9_9.shuffled.cnf.xz
089456508f74be2d96f4112cc495f80a /nfs/share/instances/gbd/cnf/089456508f74be2d96f4112cc495f80a-Eternity-10-06_c18.cnf.xz
089556ebc4280793795053996bae2349 /nfs/share/instances/gbd/cnf/089556ebc4280793795053996bae2349-fdmus_b22_742.cnf.xz
08976c104ef1a1efd7b95c7bbb3c3e23 /nfs/share/instances/gbd/cnf/08976c104ef1a1efd7b95c7bbb3c3e23-bench_8143.smt2.cnf.xz
08991fb6c7c45205df7f2bc2f51fb1d9 /nfs/share/instances/gbd/cnf/08991fb6c7c45205df7f2bc2f51fb1d9-bobsmdct_k500.cnf.xz
089a76488a6965710a5f3743902fd41a /nfs/share/instances/gbd/cnf/089a76488a6965710a5f3743902fd41a-51-116924.cnf.xz
089c0775c15f15ad5810c69bab91f31d /nfs/share/instances/gbd/cnf/089c0775c15f15ad5810c69bab91f31d-45-130845.cnf.xz
089ec06b35d6d5c89f2e47cf030aff36 /nfs/share/instances/gbd/cnf/089ec06b35d6d5c89f2e47cf030aff36-x9-12085.sat.sanitized.cnf.xz
089f909e37b3ef0c4d90687f7e22b68f /nfs/share/instances/gbd/cnf/089f909e37b3ef0c4d90687f7e22b68f-simon-r18-0.sanitized.cnf.xz
089fb3a9b41e13d30852e8b023e39ed7 /nfs/share/instances/gbd/cnf/089fb3a9b41e13d30852e8b023e39ed7-60-136299.cnf.xz
08a0b2a5c263a20e058fe1d98b079a13 /nfs/share/instances/gbd/cnf/08a0b2a5c263a20e058fe1d98b079a13-bench_12484.smt2.cnf.xz
08a25022c4136f2ceb36db62ce3503bb /nfs/share/instances/gbd/cnf/08a25022c4136f2ceb36db62ce3503bb-c6bi_i.cnf.xz
